time_s,SWITCH_v_pu,CAP_v_pu,output_fixed_1_pu
0,0,1,1
1e-05,0,1,1
2e-05,0,1,1
3e-05,0,1,1
4e-05,0,1,1
5e-05,0,1,1
6e-05,0,1,1
7e-05,0,1,1
8e-05,0,1,1
9e-05,0,1,1
0.0001,0,1,1
0.00011,0,1,1
0.00012,0,1,1
0.00013,0,1,1
0.00014,0,1,1
0.00015,0,1,1
0.00016,0,1,1
0.00017,0,1,1
0.00018,0,1,1
0.00019,0,1,1
0.0002,0,1,1
0.00021,0,1,1
0.00022,0,1,1
0.00023,0,1,1
0.00024,0,1,1
0.00025,0,1,1
0.00026,0,1,1
0.00027,0,1,1
0.00028,0,1,1
0.00029,0,1,1
0.0003,0,1,1
0.00031,0,1,1
0.00032,0,1,1
0.00033,0,1,1
0.00034,0,1,1
0.00035,0,1,1
0.00036,0,1,1
0.00037,0,1,1
0.00038,0,1,1
0.00039,0,1,1
0.0004,0,1,1
0.00041,0,1,1
0.00042,0,1,1
0.00043,0,1,1
0.00044,0,1,1
0.00045,0,1,1
0.00046,0,1,1
0.00047,0,1,1
0.00048,0,1,1
0.00049,0,1,1
0.0005,0,1,1
0.00051,0,1,1
0.00052,0.997425525487,0.997425525489,0.997425525489
0.00053,0.990300116943,0.990300116948,0.990300116948
0.00054,0.979246180178,0.979246180184,0.979246180184
0.00055,0.964320208069,0.964320208078,0.964320208078
0.00056,0.945593963578,0.945593963588,0.945593963588
0.00057,0.923154145272,0.923154145284,0.923154145284
0.00058,0.897101994317,0.897101994331,0.897101994331
0.00059,0.867552844687,0.867552844703,0.867552844703
0.0006,0.834635618562,0.834635618579,0.834635618579
0.00061,0.798492269111,0.79849226913,0.79849226913
0.00062,0.759277173042,0.759277173062,0.759277173062
0.00063,0.717156475493,0.717156475515,0.717156475515
0.00064,0.672307390054,0.672307390077,0.672307390077
0.00065,0.624917456817,0.624917456842,0.624917456842
0.00066,0.575183761582,0.575183761607,0.575183761607
0.00067,0.523312119431,0.523312119457,0.523312119457
0.00068,0.469516226059,0.469516226086,0.469516226086
0.00069,0.414016780331,0.414016780359,0.414016780359
0.0007,0.357040581673,0.357040581702,0.357040581702
0.00071,0.298819605969,0.298819605998,0.298819605998
0.00072,0.239590063716,0.239590063746,0.239590063746
0.00073,0.179591444262,0.179591444292,0.179591444292
0.00074,0.119065549969,0.119065549999,0.119065549999
0.00075,0.0582555242015,0.058255524232,0.058255524232
0.00076,-0.00259512297432,-0.00259512294392,-0.00259512294392
0.00077,-0.0632434874797,-0.0632434874494,-0.0632434874494
0.00078,-0.123448238427,-0.123448238397,-0.123448238397
0.00079,-0.182970575994,-0.182970575965,-0.182970575965
0.0008,-0.241575176186,-0.241575176157,-0.241575176157
0.00081,-0.299031118739,-0.29903111871,-0.29903111871
0.00082,-0.355112794537,-0.355112794509,-0.355112794509
0.00083,-0.409600788972,-0.409600788945,-0.409600788945
0.00084,-0.462282737806,-0.46228273778,-0.46228273778
0.00085,-0.512954152201,-0.512954152176,-0.512954152176
0.00086,-0.561419209731,-0.561419209707,-0.561419209707
0.00087,-0.60749150832,-0.607491508298,-0.607491508298
0.00088,-0.650994780219,-0.650994780198,-0.650994780198
0.00089,-0.691763563292,-0.691763563272,-0.691763563272
0.0009,-0.729643827087,-0.729643827069,-0.729643827069
0.00091,-0.764493551308,-0.764493551292,-0.764493551292
0.00092,-0.796183254556,-0.796183254541,-0.796183254541
0.00093,-0.824596471371,-0.824596471358,-0.824596471358
0.00094,-0.849630175842,-0.84963017583,-0.84963017583
0.00095,-0.871195150257,-0.871195150247,-0.871195150247
0.00096,-0.889216297508,-0.8892162975,-0.8892162975
0.00097,-0.903632896164,-0.903632896158,-0.903632896158
0.00098,-0.91439879739,-0.914398797386,-0.914398797386
0.00099,-0.921482563105,-0.921482563102,-0.921482563102
0.001,-0.92486754501,-0.924867545009,-0.924867545009
0.00101,-0.924551904362,-0.924551904363,-0.924551904363
0.00102,-0.920548572599,-0.920548572602,-0.920548572602
0.00103,-0.912885153162,-0.912885153167,-0.912885153167
0.00104,-0.901603765086,-0.901603765092,-0.901603765092
0.00105,-0.886760829177,-0.886760829185,-0.886760829185
0.00106,-0.868426797797,-0.868426797807,-0.868426797807
0.00107,-0.846685829529,-0.84668582954,-0.84668582954
0.00108,-0.82163541017,-0.821635410184,-0.821635410184
0.00109,-0.793385921766,-0.793385921781,-0.793385921781
0.0011,-0.762060161536,-0.762060161552,-0.762060161552
0.00111,-0.727792812794,-0.727792812812,-0.727792812812
0.00112,-0.690729870112,-0.690729870132,-0.690729870132
0.00113,-0.651028021169,-0.651028021189,-0.651028021189
0.00114,-0.608853987882,-0.608853987904,-0.608853987904
0.00115,-0.564383829593,-0.564383829615,-0.564383829615
0.00116,-0.517802211188,-0.517802211212,-0.517802211212
0.00117,-0.469301639202,-0.469301639226,-0.469301639226
0.00118,-0.419081669035,-0.41908166906,-0.41908166906
0.00119,-0.367348086558,-0.367348086584,-0.367348086584
0.0012,-0.314312067435,-0.314312067462,-0.314312067462
0.00121,-0.260189317597,-0.260189317625,-0.260189317625
0.00122,-0.205199198348,-0.205199198375,-0.205199198375
0.00123,-0.149563839648,-0.149563839676,-0.149563839676
0.00124,-0.093507245156,-0.0935072451841,-0.0935072451841
0.00125,-0.037254392602,-0.0372543926302,-0.0372543926302
0.00126,0.0189696668722,0.0189696668441,0.0189696668441
0.00127,0.0749407068346,0.0749407068068,0.0749407068068
0.00128,0.130436217558,0.13043621753,0.13043621753
0.00129,0.185236288352,0.185236288325,0.185236288325
0.0013,0.239124476744,0.239124476718,0.239124476718
0.00131,0.291888661084,0.291888661058,0.291888661058
0.00132,0.343321873212,0.343321873187,0.343321873187
0.00133,0.393223107951,0.393223107926,0.393223107926
0.00134,0.441398106246,0.441398106222,0.441398106222
0.00135,0.487660108924,0.487660108901,0.487660108901
0.00136,0.531830578152,0.53183057813,0.53183057813
0.00137,0.573739883816,0.573739883796,0.573739883796
0.00138,0.613227952205,0.613227952186,0.613227952186
0.00139,0.650144874507,0.650144874489,0.650144874489
0.0014,0.684351472846,0.68435147283,0.68435147283
0.00141,0.715719821714,0.715719821699,0.715719821699
0.00142,0.744133722859,0.744133722846,0.744133722846
0.00143,0.769489131898,0.769489131886,0.769489131886
0.00144,0.791694535085,0.791694535075,0.791694535075
0.00145,0.810671274905,0.810671274896,0.810671274896
0.00146,0.826353823339,0.826353823332,0.826353823332
0.00147,0.838690001892,0.838690001887,0.838690001887
0.00148,0.847641147666,0.847641147663,0.847641147663
0.00149,0.853182224981,0.853182224979,0.853182224979
0.0015,0.855301882279,0.855301882279,0.855301882279
0.00151,0.854002454252,0.854002454254,0.854002454254
0.00152,0.849299909363,0.849299909366,0.849299909366
0.00153,0.841223743126,0.841223743131,0.841223743131
0.00154,0.829816817773,0.82981681778,0.82981681778
0.00155,0.815135149079,0.815135149087,0.815135149087
0.00156,0.797247641388,0.797247641397,0.797247641397
0.00157,0.776235772058,0.776235772069,0.776235772069
0.00158,0.752193226731,0.752193226744,0.752193226744
0.00159,0.72522548705,0.725225487064,0.725225487064
0.0016,0.695449372612,0.695449372628,0.695449372628
0.00161,0.662992539132,0.662992539149,0.662992539149
0.00162,0.627992934959,0.627992934977,0.627992934977
0.00163,0.590598218233,0.590598218252,0.590598218252
0.00164,0.550965137154,0.550965137175,0.550965137175
0.00165,0.509258875931,0.509258875952,0.509258875952
0.00166,0.465652369134,0.465652369156,0.465652369156
0.00167,0.420325587295,0.420325587318,0.420325587318
0.00168,0.373464796688,0.373464796712,0.373464796712
0.00169,0.325261796322,0.325261796346,0.325261796346
0.0017,0.275913135268,0.275913135293,0.275913135293
0.00171,0.225619313511,0.225619313537,0.225619313537
0.00172,0.174583969546,0.174583969572,0.174583969572
0.00173,0.123013058025,0.123013058051,0.123013058051
0.00174,0.0711140207559,0.0711140207819,0.0711140207819
0.00175,0.0190949543767,0.0190949544027,0.0190949544027
0.00176,-0.0328362219503,-0.0328362219244,-0.0328362219244
0.00177,-0.0844725955156,-0.0844725954899,-0.0844725954899
0.00178,-0.135609082408,-0.135609082382,-0.135609082382
0.00179,-0.186043239969,-0.186043239944,-0.186043239944
0.0018,-0.235576066151,-0.235576066126,-0.235576066126
0.00181,-0.28401278262,-0.284012782596,-0.284012782596
0.00182,-0.331163598544,-0.33116359852,-0.33116359852
0.00183,-0.376844452069,-0.376844452047,-0.376844452047
0.00184,-0.420877726605,-0.420877726583,-0.420877726583
0.00185,-0.463092939128,-0.463092939108,-0.463092939108
0.00186,-0.503327397862,-0.503327397843,-0.503327397843
0.00187,-0.541426826795,-0.541426826776,-0.541426826776
0.00188,-0.577245954647,-0.577245954629,-0.577245954629
0.00189,-0.610649066062,-0.610649066045,-0.610649066045
0.0019,-0.641510512928,-0.641510512913,-0.641510512913
0.00191,-0.669715183925,-0.669715183912,-0.669715183912
0.00192,-0.69515893055,-0.695158930538,-0.695158930538
0.00193,-0.717748948059,-0.717748948048,-0.717748948048
0.00194,-0.737404109953,-0.737404109944,-0.737404109944
0.00195,-0.754055254813,-0.754055254805,-0.754055254805
0.00196,-0.767645424495,-0.767645424489,-0.767645424489
0.00197,-0.778130052887,-0.778130052883,-0.778130052883
0.00198,-0.785477104627,-0.785477104624,-0.785477104624
0.00199,-0.78966716339,-0.789667163389,-0.789667163389
0.002,-0.790693469556,-0.790693469556,-0.790693469556
0.00201,-0.788561907254,-0.788561907255,-0.788561907255
0.00202,-0.783290941009,-0.783290941012,-0.783290941012
0.00203,-0.774911502395,-0.7749115024,-0.7749115024
0.00204,-0.763466827301,-0.763466827307,-0.763466827307
0.00205,-0.749012244628,-0.749012244636,-0.749012244636
0.00206,-0.731614917398,-0.731614917407,-0.731614917407
0.00207,-0.711353537468,-0.711353537479,-0.711353537479
0.00208,-0.688317975213,-0.688317975225,-0.688317975225
0.00209,-0.662608885705,-0.662608885719,-0.662608885719
0.0021,-0.63433727312,-0.634337273135,-0.634337273135
0.00211,-0.60362401522,-0.603624015236,-0.603624015236
0.00212,-0.570599349941,-0.570599349958,-0.570599349958
0.00213,-0.535402326267,-0.535402326285,-0.535402326285
0.00214,-0.498180221667,-0.498180221686,-0.498180221686
0.00215,-0.459087928554,-0.459087928574,-0.459087928574
0.00216,-0.41828731229,-0.41828731231,-0.41828731231
0.00217,-0.375946543398,-0.375946543419,-0.375946543419
0.00218,-0.332239406725,-0.332239406747,-0.332239406747
0.00219,-0.287344590383,-0.287344590406,-0.287344590406
0.0022,-0.241444957375,-0.241444957398,-0.241444957398
0.00221,-0.194726802852,-0.194726802876,-0.194726802876
0.00222,-0.147379100031,-0.147379100055,-0.147379100055
0.00223,-0.0995927377986,-0.0995927378226,-0.0995927378226
0.00224,-0.0515597530789,-0.0515597531029,-0.0515597531029
0.00225,-0.0034725610436,-0.00347256106763,-0.00347256106763
0.00226,0.0444768137608,0.0444768137369,0.0444768137369
0.00227,0.092097502302,0.0920975022783,0.0920975022783
0.00228,0.139200548928,0.139200548904,0.139200548904
0.00229,0.185599659207,0.185599659184,0.185599659184
0.0023,0.231111934795,0.231111934773,0.231111934773
0.00231,0.275558592436,0.275558592414,0.275558592414
0.00232,0.318765664268,0.318765664247,0.318765664247
0.00233,0.360564676722,0.360564676702,0.360564676702
0.00234,0.400793305347,0.400793305328,0.400793305328
0.00235,0.439296003043,0.439296003025,0.439296003025
0.00236,0.475924599272,0.475924599254,0.475924599254
0.00237,0.510538867946,0.510538867929,0.510538867929
0.00238,0.54300706183,0.543007061814,0.543007061814
0.00239,0.573206411434,0.573206411419,0.573206411419
0.0024,0.601023586506,0.601023586492,0.601023586492
0.00241,0.626355118416,0.626355118404,0.626355118404
0.00242,0.64910778186,0.649107781849,0.649107781849
0.00243,0.669198934492,0.669198934483,0.669198934483
0.00244,0.686556813266,0.686556813258,0.686556813258
0.00245,0.701120786428,0.701120786421,0.701120786421
0.00246,0.712841560316,0.712841560311,0.712841560311
0.00247,0.721681340264,0.72168134026,0.72168134026
0.00248,0.72761394512,0.727613945118,0.727613945118
0.00249,0.730624875072,0.730624875071,0.730624875071
0.0025,0.730711332657,0.730711332658,0.730711332658
0.00251,0.727882197006,0.727882197008,0.727882197008
0.00252,0.722157951595,0.722157951598,0.722157951598
0.00253,0.713570565917,0.713570565922,0.713570565922
0.00254,0.702163331708,0.702163331714,0.702163331714
0.00255,0.687990654513,0.687990654521,0.687990654521
0.00256,0.67111780157,0.671117801579,0.671117801579
0.00257,0.651620607155,0.651620607165,0.651620607165
0.00258,0.629585136695,0.629585136706,0.629585136706
0.00259,0.605107311124,0.605107311137,0.605107311137
0.0026,0.578292493103,0.578292493117,0.578292493117
0.00261,0.549255036869,0.549255036884,0.549255036884
0.00262,0.518117803642,0.518117803658,0.518117803658
0.00263,0.485011644609,0.485011644626,0.485011644626
0.00264,0.450074853668,0.450074853685,0.450074853685
0.00265,0.413452592198,0.413452592216,0.413452592216
0.00266,0.375296288252,0.375296288271,0.375296288271
0.00267,0.335763012637,0.335763012657,0.335763012657
0.00268,0.29501483445,0.29501483447,0.29501483447
0.00269,0.253218158703,0.253218158725,0.253218158725
0.0027,0.210543048747,0.210543048769,0.210543048769
0.00271,0.167162536225,0.167162536247,0.167162536247
0.00272,0.123251921367,0.123251921389,0.123251921389
0.00273,0.0789880664402,0.0789880664624,0.0789880664624
0.00274,0.0345486851941,0.0345486852163,0.0345486852163
0.00275,-0.00988836885167,-0.00988836882948,-0.00988836882948
0.00276,-0.0541458124293,-0.0541458124073,-0.0541458124073
0.00277,-0.0980476380323,-0.0980476380104,-0.0980476380104
0.00278,-0.141419812109,-0.141419812087,-0.141419812087
0.00279,-0.184090963177,-0.184090963156,-0.184090963156
0.0028,-0.225893057151,-0.225893057131,-0.225893057131
0.00281,-0.266662057221,-0.266662057201,-0.266662057201
0.00282,-0.3062385657,-0.30623856568,-0.30623856568
0.00283,-0.344468445344,-0.344468445326,-0.344468445326
0.00284,-0.381203417723,-0.381203417705,-0.381203417705
0.00285,-0.416301636322,-0.416301636305,-0.416301636305
0.00286,-0.449628232188,-0.449628232172,-0.449628232172
0.00287,-0.481055830002,-0.481055829987,-0.481055829987
0.00288,-0.510465032638,-0.510465032623,-0.510465032623
0.00289,-0.537744872353,-0.53774487234,-0.53774487234
0.0029,-0.562793226934,-0.562793226922,-0.562793226922
0.00291,-0.58551719923,-0.585517199219,-0.585517199219
0.00292,-0.60583345869,-0.605833458681,-0.605833458681
0.00293,-0.623668543654,-0.623668543646,-0.623668543646
0.00294,-0.638959123314,-0.638959123307,-0.638959123307
0.00295,-0.651652218429,-0.651652218424,-0.651652218424
0.00296,-0.661705380054,-0.661705380049,-0.661705380049
0.00297,-0.669086825676,-0.669086825673,-0.669086825673
0.00298,-0.67377553238,-0.673775532379,-0.673775532379
0.00299,-0.675761286787,-0.675761286787,-0.675761286787
0.003,-0.675044691703,-0.675044691704,-0.675044691704
0.00301,-0.671637129605,-0.671637129608,-0.671637129608
0.00302,-0.665560683224,-0.665560683228,-0.665560683228
0.00303,-0.656848013693,-0.656848013698,-0.656848013698
0.00304,-0.645542196875,-0.645542196881,-0.645542196881
0.00305,-0.631696518651,-0.631696518659,-0.631696518659
0.00306,-0.615374230124,-0.615374230133,-0.615374230133
0.00307,-0.596648263835,-0.596648263845,-0.596648263845
0.00308,-0.575600912246,-0.575600912257,-0.575600912257
0.00309,-0.552323469897,-0.552323469909,-0.552323469909
0.0031,-0.526915840772,-0.526915840785,-0.526915840785
0.00311,-0.499486112561,-0.499486112576,-0.499486112576
0.00312,-0.470150099608,-0.470150099623,-0.470150099623
0.00313,-0.439030856473,-0.439030856489,-0.439030856489
0.00314,-0.406258164148,-0.406258164165,-0.406258164165
0.00315,-0.371967991055,-0.371967991072,-0.371967991072
0.00316,-0.336301931051,-0.336301931069,-0.336301931069
0.00317,-0.299406620773,-0.299406620792,-0.299406620792
0.00318,-0.261433138695,-0.261433138714,-0.261433138714
0.00319,-0.222536388357,-0.222536388376,-0.222536388376
0.0032,-0.182874468283,-0.182874468303,-0.182874468303
0.00321,-0.142608031141,-0.142608031161,-0.142608031161
0.00322,-0.101899634725,-0.101899634745,-0.101899634745
0.00323,-0.0609130873926,-0.0609130874131,-0.0609130874131
0.00324,-0.0198127905733,-0.0198127905939,-0.0198127905939
0.00325,0.0212369190153,0.0212369189948,0.0212369189948
0.00326,0.0620724248176,0.0620724247973,0.0620724247973
0.00327,0.10253148095,0.10253148093,0.10253148093
0.00328,0.142453855191,0.142453855171,0.142453855171
0.00329,0.181681961906,0.181681961887,0.181681961887
0.0033,0.220061482424,0.220061482405,0.220061482405
0.00331,0.257441970416,0.257441970397,0.257441970397
0.00332,0.293677439915,0.293677439897,0.293677439897
0.00333,0.328626933694,0.328626933677,0.328626933677
0.00334,0.362155069778,0.362155069762,0.362155069762
0.00335,0.394132563992,0.394132563977,0.394132563977
0.00336,0.424436726538,0.424436726524,0.424436726524
0.00337,0.452951930686,0.452951930673,0.452951930673
0.00338,0.479570051817,0.479570051804,0.479570051804
0.00339,0.504190875142,0.50419087513,0.50419087513
0.0034,0.526722470584,0.526722470573,0.526722470573
0.00341,0.547081533418,0.547081533408,0.547081533408
0.00342,0.565193689429,0.565193689421,0.565193689421
0.00343,0.580993763475,0.580993763468,0.580993763468
0.00344,0.594426010501,0.594426010495,0.594426010495
0.00345,0.605444308199,0.605444308194,0.605444308194
0.00346,0.614012310679,0.614012310675,0.614012310675
0.00347,0.620103562632,0.62010356263,0.62010356263
0.00348,0.623701573693,0.623701573692,0.623701573692
0.00349,0.624799852795,0.624799852795,0.624799852795
0.0035,0.62340190253,0.623401902532,0.623401902532
0.00351,0.619521173658,0.61952117366,0.61952117366
0.00352,0.613180980055,0.613180980059,0.613180980059
0.00353,0.604414374599,0.604414374604,0.604414374604
0.00354,0.593263986575,0.593263986581,0.593263986581
0.00355,0.579781821393,0.5797818214,0.5797818214
0.00356,0.564029023529,0.564029023538,0.564029023538
0.00357,0.546075603753,0.546075603762,0.546075603762
0.00358,0.526000131837,0.526000131848,0.526000131848
0.00359,0.503889396095,0.503889396107,0.503889396107
0.0036,0.479838031197,0.479838031209,0.479838031209
0.00361,0.453948115858,0.453948115872,0.453948115872
0.00362,0.426328742097,0.426328742112,0.426328742112
0.00363,0.397095557869,0.397095557884,0.397095557884
0.00364,0.366370284985,0.366370285001,0.366370285001
0.00365,0.334280214327,0.334280214343,0.334280214343
0.00366,0.300957680421,0.300957680438,0.300957680438
0.00367,0.266539517562,0.266539517579,0.266539517579
0.00368,0.231166499687,0.231166499705,0.231166499705
0.00369,0.194982766307,0.194982766325,0.194982766325
0.0037,0.158135236813,0.158135236832,0.158135236832
0.00371,0.120773015552,0.120773015571,0.120773015571
0.00372,0.0830467900424,0.0830467900613,0.0830467900613
0.00373,0.0451082247917,0.0451082248107,0.0451082248107
0.00374,0.00710935311338,0.00710935313237,0.00710935313237
0.00375,-0.0307980306018,-0.0307980305829,-0.0307980305829
0.00376,-0.0684629757475,-0.0684629757287,-0.0684629757287
0.00377,-0.105735975088,-0.105735975069,-0.105735975069
0.00378,-0.142469556694,-0.142469556676,-0.142469556676
0.00379,-0.178518865896,-0.178518865878,-0.178518865878
0.0038,-0.21374223495,-0.213742234932,-0.213742234932
0.00381,-0.248001738203,-0.248001738186,-0.248001738186
0.00382,-0.28116373057,-0.281163730553,-0.281163730553
0.00383,-0.313099367237,-0.313099367221,-0.313099367221
0.00384,-0.343685102574,-0.343685102559,-0.343685102559
0.00385,-0.372803166328,-0.372803166314,-0.372803166314
0.00386,-0.400342015281,-0.400342015268,-0.400342015268
0.00387,-0.426196758626,-0.426196758614,-0.426196758614
0.00388,-0.450269555474,-0.450269555462,-0.450269555462
0.00389,-0.47246998297,-0.472469982959,-0.472469982959
0.0039,-0.492715373659,-0.492715373649,-0.492715373649
0.00391,-0.51093112084,-0.510931120831,-0.510931120831
0.00392,-0.527050950802,-0.527050950795,-0.527050950795
0.00393,-0.541017160956,-0.54101716095,-0.54101716095
0.00394,-0.55278082301,-0.552780823005,-0.552780823005
0.00395,-0.562301950511,-0.562301950506,-0.562301950506
0.00396,-0.569549630168,-0.569549630165,-0.569549630165
0.00397,-0.574502116577,-0.574502116575,-0.574502116575
0.00398,-0.577146890056,-0.577146890056,-0.577146890056
0.00399,-0.577480677501,-0.577480677501,-0.577480677501
0.004,-0.575509436274,-0.575509436276,-0.575509436276
0.00401,-0.571248301328,-0.571248301331,-0.571248301331
0.00402,-0.56472149587,-0.564721495874,-0.564721495874
0.00403,-0.555962206057,-0.555962206062,-0.555962206062
0.00404,-0.54501242032,-0.545012420326,-0.545012420326
0.00405,-0.531922734082,-0.531922734089,-0.531922734089
0.00406,-0.516752120745,-0.516752120753,-0.516752120753
0.00407,-0.499567669988,-0.499567669997,-0.499567669997
0.00408,-0.480444294488,-0.480444294498,-0.480444294498
0.00409,-0.459464406377,-0.459464406388,-0.459464406388
0.0041,-0.43671756478,-0.436717564792,-0.436717564792
0.00411,-0.412300095965,-0.412300095977,-0.412300095977
0.00412,-0.386314687679,-0.386314687692,-0.386314687692
0.00413,-0.358869959394,-0.358869959408,-0.358869959408
0.00414,-0.330080010241,-0.330080010256,-0.330080010256
0.00415,-0.300063946497,-0.300063946512,-0.300063946512
0.00416,-0.268945390601,-0.268945390616,-0.268945390616
0.00417,-0.236851973688,-0.236851973704,-0.236851973704
0.00418,-0.20391481374,-0.203914813756,-0.203914813756
0.00419,-0.17026798146,-0.170267981477,-0.170267981477
0.0042,-0.136047956062,-0.136047956079,-0.136047956079
0.00421,-0.10139307316,-0.101393073178,-0.101393073178
0.00422,-0.0664429669973,-0.0664429670149,-0.0664429670149
0.00423,-0.0313380092485,-0.031338009266,-0.031338009266
0.00424,0.0037812533457,0.00378125332815,0.00378125332815
0.00425,0.0387746602705,0.038774660253,0.038774660253
0.00426,0.0735029952178,0.0735029952006,0.0735029952006
0.00427,0.10782853854,0.107828538523,0.107828538523
0.00428,0.141615611988,0.141615611972,0.141615611972
0.00429,0.174731113592,0.174731113576,0.174731113576
0.0043,0.207045040568,0.207045040552,0.207045040552
0.00431,0.238430998219,0.238430998204,0.238430998204
0.00432,0.26876669283,0.268766692815,0.268766692815
0.00433,0.297934406649,0.297934406635,0.297934406635
0.00434,0.325821453112,0.325821453099,0.325821453099
0.00435,0.352320610562,0.352320610549,0.352320610549
0.00436,0.377330532793,0.377330532781,0.377330532781
0.00437,0.400756134859,0.400756134848,0.400756134848
0.00438,0.422508952688,0.422508952677,0.422508952677
0.00439,0.442507475141,0.442507475131,0.442507475131
0.0044,0.460677447291,0.460677447282,0.460677447282
0.00441,0.476952143789,0.476952143782,0.476952143782
0.00442,0.49127261133,0.491272611323,0.491272611323
0.00443,0.503587879342,0.503587879337,0.503587879337
0.00444,0.513855138173,0.513855138168,0.513855138168
0.00445,0.522039884138,0.522039884134,0.522039884134
0.00446,0.528116030989,0.528116030986,0.528116030986
0.00447,0.532065987439,0.532065987437,0.532065987437
0.00448,0.533880700551,0.53388070055,0.53388070055
0.00449,0.533559664926,0.533559664927,0.533559664927
0.0045,0.531110897763,0.531110897765,0.531110897765
0.00451,0.526550879986,0.526550879989,0.526550879989
0.00452,0.5199044638,0.519904463804,0.519904463804
0.00453,0.511204747129,0.511204747134,0.511204747134
0.00454,0.500492915563,0.500492915568,0.500492915568
0.00455,0.487818052525,0.487818052532,0.487818052532
0.00456,0.473236918538,0.473236918546,0.473236918546
0.00457,0.456813700548,0.456813700557,0.456813700557
0.00458,0.438619732415,0.438619732424,0.438619732424
0.00459,0.418733187771,0.418733187782,0.418733187782
0.0046,0.397238746559,0.39723874657,0.39723874657
0.00461,0.374227236657,0.374227236669,0.374227236669
0.00462,0.34979525212,0.349795252132,0.349795252132
0.00463,0.324044749603,0.324044749616,0.324044749616
0.00464,0.297082624675,0.297082624688,0.297082624688
0.00465,0.269020269758,0.269020269772,0.269020269772
0.00466,0.239973115523,0.239973115537,0.239973115537
0.00467,0.210060157614,0.210060157629,0.210060157629
0.00468,0.179403470653,0.179403470669,0.179403470669
0.00469,0.148127711482,0.148127711498,0.148127711498
0.0047,0.116359613678,0.116359613694,0.116359613694
0.00471,0.0842274753717,0.0842274753879,0.0842274753879
0.00472,0.051860642442,0.0518606424583,0.0518606424583
0.00473,0.0193889891603,0.0193889891766,0.0193889891766
0.00474,-0.0130576016364,-0.0130576016202,-0.0130576016202
0.00475,-0.0453497567662,-0.0453497567501,-0.0453497567501
0.00476,-0.0773591272551,-0.0773591272392,-0.0773591272392
0.00477,-0.108958897181,-0.108958897165,-0.108958897165
0.00478,-0.140024284795,-0.14002428478,-0.14002428478
0.00479,-0.17043303395,-0.170433033935,-0.170433033935
0.0048,-0.200065893897,-0.200065893882,-0.200065893882
0.00481,-0.228807085583,-0.228807085569,-0.228807085569
0.00482,-0.256544752624,-0.256544752611,-0.256544752611
0.00483,-0.283171395208,-0.283171395195,-0.283171395195
0.00484,-0.308584285241,-0.308584285228,-0.308584285228
0.00485,-0.332685861157,-0.332685861146,-0.332685861146
0.00486,-0.355384100863,-0.355384100852,-0.355384100852
0.00487,-0.376592871402,-0.376592871392,-0.376592871392
0.00488,-0.396232254031,-0.396232254021,-0.396232254021
0.00489,-0.414228843466,-0.414228843457,-0.414228843457
0.0049,-0.430516020207,-0.430516020199,-0.430516020199
0.00491,-0.445034194926,-0.445034194919,-0.445034194919
0.00492,-0.457731024037,-0.457731024031,-0.457731024031
0.00493,-0.468561595676,-0.468561595672,-0.468561595672
0.00494,-0.477488585449,-0.477488585445,-0.477488585445
0.00495,-0.484482381407,-0.484482381404,-0.484482381404
0.00496,-0.489521177873,-0.489521177871,-0.489521177871
0.00497,-0.492591037808,-0.492591037807,-0.492591037807
0.00498,-0.493685923606,-0.493685923606,-0.493685923606
0.00499,-0.492807696259,-0.49280769626,-0.49280769626
0.005,-0.489966083026,-0.489966083028,-0.489966083028
0.00501,-0.485178613808,-0.485178613811,-0.485178613811
0.00502,-0.478470526602,-0.478470526606,-0.478470526606
0.00503,-0.469874642494,-0.469874642499,-0.469874642499
0.00504,-0.459431210798,-0.459431210804,-0.459431210804
0.00505,-0.447187725042,-0.447187725048,-0.447187725048
0.00506,-0.433198710632,-0.43319871064,-0.43319871064
0.00507,-0.417525485138,-0.417525485146,-0.417525485146
0.00508,-0.400235892227,-0.400235892236,-0.400235892236
0.00509,-0.381404010406,-0.381404010416,-0.381404010416
0.0051,-0.361109837803,-0.361109837813,-0.361109837813
0.00511,-0.33943895433,-0.339438954341,-0.339438954341
0.00512,-0.316482162636,-0.316482162648,-0.316482162648
0.00513,-0.292335109364,-0.292335109376,-0.292335109376
0.00514,-0.267097888262,-0.267097888275,-0.267097888275
0.00515,-0.240874626823,-0.240874626836,-0.240874626836
0.00516,-0.213773058114,-0.213773058128,-0.213773058128
0.00517,-0.185904079589,-0.185904079603,-0.185904079603
0.00518,-0.157381300656,-0.15738130067,-0.15738130067
0.00519,-0.128320580855,-0.12832058087,-0.12832058087
0.0052,-0.0988395605213,-0.0988395605362,-0.0988395605362
0.00521,-0.0690571858114,-0.0690571858263,-0.0690571858263
0.00522,-0.0390932300297,-0.0390932300448,-0.0390932300448
0.00523,-0.00906781315827,-0.00906781317328,-0.00906781317328
0.00524,0.0208990784799,0.020899078465,0.020899078465
0.00525,0.0506880705086,0.0506880704938,0.0506880704938
0.00526,0.0801808748365,0.0801808748218,0.0801808748218
0.00527,0.109260758165,0.109260758151,0.109260758151
0.00528,0.137813002816,0.137813002802,0.137813002802
0.00529,0.165725358063,0.16572535805,0.16572535805
0.0053,0.192888480198,0.192888480185,0.192888480185
0.00531,0.219196359609,0.219196359596,0.219196359596
0.00532,0.244546733215,0.244546733202,0.244546733202
0.00533,0.268841480643,0.268841480631,0.268841480631
0.00534,0.291987002636,0.291987002625,0.291987002625
0.00535,0.313894580228,0.313894580218,0.313894580218
0.00536,0.334480713307,0.334480713297,0.334480713297
0.00537,0.353667437301,0.353667437292,0.353667437292
0.00538,0.371382616769,0.371382616761,0.371382616761
0.00539,0.387560214819,0.387560214812,0.387560214812
0.0054,0.402140537336,0.402140537329,0.402140537329
0.00541,0.415070451141,0.415070451135,0.415070451135
0.00542,0.426303575279,0.426303575273,0.426303575273
0.00543,0.435800444772,0.435800444768,0.435800444768
0.00544,0.443528646258,0.443528646255,0.443528646255
0.00545,0.449462925068,0.449462925065,0.449462925065
0.00546,0.453585263403,0.453585263402,0.453585263402
0.00547,0.455884929401,0.4558849294,0.4558849294
0.00548,0.456358496966,0.456358496966,0.456358496966
0.00549,0.455009836398,0.455009836399,0.455009836399
0.0055,0.451850075936,0.451850075938,0.451850075938
0.00551,0.446897534471,0.446897534474,0.446897534474
0.00552,0.440177625775,0.440177625779,0.440177625779
0.00553,0.43172273473,0.431722734735,0.431722734735
0.00554,0.421572066137,0.421572066143,0.421572066143
0.00555,0.40977146679,0.409771466796,0.409771466796
0.00556,0.396373221606,0.396373221613,0.396373221613
0.00557,0.381435824725,0.381435824733,0.381435824733
0.00558,0.365023726546,0.365023726554,0.365023726554
0.00559,0.347207057803,0.347207057812,0.347207057812
0.0056,0.328061331851,0.32806133186,0.32806133186
0.00561,0.307667126408,0.307667126419,0.307667126419
0.00562,0.286109746107,0.286109746118,0.286109746118
0.00563,0.26347886724,0.263478867252,0.263478867252
0.00564,0.239868166192,0.239868166204,0.239868166204
0.00565,0.215374933081,0.215374933093,0.215374933093
0.00566,0.190099672204,0.190099672216,0.190099672216
0.00567,0.164145690914,0.164145690927,0.164145690927
0.00568,0.137618678615,0.137618678629,0.137618678629
0.00569,0.110626277582,0.110626277595,0.110626277595
0.0057,0.0832776473331,0.0832776473468,0.0832776473468
0.00571,0.0556830243391,0.0556830243529,0.0556830243529
0.00572,0.0279532788102,0.0279532788241,0.0279532788241
0.00573,0.000199470360366,0.000199470374235,0.000199470374235
0.00574,-0.0274675956859,-0.0274675956721,-0.0274675956721
0.00575,-0.0549378095709,-0.0549378095572,-0.0549378095572
0.00576,-0.0821021942157,-0.0821021942022,-0.0821021942022
0.00577,-0.108853336433,-0.10885333642,-0.10885333642
0.00578,-0.135085810542,-0.135085810529,-0.135085810529
0.00579,-0.160696592715,-0.160696592702,-0.160696592702
0.0058,-0.185585464438,-0.185585464426,-0.185585464426
0.00581,-0.209655403504,-0.209655403492,-0.209655403492
0.00582,-0.23281296102,-0.232812961009,-0.232812961009
0.00583,-0.254968622971,-0.25496862296,-0.25496862296
0.00584,-0.276037154942,-0.276037154932,-0.276037154932
0.00585,-0.295937928682,-0.295937928672,-0.295937928672
0.00586,-0.314595229256,-0.314595229247,-0.314595229247
0.00587,-0.331938541628,-0.33193854162,-0.33193854162
0.00588,-0.347902815597,-0.347902815589,-0.347902815589
0.00589,-0.362428708087,-0.36242870808,-0.36242870808
0.0059,-0.37546280191,-0.375462801904,-0.375462801904
0.00591,-0.386957800195,-0.386957800189,-0.386957800189
0.00592,-0.396872695779,-0.396872695775,-0.396872695775
0.00593,-0.405172914984,-0.40517291498,-0.40517291498
0.00594,-0.411830435253,-0.41183043525,-0.41183043525
0.00595,-0.416823876298,-0.416823876296,-0.416823876296
0.00596,-0.420138564445,-0.420138564444,-0.420138564444
0.00597,-0.421766570027,-0.421766570027,-0.421766570027
0.00598,-0.421706717749,-0.42170671775,-0.42170671775
0.00599,-0.419964570073,-0.419964570075,-0.419964570075
0.006,-0.416552383774,-0.416552383776,-0.416552383776
0.00601,-0.411489039923,-0.411489039926,-0.411489039926
0.00602,-0.404799947667,-0.404799947671,-0.404799947671
0.00603,-0.396516922262,-0.396516922266,-0.396516922266
0.00604,-0.386678037932,-0.386678037937,-0.386678037937
0.00605,-0.375327456226,-0.375327456232,-0.375327456232
0.00606,-0.362515230626,-0.362515230633,-0.362515230633
0.00607,-0.348297088264,-0.348297088271,-0.348297088271
0.00608,-0.33273418969,-0.332734189698,-0.332734189698
0.00609,-0.315892867727,-0.315892867735,-0.315892867735
0.0061,-0.297844346505,-0.297844346514,-0.297844346514
0.00611,-0.278664441872,-0.278664441882,-0.278664441882
0.00612,-0.258433244428,-0.258433244438,-0.258433244438
0.00613,-0.237234786504,-0.237234786515,-0.237234786515
0.00614,-0.215156694467,-0.215156694478,-0.215156694478
0.00615,-0.192289827779,-0.192289827791,-0.192289827791
0.00616,-0.168727906299,-0.168727906311,-0.168727906311
0.00617,-0.144567127345,-0.144567127357,-0.144567127357
0.00618,-0.119905774084,-0.119905774096,-0.119905774096
0.00619,-0.0948438168273,-0.0948438168399,-0.0948438168399
0.0062,-0.0694825088643,-0.0694825088771,-0.0694825088771
0.00621,-0.0439239784397,-0.0439239784526,-0.0439239784526
0.00622,-0.018270818535,-0.0182708185479,-0.0182708185479
0.00623,0.00737432391314,0.00737432390033,0.00737432390033
0.00624,0.0329091577139,0.0329091577012,0.0329091577012
0.00625,0.0582321544114,0.0582321543988,0.0582321543988
0.00626,0.0832429509475,0.0832429509351,0.0832429509351
0.00627,0.107842746405,0.107842746392,0.107842746392
0.00628,0.131934691265,0.131934691253,0.131934691253
0.00629,0.155424267655,0.155424267644,0.155424267644
0.0063,0.178219659093,0.178219659082,0.178219659082
0.00631,0.200232108285,0.200232108274,0.200232108274
0.00632,0.221376261592,0.221376261581,0.221376261581
0.00633,0.241570498831,0.241570498821,0.241570498821
0.00634,0.260737247141,0.260737247132,0.260737247132
0.00635,0.278803277706,0.278803277697,0.278803277697
0.00636,0.295699984218,0.295699984209,0.295699984209
0.00637,0.311363642013,0.311363642005,0.311363642005
0.00638,0.325735646919,0.325735646913,0.325735646913
0.00639,0.33876273292,0.338762732913,0.338762732913
0.0064,0.350397167827,0.350397167821,0.350397167821
0.00641,0.360596926269,0.360596926264,0.360596926264
0.00642,0.369325839359,0.369325839355,0.369325839355
0.00643,0.376553720525,0.376553720522,0.376553720522
0.00644,0.382256467075,0.382256467072,0.382256467072
0.00645,0.386416137173,0.386416137172,0.386416137172
0.00646,0.38902100199,0.389021001989,0.389021001989
0.00647,0.390065572899,0.390065572899,0.390065572899
0.00648,0.389550603692,0.389550603693,0.389550603693
0.00649,0.387483067887,0.387483067888,0.387483067888
0.0065,0.383876111281,0.383876111283,0.383876111283
0.00651,0.378748980042,0.378748980045,0.378748980045
0.00652,0.372126924676,0.372126924679,0.372126924679
0.00653,0.364041080347,0.364041080351,0.364041080351
0.00654,0.3545283241,0.354528324105,0.354528324105
0.00655,0.343631109618,0.343631109624,0.343631109624
0.00656,0.331397280259,0.331397280265,0.331397280265
0.00657,0.31787986117,0.317879861177,0.317879861177
0.00658,0.303136831394,0.303136831402,0.303136831402
0.00659,0.287230876926,0.287230876934,0.287230876934
0.0066,0.270229125763,0.270229125772,0.270229125772
0.00661,0.252202866078,0.252202866087,0.252202866087
0.00662,0.233227248677,0.233227248687,0.233227248687
0.00663,0.213380974988,0.213380974998,0.213380974998
0.00664,0.192745971867,0.192745971877,0.192745971877
0.00665,0.171407054557,0.171407054568,0.171407054568
0.00666,0.149451579198,0.149451579209,0.149451579209
0.00667,0.12696908628,0.126969086291,0.126969086291
0.00668,0.104050936516,0.104050936527,0.104050936527
0.00669,0.0807899406018,0.0807899406135,0.0807899406135
0.0067,0.057279984352,0.0572799843638,0.0572799843638
0.00671,0.0336156507335,0.0336156507453,0.0336156507453
0.00672,0.00989184030932,0.00989184032118,0.00989184032118
0.00673,-0.0137966083886,-0.0137966083767,-0.0137966083767
0.00674,-0.0373552970409,-0.0373552970292,-0.0373552970292
0.00675,-0.0606906427741,-0.0606906427625,-0.0606906427625
0.00676,-0.0837102489555,-0.0837102489441,-0.0837102489441
0.00677,-0.106323270087,-0.106323270076,-0.106323270076
0.00678,-0.128440769361,-0.12844076935,-0.12844076935
0.00679,-0.149976067468,-0.149976067457,-0.149976067457
0.0068,-0.170845081303,-0.170845081293,-0.170845081293
0.00681,-0.190966651243,-0.190966651234,-0.190966651234
0.00682,-0.210262855731,-0.210262855722,-0.210262855722
0.00683,-0.228659311942,-0.228659311933,-0.228659311933
0.00684,-0.24608546139,-0.246085461382,-0.246085461382
0.00685,-0.262474839373,-0.262474839366,-0.262474839366
0.00686,-0.277765327234,-0.277765327227,-0.277765327227
0.00687,-0.291899386488,-0.291899386482,-0.291899386482
0.00688,-0.304824273939,-0.304824273933,-0.304824273933
0.00689,-0.316492236982,-0.316492236976,-0.316492236976
0.0069,-0.326860688383,-0.326860688378,-0.326860688378
0.00691,-0.335892359897,-0.335892359893,-0.335892359893
0.00692,-0.34355543418,-0.343555434176,-0.343555434176
0.00693,-0.349823654538,-0.349823654535,-0.349823654535
0.00694,-0.354676412145,-0.354676412143,-0.354676412143
0.00695,-0.358098810452,-0.358098810451,-0.358098810451
0.00696,-0.360081706603,-0.360081706602,-0.360081706602
0.00697,-0.360621729763,-0.360621729763,-0.360621729763
0.00698,-0.359721276364,-0.359721276365,-0.359721276365
0.00699,-0.357388482351,-0.357388482353,-0.357388482353
0.007,-0.35363717262,-0.353637172622,-0.353637172622
0.00701,-0.348486787916,-0.348486787919,-0.348486787919
0.00702,-0.34196228956,-0.341962289563,-0.341962289563
0.00703,-0.334094042445,-0.33409404245,-0.33409404245
0.00704,-0.32491767685,-0.324917676854,-0.324917676854
0.00705,-0.314473929672,-0.314473929677,-0.314473929677
0.00706,-0.302808465797,-0.302808465803,-0.302808465803
0.00707,-0.289971680366,-0.289971680373,-0.289971680373
0.00708,-0.276018482792,-0.276018482799,-0.276018482799
0.00709,-0.261008063448,-0.261008063456,-0.261008063456
0.0071,-0.245003644019,-0.245003644027,-0.245003644027
0.00711,-0.228072212543,-0.228072212551,-0.228072212551
0.00712,-0.210284244274,-0.210284244284,-0.210284244284
0.00713,-0.191713409509,-0.191713409519,-0.191713409519
0.00714,-0.172436269584,-0.172436269594,-0.172436269594
0.00715,-0.152531962299,-0.152531962309,-0.152531962309
0.00716,-0.132081878059,-0.132081878069,-0.132081878069
0.00717,-0.111169328041,-0.111169328052,-0.111169328052
0.00718,-0.0898792057538,-0.0898792057645,-0.0898792057645
0.00719,-0.0682976433416,-0.0682976433525,-0.0682976433525
0.0072,-0.0465116640405,-0.0465116640514,-0.0465116640514
0.00721,-0.0246088321687,-0.0246088321797,-0.0246088321797
0.00722,-0.00267690206515,-0.00267690207611,-0.00267690207611
0.00723,0.0191965326239,0.019196532613,0.019196532613
0.00724,0.0409243879105,0.0409243878997,0.0409243878997
0.00725,0.0624204352962,0.0624204352855,0.0624204352855
0.00726,0.0835996431006,0.0835996430901,0.0835996430901
0.00727,0.104378511937,0.104378511926,0.104378511926
0.00728,0.124675403016,0.124675403006,0.124675403006
0.00729,0.144410857995,0.144410857986,0.144410857986
0.0073,0.163507909112,0.163507909103,0.163507909103
0.00731,0.18189237841,0.181892378401,0.181892378401
0.00732,0.199493164887,0.199493164878,0.199493164878
0.00733,0.216242518459,0.21624251845,0.21624251845
0.00734,0.232076299698,0.23207629969,0.23207629969
0.00735,0.246934224339,0.246934224332,0.246934224332
0.00736,0.260760091637,0.26076009163,0.26076009163
0.00737,0.273501995709,0.273501995703,0.273501995703
0.00738,0.285112519079,0.285112519074,0.285112519074
0.00739,0.295548907705,0.2955489077,0.2955489077
0.0074,0.304773226841,0.304773226836,0.304773226836
0.00741,0.312752497186,0.312752497182,0.312752497182
0.00742,0.319458810836,0.319458810833,0.319458810833
0.00743,0.324869426626,0.324869426624,0.324869426624
0.00744,0.32896684457,0.328966844568,0.328966844568
0.00745,0.331738859144,0.331738859143,0.331738859143
0.00746,0.33317859129,0.333178591289,0.333178591289
0.00747,0.333284499053,0.333284499053,0.333284499053
0.00748,0.332060366907,0.332060366908,0.332060366908
0.00749,0.329515273849,0.329515273851,0.329515273851
0.0075,0.325663540483,0.325663540486,0.325663540486
0.00751,0.32052465535,0.320524655353,0.320524655353
0.00752,0.314123180873,0.314123180877,0.314123180877
0.00753,0.306488639359,0.306488639363,0.306488639363
0.00754,0.297655379568,0.297655379572,0.297655379572
0.00755,0.28766242445,0.287662424455,0.287662424455
0.00756,0.276553300712,0.276553300718,0.276553300718
0.00757,0.264375850954,0.26437585096,0.26437585096
0.00758,0.251182029177,0.251182029183,0.251182029183
0.00759,0.237027680536,0.237027680544,0.237027680544
0.0076,0.221972306263,0.221972306271,0.221972306271
0.00761,0.206078814739,0.206078814747,0.206078814747
0.00762,0.189413259763,0.189413259772,0.189413259772
0.00763,0.1720445671,0.172044567109,0.172044567109
0.00764,0.154044250424,0.154044250434,0.154044250434
0.00765,0.135486117841,0.135486117851,0.135486117851
0.00766,0.116445970178,0.116445970187,0.116445970187
0.00767,0.097001292273,0.0970012922828,0.0970012922828
0.00768,0.0772309385279,0.0772309385378,0.0772309385378
0.00769,0.0572148139776,0.0572148139877,0.0572148139877
0.0077,0.0370335521817,0.0370335521918,0.0370335521918
0.00771,0.0167681912217,0.0167681912318,0.0167681912318
0.00772,-0.00350015089221,-0.00350015088208,-0.00350015088208
0.00773,-0.0236906001099,-0.0236906000999,-0.0236906000999
0.00774,-0.0437228482356,-0.0437228482257,-0.0437228482257
0.00775,-0.0635174715486,-0.0635174715388,-0.0635174715388
0.00776,-0.0829962448906,-0.082996244881,-0.082996244881
0.00777,-0.10208244998,-0.102082449971,-0.102082449971
0.00778,-0.120701176744,-0.120701176735,-0.120701176735
0.00779,-0.138779616481,-0.138779616472,-0.138779616472
0.0078,-0.15624734572,-0.156247345712,-0.156247345712
0.00781,-0.173036599666,-0.173036599658,-0.173036599658
0.00782,-0.189082534175,-0.189082534167,-0.189082534167
0.00783,-0.20432347525,-0.204323475243,-0.204323475243
0.00784,-0.218701155106,-0.218701155099,-0.218701155099
0.00785,-0.232160933892,-0.232160933885,-0.232160933885
0.00786,-0.244652006251,-0.244652006245,-0.244652006245
0.00787,-0.256127591921,-0.256127591915,-0.256127591915
0.00788,-0.266545109677,-0.266545109672,-0.266545109672
0.00789,-0.275866333977,-0.275866333973,-0.275866333973
0.0079,-0.284057533731,-0.284057533727,-0.284057533727
0.00791,-0.291089592698,-0.291089592695,-0.291089592695
0.00792,-0.296938111102,-0.2969381111,-0.2969381111
0.00793,-0.301583488101,-0.301583488099,-0.301583488099
0.00794,-0.305010984848,-0.305010984847,-0.305010984847
0.00795,-0.307210767968,-0.307210767968,-0.307210767968
0.00796,-0.30817793331,-0.30817793331,-0.30817793331
0.00797,-0.307912509969,-0.30791250997,-0.30791250997
0.00798,-0.306419444611,-0.306419444612,-0.306419444612
0.00799,-0.303708566226,-0.303708566227,-0.303708566227
0.008,-0.299794531511,-0.299794531513,-0.299794531513
0.00801,-0.294696751173,-0.294696751176,-0.294696751176
0.00802,-0.288439297486,-0.288439297489,-0.288439297489
0.00803,-0.281050793549,-0.281050793553,-0.281050793553
0.00804,-0.272564284736,-0.27256428474,-0.27256428474
0.00805,-0.263017092903,-0.263017092908,-0.263017092908
0.00806,-0.252450654,-0.252450654006,-0.252450654006
0.00807,-0.240910339776,-0.240910339782,-0.240910339782
0.00808,-0.228445264345,-0.228445264351,-0.228445264351
0.00809,-0.215108076432,-0.215108076438,-0.215108076438
0.0081,-0.200954738171,-0.200954738178,-0.200954738178
0.00811,-0.186044291384,-0.186044291392,-0.186044291392
0.00812,-0.170438612307,-0.170438612315,-0.170438612315
0.00813,-0.154202155781,-0.154202155789,-0.154202155789
0.00814,-0.137401689965,-0.137401689973,-0.137401689973
0.00815,-0.120106022652,-0.120106022661,-0.120106022661
0.00816,-0.102385720318,-0.102385720327,-0.102385720327
0.00817,-0.0843128210294,-0.0843128210385,-0.0843128210385
0.00818,-0.0659605423969,-0.0659605424061,-0.0659605424061
0.00819,-0.0474029857345,-0.0474029857438,-0.0474029857438
0.0082,-0.0287148376322,-0.0287148376415,-0.0287148376415
0.00821,-0.00997107013183,-0.00997107014121,-0.00997107014121
0.00822,0.0087533592889,0.00875335927955,0.00875335927955
0.00823,0.0273838067288,0.0273838067195,0.0273838067195
0.00824,0.0458462386809,0.0458462386717,0.0458462386717
0.00825,0.064067525479,0.06406752547,0.06406752547
0.00826,0.0819757302123,0.0819757302034,0.0819757302034
0.00827,0.0995003919702,0.0995003919615,0.0995003919615
0.00828,0.116572802305,0.116572802297,0.116572802297
0.00829,0.133126273831,0.133126273822,0.133126273822
0.0083,0.149096399911,0.149096399903,0.149096399903
0.00831,0.164421304428,0.164421304421,0.164421304421
0.00832,0.179041880672,0.179041880665,0.179041880665
0.00833,0.192902018418,0.192902018411,0.192902018411
0.00834,0.205948818343,0.205948818337,0.205948818337
0.00835,0.21813279295,0.218132792944,0.218132792944
0.00836,0.229408053244,0.229408053239,0.229408053239
0.00837,0.239732480471,0.239732480466,0.239732480466
0.00838,0.249067882261,0.249067882257,0.249067882257
0.00839,0.257380132626,0.257380132622,0.257380132622
0.0084,0.264639295283,0.26463929528,0.26463929528
0.00841,0.270819729877,0.270819729874,0.270819729874
0.00842,0.275900180729,0.275900180727,0.275900180727
0.00843,0.279863847811,0.279863847809,0.279863847809
0.00844,0.282698439717,0.282698439715,0.282698439715
0.00845,0.284396208482,0.284396208482,0.284396208482
0.00846,0.284953966168,0.284953966168,0.284953966168
0.00847,0.284373083194,0.284373083194,0.284373083194
0.00848,0.282659468494,0.282659468495,0.282659468495
0.00849,0.279823531627,0.279823531628,0.279823531628
0.0085,0.27588012705,0.275880127052,0.275880127052
0.00851,0.270848480835,0.270848480837,0.270848480837
0.00852,0.264752100171,0.264752100175,0.264752100175
0.00853,0.257618666079,0.257618666083,0.257618666083
0.00854,0.249479909804,0.249479909808,0.249479909808
0.00855,0.240371473443,0.240371473447,0.240371473447
0.00856,0.230332755409,0.230332755414,0.230332755414
0.00857,0.219406741397,0.219406741403,0.219406741403
0.00858,0.207639821567,0.207639821573,0.207639821573
0.00859,0.195081594722,0.195081594728,0.195081594728
0.0086,0.181784660306,0.181784660313,0.181784660313
0.00861,0.167804399083,0.16780439909,0.16780439909
0.00862,0.15319874341,0.153198743417,0.153198743417
0.00863,0.138027938057,0.138027938065,0.138027938065
0.00864,0.122354292556,0.122354292564,0.122354292564
0.00865,0.10624192609,0.106241926098,0.106241926098
0.00866,0.0897565059709,0.0897565059792,0.0897565059792
0.00867,0.0729649807613,0.0729649807697,0.0729649807697
0.00868,0.0559353091302,0.0559353091388,0.0559353091388
0.00869,0.0387361855315,0.0387361855401,0.0387361855401
0.0087,0.0214367638128,0.0214367638215,0.0214367638215
0.00871,0.00410637986351,0.00410637987217,0.00410637987217
0.00872,-0.0131857255893,-0.0131857255807,-0.0131857255807
0.00873,-0.0303706829303,-0.0303706829217,-0.0303706829217
0.00874,-0.0473802672546,-0.0473802672462,-0.0473802672462
0.00875,-0.0641471685317,-0.0641471685234,-0.0641471685234
0.00876,-0.0806052572663,-0.0806052572581,-0.0806052572581
0.00877,-0.0966898446122,-0.0966898446043,-0.0966898446043
0.00878,-0.112337935917,-0.11233793591,-0.11233793591
0.00879,-0.127488476711,-0.127488476703,-0.127488476703
0.0088,-0.14208259017,-0.142082590163,-0.142082590163
0.00881,-0.156063805158,-0.156063805151,-0.156063805151
0.00882,-0.169378273932,-0.169378273925,-0.169378273925
0.00883,-0.181974978711,-0.181974978705,-0.181974978705
0.00884,-0.193805926295,-0.193805926289,-0.193805926289
0.00885,-0.204826329999,-0.204826329994,-0.204826329994
0.00886,-0.214994778231,-0.214994778226,-0.214994778226
0.00887,-0.224273389062,-0.224273389058,-0.224273389058
0.00888,-0.232627950234,-0.23262795023,-0.23262795023
0.00889,-0.240028044079,-0.240028044076,-0.240028044076
0.0089,-0.246447156912,-0.246447156909,-0.246447156909
0.00891,-0.251862772493,-0.251862772491,-0.251862772491
0.00892,-0.25625644926,-0.256256449258,-0.256256449258
0.00893,-0.259613881046,-0.259613881044,-0.259613881044
0.00894,-0.261924941116,-0.261924941115,-0.261924941115
0.00895,-0.263183709387,-0.263183709387,-0.263183709387
0.00896,-0.263388482782,-0.263388482782,-0.263388482782
0.00897,-0.262541768718,-0.262541768719,-0.262541768719
0.00898,-0.260650261827,-0.260650261828,-0.260650261828
0.00899,-0.257724804036,-0.257724804038,-0.257724804038
0.009,-0.253780328234,-0.253780328236,-0.253780328236
0.00901,-0.248835785785,-0.248835785788,-0.248835785788
0.00902,-0.242914058251,-0.242914058254,-0.242914058254
0.00903,-0.236041853696,-0.2360418537,-0.2360418537
0.00904,-0.228249588068,-0.228249588072,-0.228249588072
0.00905,-0.219571252148,-0.219571252152,-0.219571252152
0.00906,-0.210044264663,-0.210044264668,-0.210044264668
0.00907,-0.199709312186,-0.199709312191,-0.199709312191
0.00908,-0.188610176499,-0.188610176505,-0.188610176505
0.00909,-0.176793550156,-0.176793550162,-0.176793550162
0.0091,-0.164308841011,-0.164308841018,-0.164308841018
0.00911,-0.151207966534,-0.151207966541,-0.151207966541
0.00912,-0.137545138757,-0.137545138764,-0.137545138764
0.00913,-0.123376640747,-0.123376640754,-0.123376640754
0.00914,-0.108760595526,-0.108760595533,-0.108760595533
0.00915,-0.0937567283666,-0.0937567283742,-0.0937567283742
0.00916,-0.078426123458,-0.0784261234658,-0.0784261234658
0.00917,-0.0628309759097,-0.0628309759176,-0.0628309759176
0.00918,-0.047034340108,-0.0470343401159,-0.0470343401159
0.00919,-0.0310998754376,-0.0310998754456,-0.0310998754456
0.0092,-0.0150915903916,-0.0150915903996,-0.0150915903996
0.00921,0.00092641390491,0.000926413896907,0.000926413896907
0.00922,0.0168901997311,0.0168901997231,0.0168901997231
0.00923,0.0327362473473,0.0327362473394,0.0327362473394
0.00924,0.0484017071021,0.0484017070943,0.0484017070943
0.00925,0.0638246480694,0.0638246480617,0.0638246480617
0.00926,0.0789443022373,0.0789443022298,0.0789443022298
0.00927,0.0937013032861,0.0937013032788,0.0937013032788
0.00928,0.108037919021,0.108037919014,0.108037919014
0.00929,0.121898276553,0.121898276546,0.121898276546
0.0093,0.135228579349,0.135228579342,0.135228579342
0.00931,0.147977315317,0.14797731531,0.14797731531
0.00932,0.160095455116,0.16009545511,0.16009545511
0.00933,0.171536639942,0.171536639936,0.171536639936
0.00934,0.182257358056,0.182257358051,0.182257358051
0.00935,0.192217109411,0.192217109407,0.192217109407
0.00936,0.201378557729,0.201378557725,0.201378557725
0.00937,0.209707669486,0.209707669483,0.209707669483
0.00938,0.217173839279,0.217173839276,0.217173839276
0.00939,0.223750001118,0.223750001115,0.223750001115
0.0094,0.229412725249,0.229412725246,0.229412725246
0.00941,0.234142300161,0.234142300158,0.234142300158
0.00942,0.237922799502,0.237922799501,0.237922799501
0.00943,0.240742133686,0.240742133685,0.240742133685
0.00944,0.242592086016,0.242592086015,0.242592086015
0.00945,0.24346833326,0.24346833326,0.24346833326
0.00946,0.243370450613,0.243370450613,0.243370450613
0.00947,0.242301901099,0.2423019011,0.2423019011
0.00948,0.240270009492,0.240270009493,0.240270009493
0.00949,0.237285920907,0.237285920909,0.237285920909
0.0095,0.233364544293,0.233364544295,0.233364544295
0.00951,0.228524481072,0.228524481074,0.228524481074
0.00952,0.222787939281,0.222787939285,0.222787939285
0.00953,0.216180633597,0.2161806336,0.2161806336
0.00954,0.208731671673,0.208731671677,0.208731671677
0.00955,0.200473427316,0.20047342732,0.20047342732
0.00956,0.191441401016,0.191441401021,0.191441401021
0.00957,0.181674068452,0.181674068457,0.181674068457
0.00958,0.1712127176,0.171212717605,0.171212717605
0.00959,0.160101275133,0.160101275139,0.160101275139
0.0096,0.148386122851,0.148386122857,0.148386122857
0.00961,0.13611590488,0.136115904886,0.136115904886
0.00962,0.123341326467,0.123341326474,0.123341326474
0.00963,0.110114945177,0.110114945184,0.110114945184
0.00964,0.0964909553611,0.096490955368,0.096490955368
0.00965,0.0825249667762,0.0825249667833,0.0825249667833
0.00966,0.0682737782542,0.0682737782614,0.0682737782614
0.00967,0.0537951473404,0.0537951473477,0.0537951473477
0.00968,0.0391475568347,0.039147556842,0.039147556842
0.00969,0.0243899791746,0.024389979182,0.024389979182
0.0097,0.00958163960919,0.0095816396166,0.0095816396166
0.00971,-0.00521822089014,-0.00521822088275,-0.00521822088275
0.00972,-0.0199505820326,-0.0199505820253,-0.0199505820253
0.00973,-0.0345568789856,-0.0345568789783,-0.0345568789783
0.00974,-0.0489792345942,-0.0489792345871,-0.0489792345871
0.00975,-0.0631606881251,-0.0631606881181,-0.0631606881181
0.00976,-0.0770454196319,-0.0770454196251,-0.0770454196251
0.00977,-0.0905789690626,-0.090578969056,-0.090578969056
0.00978,-0.103708449249,-0.103708449243,-0.103708449243
0.00979,-0.116382751951,-0.116382751945,-0.116382751945
0.0098,-0.12855274615,-0.128552746144,-0.128552746144
0.00981,-0.140171467834,-0.140171467828,-0.140171467828
0.00982,-0.151194300531,-0.151194300526,-0.151194300526
0.00983,-0.161579145916,-0.161579145911,-0.161579145911
0.00984,-0.171286583822,-0.171286583818,-0.171286583818
0.00985,-0.180280021075,-0.180280021071,-0.180280021071
0.00986,-0.188525828567,-0.188525828563,-0.188525828563
0.00987,-0.195993466079,-0.195993466076,-0.195993466076
0.00988,-0.202655594388,-0.202655594385,-0.202655594385
0.00989,-0.20848817424,-0.208488174237,-0.208488174237
0.0099,-0.213470551857,-0.213470551855,-0.213470551855
0.00991,-0.217585530657,-0.217585530655,-0.217585530655
0.00992,-0.220819428962,-0.220819428961,-0.220819428961
0.00993,-0.223162123495,-0.223162123494,-0.223162123494
0.00994,-0.224607078547,-0.224607078547,-0.224607078547
0.00995,-0.225151360736,-0.225151360736,-0.225151360736
0.00996,-0.224795639348,-0.224795639348,-0.224795639348
0.00997,-0.223544172305,-0.223544172306,-0.223544172306
0.00998,-0.221404777858,-0.221404777859,-0.221404777859
0.00999,-0.218388792163,-0.218388792165,-0.218388792165
0.01,-0.214511012959,-0.214511012961,-0.214511012961
