time_s,terminal_1_voltage_v,terminal_1_current_a,terminal_power_kw,supplied_energy_j,maximum_network_kcl_residual_a
0,0,0,0,0,0
1e-05,1.0788254096,-0.225255506522,0.0429646189675,0.000107411547419,1.00475183729e-14
2e-05,2.62280945213,-0.683102731896,0.103390859327,0.000843928898972,2.60902410787e-15
3e-05,4.11331364756,-1.11423483801,0.179144958165,0.00226124610891,2.6645352591e-15
4e-05,5.60195614875,-1.54447330221,0.229982117704,0.00431112500211,3.10862446895e-15
5e-05,7.04421893077,-1.95157151148,0.293700781799,0.00693369542067,2.77555756156e-15
6e-05,8.47811541235,-2.35454857268,0.33727543816,0.0100923747608,3.5527136788e-15
7e-05,9.87630253469,-2.73974535145,0.389315104877,0.0137290467157,3.5527136788e-15
8e-05,11.2565834349,-3.11607580846,0.42747571723,0.0178164021905,1.7763568394e-15
9e-05,12.6139301315,-3.48103834167,0.468449749611,0.022299355024,3.5527136788e-15
0.0001,13.9424728292,-3.83171043814,0.502481686554,0.0271570619678,1.33226762955e-15
0.00011,15.2611504518,-4.17757394017,0.53334387029,0.0323391616772,2.6645352591e-15
0.00012,16.540657936,-4.5039886916,0.563947734013,0.0378283586699,1.33226762955e-15
0.00013,17.8217813035,-4.83136007336,0.586005416544,0.0435807793515,2.6645352591e-15
0.00014,19.0557165413,-5.13529844309,0.61334399188,0.0495799895013,3.5527136788e-15
0.00015,20.2994922347,-5.44433045141,0.628201113403,0.0557900853598,3.5527136788e-15
0.00016,21.4918788094,-5.72785366215,0.652009741037,0.0621933553741,3.10862446895e-15
0.00017,22.6978735099,-6.01837904117,0.66145033763,0.0687627699811,3.5527136788e-15
0.00018,23.85299305,-6.28367728133,0.681195804725,0.0754779919086,1.7763568394e-15
0.00019,25.0204830098,-6.55538350014,0.687027290557,0.0823209911731,3.5527136788e-15
0.0002,26.1425153206,-6.8045959821,0.702092901934,0.0892683778357,3.5527136788e-15
0.00021,27.2708658476,-7.05721496917,0.705974240118,0.0963103912569,2.6645352591e-15
0.00022,28.363526218,-7.29224857478,0.715844691765,0.10342108336,2.6645352591e-15
0.00023,29.4525454672,-7.52573360599,0.719126576045,0.110597435247,3.10862446895e-15
0.00024,30.5187740651,-7.74810757649,0.723546205543,0.117812225279,3.5527136788e-15
0.00025,31.5689891431,-7.96277131951,0.727148313817,0.125067034528,2.6645352591e-15
0.00026,32.610739682,-8.17351158126,0.726230252914,0.132335199073,3.5527136788e-15
0.00027,33.6235545263,-8.37010502751,0.730574832547,0.139620423578,3.5527136788e-15
0.00028,34.6417146342,-8.56970436831,0.72484593198,0.146898660918,2.6645352591e-15
0.00029,35.6194266213,-8.7494251293,0.72985832842,0.15417326137,3.5527136788e-15
0.0003,36.6138827623,-8.93787565187,0.720234342566,0.161424734655,3.5527136788e-15
0.00031,37.5595559218,-9.10230455833,0.725410898315,0.168653932878,3.5527136788e-15
0.00032,38.529394241,-9.27919809476,0.71310683856,0.175847420479,1.7763568394e-15
0.00033,39.4466081891,-9.43017365605,0.717640400644,0.183002029604,3.5527136788e-15
0.00034,40.3904224488,-9.5948557283,0.70403060407,0.190111183552,3.5527136788e-15
0.00035,41.2829345551,-9.73430520774,0.70697520952,0.197166991212,2.6645352591e-15
0.00036,42.1991964258,-9.88606016542,0.693425064343,0.204169702097,3.5527136788e-15
0.00037,43.0705675425,-10.0158124374,0.693875518015,0.211106892963,2.6645352591e-15
0.00038,43.9580052547,-10.1540527762,0.681570833803,0.217984756013,3.5527136788e-15
0.00039,44.811244684,-10.2756608022,0.678830720901,0.22478736578,1.7763568394e-15
0.0004,45.6691748162,-10.4000930499,0.668630844416,0.231525238651,3.5527136788e-15
0.00041,46.506457266,-10.5146923488,0.662344346661,0.238180637312,3.5527136788e-15
0.00042,47.3350214056,-10.6254353883,0.654681319586,0.244766276235,3.5527136788e-15
0.00043,48.1575179397,-10.7336595038,0.644909739605,0.251264683373,3.5527136788e-15
0.00044,48.9577900775,-10.8312982629,0.639748678657,0.25768844141,2.6645352591e-15
0.00045,49.7656381001,-10.9332637481,0.626980968654,0.264022479726,1.7763568394e-15
0.00046,50.539587784,-11.0188307685,0.623847516881,0.270277049536,3.5527136788e-15
0.00047,51.332004446,-11.1141938816,0.608944067631,0.276441344447,1.7763568394e-15
0.00048,52.0823220837,-11.189081963,0.607014633204,0.282521528381,2.6645352591e-15
0.00049,52.8578442288,-11.2771586328,0.591093585337,0.288512361172,2.6645352591e-15
0.0005,53.5876553042,-11.3429779333,0.58933467262,0.294414853834,3.5527136788e-15
0.00051,54.3444703513,-11.4229091929,0.573618543921,0.300229873654,2.6645352591e-15
0.00052,55.0569816822,-11.4813103508,0.570954195101,0.305953045854,1.7763568394e-15
0.00053,55.7933004446,-11.5522487396,0.556600393715,0.311591042223,3.5527136788e-15
0.00054,56.4914315388,-11.6047385432,0.552082677358,0.317134720144,1.7763568394e-15
0.00055,57.2058478957,-11.6660279356,0.540023644209,0.322595453267,3.5527136788e-15
0.00056,57.8919024742,-11.7138050784,0.532980845093,0.327960691845,3.5527136788e-15
0.00057,58.5836869282,-11.7651274545,0.523797850459,0.333244773555,1.7763568394e-15
0.00058,59.2591135181,-11.8089628234,0.51393855397,0.338433627948,3.5527136788e-15
0.00059,59.9283976656,-11.8504304976,0.507787865889,0.343542442302,3.5527136788e-15
0.0006,60.5936747228,-11.8906097272,0.49524593239,0.348557745091,3.5527136788e-15
0.00061,61.2415000337,-11.92278973,0.491848016549,0.353493395173,3.5527136788e-15
0.00062,61.8961623742,-11.959126411,0.477162453584,0.358338549162,3.5527136788e-15
0.00063,62.524386974,-11.9829938731,0.475855293703,0.363103815762,3.5527136788e-15
0.00064,63.1671891449,-12.0149112306,0.459888871162,0.367782612618,3.5527136788e-15
0.00065,63.7782674875,-12.031739212,0.459736863959,0.372380911517,3.5527136788e-15
0.00066,64.4074592597,-12.0584078442,0.443546477416,0.376897384976,3.5527136788e-15
0.00067,65.0041285195,-12.0696105229,0.443488099275,0.381332712229,1.7763568394e-15
0.00068,65.6178009676,-12.0901214341,0.428166985427,0.385691031566,1.7763568394e-15
0.00069,66.2027218349,-12.0970744969,0.427178773299,0.389967890196,3.5527136788e-15
0.0007,66.7991719868,-12.1106214151,0.413694666617,0.394172295477,3.5527136788e-15
0.00071,67.3745782767,-12.1144868543,0.410946830024,0.398295601712,3.5527136788e-15
0.00072,67.9526376037,-12.1205304693,0.40000045861,0.40235037786,3.5527136788e-15
0.00073,68.5200476779,-12.122112287,0.39498095026,0.406325349799,3.5527136788e-15
0.00074,69.0793251664,-12.1205017787,0.386905905346,0.410234832222,3.5527136788e-15
0.00075,69.63935885,-12.120154438,0.379494766259,0.414066867882,1.7763568394e-15
0.00076,70.1803622125,-12.1111880752,0.374213301694,0.417835469193,3.5527136788e-15
0.00077,70.73269105,-12.1087916211,0.364696778001,0.421530023716,3.5527136788e-15
0.00078,71.2568078888,-12.0932073361,0.361737519396,0.425162269235,1.7763568394e-15
0.00079,71.8002466027,-12.088213118,0.350760631065,0.428724742188,3.5527136788e-15
0.0008,72.3095882968,-12.0671104433,0.349334812215,0.432225301864,3.5527136788e-15
0.00081,72.8423141608,-12.0586507941,0.337800327655,0.43566094495,3.5527136788e-15
0.00082,73.3394457927,-12.0333558189,0.336924435482,0.439034650978,1.7763568394e-15
0.00083,73.8593134682,-12.0204014671,0.325854159742,0.442348504161,1.7763568394e-15
0.00084,74.3469101679,-11.9922950021,0.324500058154,0.445600346709,1.7763568394e-15
0.00085,74.8518152327,-11.9738368288,0.314879786268,0.448797207193,1.7763568394e-15
0.00086,75.3322963549,-11.9441714884,0.31212950276,0.451932304815,3.5527136788e-15
0.00087,75.8205334071,-11.9193995725,0.304761136022,0.455016729016,1.7763568394e-15
0.00088,76.295729337,-11.8891331704,0.299943084591,0.458040274791,3.5527136788e-15
0.00089,76.7662912755,-11.8575864224,0.2953259846,0.461016609129,3.5527136788e-15
0.0009,77.2371928668,-11.8272566845,0.288112489339,0.463933797813,1.7763568394e-15
0.00091,77.689966627,-11.7889207071,0.286371426986,0.466806230421,3.5527136788e-15
0.00092,78.1565950404,-11.7585801835,0.276823497382,0.469622175178,1.7763568394e-15
0.00093,78.5924244015,-11.7139186693,0.277693307034,0.472394798096,3.5527136788e-15
0.00094,79.0538412488,-11.6831398,0.266246741561,0.475114447269,3.5527136788e-15
0.00095,79.4744470437,-11.6330546292,0.269115143916,0.477791317707,3.5527136788e-15
0.00096,79.9289039164,-11.6010045019,0.25651094306,0.480419382307,3.5527136788e-15
0.00097,80.3366731292,-11.5467302849,0.260512270856,0.483004572251,3.5527136788e-15
0.00098,80.7818789001,-11.5123042789,0.247682659598,0.485545473423,3.5527136788e-15
0.00099,81.1795535882,-11.4552528107,0.251827715588,0.488043099092,3.5527136788e-15
0.001,81.6130203938,-11.4172475823,0.239755552648,0.490500941957,3.5527136788e-15
0.00101,82.0033322221,-11.358825103,0.243077654239,0.492915168069,3.5527136788e-15
0.00102,82.4227493674,-11.3161255308,0.232650689182,0.495293744547,3.5527136788e-15
0.00103,82.808053592,-11.2575497115,0.234345851588,0.497628762462,1.7763568394e-15
0.00104,83.2116344869,-11.2093023587,0.226227674724,0.499931581502,3.5527136788e-15
0.00105,83.5935972792,-11.151445957,0.225768128328,0.502191564435,1.7763568394e-15
0.00106,83.9803485382,-11.0971936146,0.220304749424,0.504421904206,3.5527136788e-15
0.00107,84.3597336018,-11.0404777765,0.217509343434,0.506610946307,3.5527136788e-15
0.00108,84.7296069992,-10.9802354351,0.214684639137,0.508771919884,3.5527136788e-15
0.00109,85.1061926788,-10.9245882438,0.209736448891,0.510893968404,3.5527136788e-15
0.0011,85.460098034,-10.8588495295,0.20918214889,0.512988592759,3.5527136788e-15
0.00111,85.8327367617,-10.803735722,0.202591714843,0.515047383555,3.5527136788e-15
0.00112,86.1724144345,-10.7334091388,0.203649326294,0.517078641501,3.5527136788e-15
0.00113,86.53922527,-10.67792637,0.196170152644,0.519077647513,3.5527136788e-15
0.00114,86.866997721,-10.6042110729,0.197994503412,0.521048533624,1.7763568394e-15
0.00115,87.2256630675,-10.5472382676,0.190504482913,0.522990933949,1.7763568394e-15
0.00116,87.5441027777,-10.4714580172,0.192192542007,0.524904478117,3.5527136788e-15
0.00117,87.8922250109,-10.4118336786,0.185559801631,0.526793152107,3.5527136788e-15
0.00118,88.2037883301,-10.335253759,0.186284981581,0.528652418019,3.5527136788e-15
0.00119,88.5392533365,-10.2719577321,0.181238574202,0.530489965055,1.7763568394e-15
0.0012,88.8459347096,-10.1956120584,0.180370309092,0.532298024693,3.5527136788e-15
0.00121,89.1672284885,-10.1279238249,0.177394982265,0.534086806478,3.5527136788e-15
0.00122,89.4702862871,-10.0524778529,0.174586016143,0.535846695423,3.5527136788e-15
0.00123,89.7767179325,-9.98008801659,0.173856225602,0.537588894364,3.5527136788e-15
0.00124,90.076512286,-9.90575765305,0.169085286589,0.539303555485,3.5527136788e-15
0.00125,90.3683107589,-9.82881632014,0.170447372526,0.541001240503,3.5527136788e-15
0.00126,90.6642769587,-9.75535461888,0.164011905289,0.542673465237,1.7763568394e-15
0.00127,90.9425479717,-9.67444983477,0.167015907768,0.544328655468,3.5527136788e-15
0.00128,91.2333087311,-9.60120312117,0.159477191463,0.545961032055,3.5527136788e-15
0.00129,91.4998589763,-9.5172729788,0.163452293875,0.547575749464,3.5527136788e-15
0.0013,91.7834580876,-9.44329767274,0.155542401614,0.549170626273,1.7763568394e-15
0.00131,92.0405138284,-9.35748960309,0.159703582427,0.550746930089,3.5527136788e-15
0.00132,92.3147356644,-9.28171196427,0.152209163535,0.552306399696,3.5527136788e-15
0.00133,92.5645984333,-9.19521057974,0.155778244596,0.553846398523,3.5527136788e-15
0.00134,92.8273249816,-9.11660521961,0.149419226488,0.555372304944,3.5527136788e-15
0.00135,93.0720164438,-9.03045474039,0.151741747758,0.556878145835,3.5527136788e-15
0.00136,93.3215680343,-8.94821498033,0.147063346702,0.558372113774,3.5527136788e-15
0.00137,93.5625176095,-8.86316304031,0.147703782558,0.559845951076,3.5527136788e-15
0.00138,93.7979260102,-8.77683745455,0.144997714011,0.561309432769,1.7763568394e-15
0.00139,94.0357483773,-8.69322384817,0.143799251823,0.562753382498,3.5527136788e-15
0.0014,94.2569211153,-8.60279841888,0.143065199244,0.564187715173,1.7763568394e-15
0.00141,94.4913172189,-8.52050559949,0.140166008188,0.565603802739,1.7763568394e-15
0.00142,94.6990682951,-8.42641906919,0.141118042051,0.567010268335,1.7763568394e-15
0.00143,94.9288649635,-8.34489195291,0.136922753909,0.568400378181,3.5527136788e-15
0.00144,95.1248071452,-8.24798196578,0.139038494619,0.569780256817,3.5527136788e-15
0.00145,95.3481296673,-8.16631421484,0.134150432696,0.571146092056,3.5527136788e-15
0.00146,95.5344442677,-8.06770220145,0.136754376101,0.572500701941,3.5527136788e-15
0.00147,95.748996365,-7.98477620555,0.131879856548,0.573843760276,3.5527136788e-15
0.00148,95.9281147646,-7.88570813878,0.134247374229,0.575174478965,3.5527136788e-15
0.00149,96.1315243037,-7.80036786631,0.130087303954,0.576496048565,2.6645352591e-15
0.0015,96.3057687054,-7.70203463394,0.131553093222,0.577804313435,3.5527136788e-15
0.00151,96.4959476136,-7.61326558513,0.128698555564,0.579105489268,3.5527136788e-15
0.00152,96.6671846738,-7.51662980103,0.128753104577,0.580392778269,3.5527136788e-15
0.00153,96.8426493267,-7.42371919706,0.127600507583,0.581674496293,3.5527136788e-15
0.00154,97.0120084654,-7.32937435129,0.125960428172,0.582942292954,3.5527136788e-15
0.00155,97.1721126264,-7.23202759947,0.126658344145,0.584205376935,3.5527136788e-15
0.00156,97.3398112534,-7.14011066692,0.123300798667,0.585455125865,3.5527136788e-15
0.00157,97.4848565968,-7.03850661775,0.125735450118,0.586700339825,3.5527136788e-15
0.00158,97.6501586393,-6.94867731752,0.120892636836,0.587933400164,1.7763568394e-15
0.00159,97.7813660496,-6.8434539099,0.124712926726,0.589161498839,2.6645352591e-15
0.0016,97.9426803813,-6.75494391557,0.118828772816,0.590379103185,3.5527136788e-15
0.00161,98.062025886,-6.64711613876,0.123505763401,0.591590873392,3.5527136788e-15
0.00162,98.2171304896,-6.55884115504,0.117162638853,0.592794098613,3.5527136788e-15
0.00163,98.3270697755,-6.44966330278,0.122073358037,0.593990386062,3.5527136788e-15
0.00164,98.473428804,-6.36038159229,0.115900907238,0.595180140378,3.5527136788e-15
0.00165,98.5765508026,-6.25117405111,0.120423033434,0.596361858792,3.5527136788e-15
0.00166,98.7116779258,-6.15966810326,0.115003505364,0.597538886872,3.5527136788e-15
0.00167,98.8103384675,-6.05163417552,0.118606303196,0.598707009091,3.5527136788e-15
0.00168,98.9321530294,-5.95688878122,0.114390761696,0.599871914087,2.6645352591e-15
0.00169,99.0281425081,-5.85094851356,0.116708725796,0.601027447551,2.6645352591e-15
0.0017,99.135266108,-5.75229905179,0.113956321747,0.602180726451,3.5527136788e-15
0.00171,99.2295600308,-5.64896450588,0.114835101232,0.60332467772,3.5527136788e-15
0.00172,99.3215099979,-5.54619367722,0.113583611614,0.604466764496,3.5527136788e-15
0.00173,99.4141389781,-5.44550392242,0.113092394288,0.605600098953,3.5527136788e-15
0.00174,99.491390519,-5.33887281884,0.113163159421,0.606731409009,3.5527136788e-15
0.00175,99.5814485449,-5.24039806304,0.111573034459,0.607855012374,3.5527136788e-15
0.00176,99.6453568188,-5.13060720184,0.112608074582,0.60897598183,3.5527136788e-15
0.00177,99.7311461365,-5.03352122898,0.110341112153,0.610090629545,3.5527136788e-15
0.00178,99.7837402599,-4.92160755163,0.111865406028,0.611201743949,3.5527136788e-15
0.00179,99.8630309873,-4.82481752525,0.109423480937,0.612308083056,3.5527136788e-15
0.0018,99.9067109019,-4.71200282763,0.110921853511,0.613409891922,3.5527136788e-15
0.00181,99.9770765594,-4.61431705263,0.108806959747,0.61450843789,3.5527136788e-15
0.00182,100.014257998,-4.50183046498,0.109803245461,0.615601553788,3.5527136788e-15
0.00183,100.073437001,-4.40213913028,0.108441833702,0.616692702376,3.5527136788e-15
0.00184,100.106197351,-4.29104004435,0.108568165324,0.617777785684,3.5527136788e-15
0.00185,100.152426811,-4.18848212119,0.108250842958,0.618861837569,3.5527136788e-15
0.00186,100.182204359,-4.07950981114,0.107296964145,0.619939570157,3.5527136788e-15
0.00187,100.214476835,-3.97360142403,0.108142000042,0.621016764201,3.5527136788e-15
0.00188,100.241867794,-3.8670735554,0.106078029586,0.622087816852,3.5527136788e-15
0.00189,100.260073236,-3.7577789512,0.108023033826,0.623158366724,3.5527136788e-15
0.0019,100.284756245,-3.65355382808,0.104993516782,0.624223365839,3.5527136788e-15
0.00191,100.289688589,-3.54128867173,0.107815107748,0.625287494441,3.5527136788e-15
0.00192,100.310487313,-3.43879653367,0.104106747841,0.6263469934,3.5527136788e-15
0.00193,100.303715422,-3.32436337343,0.107463706939,0.627404960145,3.5527136788e-15
0.00194,100.318789255,-3.22270174495,0.103453157443,0.628459419703,3.5527136788e-15
0.00195,100.302412107,-3.107167606,0.106945163346,0.629511537034,3.5527136788e-15
0.00196,100.309545905,-3.00524615777,0.103036048363,0.630561317503,3.5527136788e-15
0.00197,100.285869189,-2.88978083552,0.106268066474,0.631607954889,3.5527136788e-15
0.00198,100.282818217,-2.7864938588,0.102827614453,0.632653320847,2.6645352591e-15
0.00199,100.25400112,-2.67219331039,0.105469645896,0.63369489653,3.5527136788e-15
0.002,100.238839284,-2.56659382739,0.102774820268,0.634736032796,3.5527136788e-15
0.00201,100.206564627,-2.45431523784,0.104607976126,0.635772995448,3.5527136788e-15
0.00202,100.177983623,-2.34576457433,0.102808946379,0.636810031347,3.5527136788e-15
0.00203,100.143200921,-2.23599788266,0.103751440601,0.637842835275,3.5527136788e-15
0.00204,100.10071538,-2.12426823936,0.102857056958,0.638875873065,3.5527136788e-15
0.00205,100.06349541,-2.01706342121,0.102967232097,0.639904951389,3.5527136788e-15
0.00206,100.007523239,-1.90237804015,0.102853417874,0.640934094305,3.5527136788e-15
0.00207,99.9670459876,-1.79733907932,0.102310730228,0.641959834615,3.5527136788e-15
0.00208,99.8988517928,-1.68034395473,0.102749018531,0.642985210277,3.5527136788e-15
0.00209,99.8535296685,-1.57669044615,0.101817383195,0.644007936624,3.5527136788e-15
0.0021,99.7750396718,-1.45836177946,0.102517785105,0.645029712565,3.5527136788e-15
0.00211,99.7227576119,-1.35504898142,0.101498263188,0.646049676349,3.5527136788e-15
0.00212,99.6362736883,-1.23655019841,0.102158714779,0.647068065858,3.5527136788e-15
0.00213,99.5747103016,-1.13242960171,0.101339828893,0.648085446629,3.5527136788e-15
0.00214,99.4825658844,-1.01493930286,0.101693878635,0.649100704752,3.5527136788e-15
0.00215,99.4095476183,-0.908935712232,0.101307713305,0.650115620218,3.5527136788e-15
0.00216,99.3137569378,-0.793472290515,0.101162907079,0.651128031392,3.5527136788e-15
0.00217,99.2275922798,-0.684750923629,0.101353682116,0.652140554496,3.5527136788e-15
0.00218,99.1295454548,-0.57202010819,0.100615085937,0.653150414518,3.5527136788e-15
0.00219,99.0292891004,-0.460118678046,0.101424400145,0.654160594384,3.5527136788e-15
0.0022,98.9295388163,-0.350406871736,0.100100492523,0.655168190207,3.5527136788e-15
0.00221,98.8151461221,-0.235312811285,0.101470396732,0.656176073359,3.5527136788e-15
0.00222,98.7133180338,-0.128442290456,0.0996616656604,0.657181664301,3.5527136788e-15
0.00223,98.5856663713,-0.0106034282165,0.101453678781,0.65818731272,3.5527136788e-15
0.00224,98.480506979,0.0940437209144,0.0993271385942,0.65919111622,3.5527136788e-15
0.00225,98.341280394,0.213776832747,0.101352779546,0.660194619577,3.5527136788e-15
0.00226,98.2308357012,0.317169386294,0.0991077999637,0.661196803642,3.5527136788e-15
0.00227,98.0822896051,0.437661127571,0.10116456991,0.662198284206,3.5527136788e-15
0.00228,97.9641884234,0.540977073152,0.0989965388828,0.663198967373,3.5527136788e-15
0.00229,97.8088288823,0.660967112308,0.100902778038,0.664198577452,3.5527136788e-15
0.0023,97.6806290828,0.76542052433,0.0989710513442,0.665197835765,3.5527136788e-15
0.00231,97.520853972,0.883703242469,0.100593739866,0.666195748816,3.5527136788e-15
0.00232,97.3804006232,0.990365214389,0.0989991314145,0.66719362809,3.5527136788e-15
0.00233,97.2181555883,1.10596172569,0.100270338343,0.668190025689,3.5527136788e-15
0.00234,97.0638981413,1.21560177842,0.099045343094,0.669186556507,3.5527136788e-15
0.00235,96.9003981209,1.32789916972,0.0999653258549,0.670181613935,3.5527136788e-15
0.00236,96.7316198732,1.44087052057,0.0990777534959,0.671176826528,3.5527136788e-15
0.00237,96.5671772158,1.54970779382,0.0997052462289,0.672170699805,3.5527136788e-15
0.00238,96.3841032928,1.66589336661,0.0990734523293,0.673164636143,2.88657986403e-15
0.00239,96.2180876963,1.7715814699,0.0995059977939,0.674157452874,3.5527136788e-15
0.0024,96.0218557953,1.89040852378,0.0990218775556,0.675150174004,3.5527136788e-15
0.00241,95.8527917657,1.9936816226,0.0993707460052,0.676142029575,2.6645352591e-15
0.00242,95.645290231,2.1142027148,0.0989254458972,0.677133617236,3.5527136788e-15
0.00243,95.4710774032,2.2161080323,0.099290455955,0.67812457675,7.1054273576e-15
0.00244,95.2546748234,2.33713622035,0.0987975418476,0.679115129451,3.5527136788e-15
0.00245,95.0728983366,2.43887884999,0.0992468354749,0.680105234682,3.5527136788e-15
0.00246,94.8501048506,2.55915703887,0.0986584304129,0.681094859484,2.6645352591e-15
0.00247,94.6583897204,2.66192275885,0.0992170328195,0.682084139171,2.22044604925e-15
0.00248,94.431500231,2.78030209471,0.0985300268751,0.683072941186,1.7763568394e-15
0.00249,94.2278572683,2.88508440864,0.0991790983268,0.684061422384,3.5527136788e-15
0.0025,93.9986292943,3.00068535283,0.0984306227344,0.685049494402,3.5527136788e-15
0.00251,93.7817415341,3.10814227574,0.0991170677661,0.686037212467,3.5527136788e-15
0.00252,93.5511551336,3.22047464339,0.0983706198652,0.687024627002,3.5527136788e-15
0.00253,93.3205627234,3.33083625736,0.0990245992623,0.688011632133,3.5527136788e-15
0.00254,93.0886975805,3.43986067393,0.0983500937783,0.688998437642,3.5527136788e-15
0.00255,92.8448543017,3.55290086745,0.0989063929926,0.689984796659,3.5527136788e-15
0.00256,92.6109015428,3.65902286064,0.0983586449202,0.69097101879,3.5527136788e-15
0.00257,92.355095312,3.77409907789,0.0987770877017,0.691956811804,3.5527136788e-15
0.00258,92.1175015141,3.87809707325,0.0983775670596,0.692942459495,3.5527136788e-15
0.00259,91.8516514834,3.99425176377,0.0986578614826,0.693927772217,3.5527136788e-15
0.0026,91.6083726587,4.09715009207,0.0983839285109,0.694912847421,3.5527136788e-15
0.00261,91.334733882,4.21325837706,0.0985714484566,0.695897760758,3.5527136788e-15
0.00262,91.0835608949,4.31616456557,0.0983557890712,0.696882269795,3.5527136788e-15
0.00263,90.8043812246,4.43110578942,0.098536613117,0.697866848992,3.5527136788e-15
0.00264,90.5432875463,4.53503668402,0.0982775248434,0.698850813112,3.5527136788e-15
0.00265,90.2604684303,4.64786401501,0.0985632352973,0.699835098873,3.5527136788e-15
0.00266,89.9879279295,4.75358688429,0.0981441581477,0.700818561696,3.5527136788e-15
0.00267,89.702740073,4.86366948337,0.098649038963,0.70180256538,3.5527136788e-15
0.00268,89.4179671405,4.97158195577,0.097963723024,0.702785595413,3.5527136788e-15
0.00269,89.1308636765,5.07869839024,0.0987786840786,0.703769299691,3.5527136788e-15
0.0027,88.8339396955,5.18876521799,0.097757034709,0.704751987032,3.5527136788e-15
0.00271,88.5444948436,5.2931341317,0.098925501588,0.705735352347,3.5527136788e-15
0.00272,88.2363620914,5.40489023911,0.097554724001,0.706717799829,3.5527136788e-15
0.00273,87.9433444468,5.50713370674,0.0990556678956,0.70770077584,3.5527136788e-15
0.00274,87.6256683939,5.61975303994,0.0973919516911,0.708683085987,3.5527136788e-15
0.00275,87.3272378125,5.72079812351,0.0991341642777,0.709665626157,3.5527136788e-15
0.00276,87.0021585047,5.83321795806,0.0973017171461,0.710647886229,3.5527136788e-15
0.00277,86.6961570279,5.93415124352,0.0991315145185,0.711629962947,3.5527136788e-15
0.00278,86.3659668624,6.04523329524,0.0973080071881,0.712612230905,3.5527136788e-15
0.00279,86.0502600259,6.14713023679,0.0990300943077,0.713593848248,3.5527136788e-15
0.0028,85.7170562765,6.2558343982,0.097420121008,0.714576142452,3.5527136788e-15
0.00281,85.38987357,6.35958908715,0.0988287982153,0.715557343943,3.5527136788e-15
0.00282,85.0552378416,6.46513369839,0.0976293339276,0.716539638902,3.5527136788e-15
0.00283,84.7154611541,6.5713146392,0.0985450541629,0.71752050837,2.6645352591e-15
0.00284,84.3802139923,6.67329918227,0.0979086650729,0.718502737907,3.5527136788e-15
0.00285,84.0275705782,6.78205280786,0.0982135807894,0.71948339269,3.5527136788e-15
0.00286,83.6916383,6.88052448934,0.0982159725823,0.720465460581,2.6645352591e-15
0.00287,83.3267689873,6.99154105544,0.0978818397142,0.721446037709,2.6645352591e-15
0.00288,82.989183123,7.08699508424,0.0985000158451,0.722427834524,3.5527136788e-15
0.00289,82.6135750369,7.19954230606,0.0976027515433,0.723408471794,3.5527136788e-15
0.0029,82.2726050424,7.29285553521,0.0987085955339,0.724389895436,3.5527136788e-15
0.00291,81.8883982731,7.40587525156,0.097425802998,0.725370710401,3.5527136788e-15
0.00292,81.541798346,7.49818276866,0.0987974891261,0.726351687002,7.1054273576e-15
0.00293,81.151494752,7.61043653851,0.0973880527782,0.727332757422,3.5527136788e-15
0.00294,80.796828595,7.7029692818,0.0987386992051,0.728313258966,3.5527136788e-15
0.00295,80.4029455033,7.81321153218,0.0975066556581,0.729294608277,2.6645352591e-15
0.00296,80.037941271,7.90711881539,0.0985265576431,0.730274663623,3.5527136788e-15
0.00297,79.6426610543,8.01427205078,0.0977743332863,0.731256254343,3.5527136788e-15
0.00298,79.2655441988,8.11045513795,0.098180490269,0.732235951281,3.5527136788e-15
0.00299,78.8704113543,8.21376139872,0.0981587569165,0.733217688048,1.7763568394e-15
0.003,78.4801663389,8.31274264532,0.0977437246149,0.734197165387,3.5527136788e-15
0.00301,78.0858766733,8.41186891286,0.0986061587137,0.735178907816,1.7763568394e-15
0.00302,77.6823990461,8.51371572669,0.0972778633667,0.736158338182,1.7763568394e-15
0.00303,77.2887119359,8.60879779102,0.0990487737741,0.737139922039,3.5527136788e-15
0.00304,76.8728284901,8.71311254962,0.0968539559994,0.738119487658,1.7763568394e-15
0.00305,76.478614965,8.80473096523,0.0994150581183,0.73910075136,3.5527136788e-15
0.00306,76.0519692357,8.91070826486,0.0965413590213,0.740080616465,3.5527136788e-15
0.00307,75.6553885397,8.99980006755,0.0996411330104,0.741061428824,3.5527136788e-15
0.00308,75.220208797,9.10634272433,0.0963961514868,0.742041713071,3.5527136788e-15
0.00309,74.818987105,9.19406207041,0.0996816455021,0.743021997762,1.7763568394e-15
0.0031,74.3777713366,9.29993862613,0.0964510596365,0.744002755137,3.5527136788e-15
0.00311,73.9695412569,9.38748703829,0.0995182469109,0.744982507658,3.5527136788e-15
0.00312,73.5247058274,9.49150742803,0.0967086873959,0.745963714684,3.5527136788e-15
0.00313,73.1073564426,9.5799587722,0.0991641799232,0.746943008564,3.5527136788e-15
0.00314,72.660900355,9.68114219079,0.0971393624816,0.747924564288,3.5527136788e-15
0.00315,72.2328861449,9.77128821176,0.0986640039888,0.748903544929,3.5527136788e-15
0.00316,71.786120352,9.86899845506,0.0976841737593,0.749885283348,3.5527136788e-15
0.00317,71.3466836108,9.9612375648,0.0980882165112,0.75086414982,3.5527136788e-15
0.00318,70.9000650073,10.0552660306,0.0982629252639,0.751845863411,3.5527136788e-15
0.00319,70.4493393624,10.1495515459,0.0975233474599,0.75282484051,3.5527136788e-15
0.0032,70.0024334053,10.2401359206,0.0987859142143,0.753806311651,3.5527136788e-15
0.00321,69.5414138255,10.3359910557,0.0970588908242,0.754785616259,3.5527136788e-15
0.00322,69.0929905211,10.4237673178,0.0991677890657,0.755766651873,1.7763568394e-15
0.00323,68.623375114,10.5203642823,0.0967730478382,0.75674645875,3.5527136788e-15
0.00324,68.1716232433,10.6062595859,0.0993413584268,0.757726922768,3.5527136788e-15
0.00325,67.6955512215,10.7025505987,0.0967195686325,0.758707335274,3.5527136788e-15
0.00326,67.2383781031,10.7876333891,0.0992691571495,0.759687173601,3.5527136788e-15
0.00327,66.7581036998,10.8825137167,0.096917911259,0.760668204267,3.5527136788e-15
0.00328,66.2934751311,10.9678237562,0.0989508424376,0.761647457904,3.5527136788e-15
0.00329,65.8110266902,11.0603021644,0.0973484804337,0.762629022432,3.5527136788e-15
0.0033,65.3372958362,11.1466860841,0.0984250605282,0.7636078261,1.7763568394e-15
0.00331,64.8541713838,11.2360370486,0.0979539309573,0.764589752348,3.5527136788e-15
0.00332,64.3703471616,11.3240141527,0.0977652262579,0.765568318189,3.5527136788e-15
0.00333,63.8872921904,11.409888963,0.0986465549605,0.766550369395,3.5527136788e-15
0.00334,63.3932068598,11.4995674297,0.0970695910243,0.767528957676,3.5527136788e-15
0.00335,62.9101076627,11.5820475188,0.0993207847741,0.768510866843,1.7763568394e-15
0.00336,62.4064584911,11.6731035641,0.0964469059984,0.769489747757,3.5527136788e-15
0.00337,61.9223670264,11.7526880718,0.0998689998781,0.770471258262,3.5527136788e-15
0.00338,61.4106257948,11.8444111923,0.0959997661377,0.771450670495,3.5527136788e-15
0.00339,60.9239123374,11.9219406355,0.100198260331,0.772431576751,1.7763568394e-15
0.0034,60.4061162642,12.013338143,0.0958082024501,0.773411689231,3.5527136788e-15
0.00341,59.9147269506,12.0898656396,0.100245383205,0.77439187103,3.5527136788e-15
0.00342,59.3931823782,12.179810813,0.0959161687328,0.775372753992,3.5527136788e-15
0.00343,58.8949630287,12.2564401663,0.0999879603672,0.776352198867,1.7763568394e-15
0.00344,58.371906302,12.3438418088,0.0963232052678,0.777333809149,1.7763568394e-15
0.00345,57.8649439562,12.4215567356,0.0994494616409,0.778312618809,3.5527136788e-15
0.00346,57.3422103636,12.5055246996,0.0969827992413,0.779294802202,1.7763568394e-15
0.00347,56.8251412663,12.5850348331,0.0986974083429,0.780273181421,1.7763568394e-15
0.00348,56.3038917675,12.6650166521,0.0978079220427,0.781255692329,3.5527136788e-15
0.00349,55.7761294917,12.7466434758,0.0978346310271,0.782233921413,1.7763568394e-15
0.0035,55.2566763891,12.8225115242,0.0986830829245,0.783216457371,3.5527136788e-15
0.00351,54.7185256466,12.9061314623,0.0969847017958,0.784194851907,3.5527136788e-15
0.00352,54.2002836492,12.9782074189,0.0994811889179,0.785177098087,3.5527136788e-15
0.00353,53.6529223346,13.0632608096,0.0962735944702,0.78615596183,3.5527136788e-15
0.00354,53.1344928121,13.1322735263,0.10008271262,0.787137638965,1.7763568394e-15
0.00355,52.5798244352,13.2178384012,0.0958103130455,0.788117216957,3.5527136788e-15
0.00356,52.0592008376,13.284821188,0.100394262461,0.789098125334,1.7763568394e-15
0.00357,51.4995987876,13.369741135,0.095669506626,0.790078564563,1.7763568394e-15
0.00358,50.9744631699,13.4358834934,0.100363680705,0.791058617152,1.7763568394e-15
0.00359,50.4124443615,13.5189308292,0.0958788839808,0.792039941075,3.5527136788e-15
0.0036,49.8805113829,13.5854064473,0.0999892556498,0.793019180314,1.7763568394e-15
0.00361,49.3183873586,13.6654566612,0.0964135631908,0.794001281614,1.7763568394e-15
0.00362,48.7777450417,13.7332530297,0.0993214636943,0.794979876762,1.7763568394e-15
0.00363,48.2173019848,13.809444772,0.097198440908,0.795962530003,3.5527136788e-15
0.00364,47.666698968,13.8792195528,0.0984567451711,0.796940754888,3.5527136788e-15
0.00365,47.1089538193,13.9510765719,0.0981184133743,0.797923647676,1.7763568394e-15
0.00366,46.5479907531,14.0230618947,0.0975240198539,0.798901841729,3.5527136788e-15
0.00367,45.9930593532,14.0905589603,0.0990350371152,0.79988462009,3.5527136788e-15
0.00368,45.4222562865,14.1645277247,0.0966657927849,0.800863138215,3.5527136788e-15
0.00369,44.869352877,14.2280908726,0.0998071858459,0.801845459581,3.5527136788e-15
0.0037,44.290082846,14.3033899481,0.0960166104059,0.802824618293,3.5527136788e-15
0.00371,43.7376508096,14.3638311046,0.100312603749,0.803806204138,3.5527136788e-15
0.00372,43.1519496414,14.4394764237,0.0956821415376,0.804786232186,3.5527136788e-15
0.00373,42.5979039558,14.4978721732,0.10046706962,0.805766912197,3.5527136788e-15
0.00374,42.0081845926,14.5726915642,0.0957221691642,0.806747913389,1.7763568394e-15
0.00375,41.4502299803,14.6302240692,0.100238193424,0.807727654159,3.5527136788e-15
0.00376,40.8589436953,14.7030266423,0.0961402584354,0.808709588406,3.5527136788e-15
0.00377,40.2949213358,14.7608102818,0.0996516200657,0.809688501852,3.5527136788e-15
0.00378,39.7042159692,14.830557306,0.0968818795649,0.810671187806,3.5527136788e-15
0.00379,39.1324275311,14.8894766538,0.0987885113383,0.811649517517,3.5527136788e-15
0.0038,38.5438531797,14.9554287066,0.097841465239,0.812632656884,3.5527136788e-15
0.00381,37.9633144405,15.0160117159,0.0977744685109,0.813610743986,3.5527136788e-15
0.00382,37.3776198447,15.0778304837,0.098877484397,0.814593964299,1.7763568394e-15
0.00383,36.7882067571,15.1401754483,0.0967613663657,0.815572197588,1.7763568394e-15
0.00384,36.2052560382,15.1979653526,0.0998333485668,0.816555107303,3.5527136788e-15
0.00385,35.6077221858,15.2617321733,0.0959047022154,0.817533864961,3.5527136788e-15
0.00386,35.0265436128,15.3160159812,0.100561036624,0.818516112686,3.5527136788e-15
0.00387,34.4224071798,15.3804826752,0.095339837637,0.819495704328,1.7763568394e-15
0.00388,33.8413659781,15.4321150894,0.100943870194,0.820477033225,3.5527136788e-15
0.00389,33.2326837735,15.4962907721,0.0951607838789,0.821457651174,3.5527136788e-15
0.0039,32.6497525521,15.5463232114,0.100914956774,0.822437940089,1.7763568394e-15
0.00391,32.0388153921,15.6091003996,0.095404883554,0.823419627519,3.5527136788e-15
0.00392,31.4519013042,15.6586174124,0.100468422527,0.824398912281,3.5527136788e-15
0.00393,30.8408966729,15.718940688,0.0960458955399,0.825381553451,3.5527136788e-15
0.00394,30.248176087,15.768892611,0.0996615934048,0.826360024668,3.5527136788e-15
0.00395,29.638868747,15.8259183092,0.0969967201417,0.827343359178,1.7763568394e-15
0.00396,29.0390792176,15.8769752759,0.0986076087445,0.828321336406,3.5527136788e-15
0.00397,28.4325576281,15.9301982704,0.0981215108153,0.829304995752,3.5527136788e-15
0.00398,27.8252034627,15.9826474215,0.0974593840454,0.830282881532,3.5527136788e-15
0.00399,27.2217299147,16.0319760507,0.0992554518554,0.8312664428,3.5527136788e-15
0.004,26.6071706444,16.0856772924,0.0963871759447,0.832244663191,3.5527136788e-15
0.00401,26.0061574323,16.1314452673,0.100229276858,0.83322771202,3.5527136788e-15
0.00402,25.3855660757,16.1858521332,0.0955530397975,0.834206652479,3.5527136788e-15
0.00403,24.7856811239,16.2287657178,0.100894848918,0.835188845863,3.5527136788e-15
0.00404,24.1608786423,16.2830081352,0.0950860348813,0.836168792151,8.881784197e-16
0.00405,23.5602646127,16.3240365863,0.101147929937,0.837149911501,3.5527136788e-15
0.00406,22.9334554984,16.3770530752,0.0950620116737,0.838131004723,3.5527136788e-15
0.00407,22.330029416,16.4172788234,0.100944653632,0.83911099095,3.5527136788e-15
0.00408,21.7034781548,16.4679782593,0.0954911872047,0.840093203807,3.5527136788e-15
0.00409,21.0952665315,16.5084293406,0.100309122435,0.841072168781,3.5527136788e-15
0.0041,20.4709635398,16.555857979,0.0963155595243,0.842055306987,3.5527136788e-15
0.00411,19.8564226451,16.5973478928,0.0993308421904,0.843033519244,3.5527136788e-15
0.00412,19.2357898846,16.6408365558,0.0974167085303,0.84401724829,3.5527136788e-15
0.00413,18.6140630026,16.6838356297,0.0981522111002,0.844995094755,2.6645352591e-15
0.00414,17.9977435803,16.7231048989,0.0986329211235,0.845978988335,3.5527136788e-15
0.00415,17.3688164638,16.7676625556,0.0969477810929,0.846956917518,3.5527136788e-15
0.00416,16.7565800253,16.8028700692,0.0997831263172,0.847940520579,3.5527136788e-15
0.00417,16.1213109207,16.8485998066,0.0958982926373,0.848918975603,3.5527136788e-15
0.00418,15.5120893918,16.8803223815,0.100694062287,0.849901872657,3.5527136788e-15
0.00419,14.8721086969,16.9264519378,0.0951633475107,0.850881224164,3.5527136788e-15
0.0042,14.2641575085,16.9556049508,0.101226583634,0.851863102565,3.5527136788e-15
0.00421,13.6216515522,17.0010844073,0.0948568769059,0.852843591672,3.5527136788e-15
0.00422,13.0128127776,17.0287902194,0.101297122484,0.85382429019,3.5527136788e-15
0.00423,12.3702234871,17.0724421603,0.0950292138598,0.854805990304,3.5527136788e-15
0.00424,11.7582521236,17.0998669693,0.100891016469,0.855785525422,3.5527136788e-15
0.00425,11.1179368979,17.140556538,0.0956586216116,0.856768328946,3.5527136788e-15
0.00426,10.5008420874,17.1687397608,0.100065603254,0.857746894607,3.5527136788e-15
0.00427,9.86474415757,17.2055394732,0.0966537020576,0.858730526864,3.5527136788e-15
0.00428,9.24109487519,17.235240895,0.0989424859942,0.859708467363,3.5527136788e-15
0.00429,8.61047292108,17.2675658235,0.0978664364748,0.860692525959,3.5527136788e-15
0.0043,7.97962289321,17.2991531316,0.097689986835,0.861670285772,3.5527136788e-15
0.00431,7.3548799295,17.3268464558,0.0991139653408,0.862654299727,3.5527136788e-15
0.00432,6.71707849278,17.3602398033,0.0964982979014,0.863632357595,3.5527136788e-15
0.00433,6.09771533992,17.3835960669,0.100205860687,0.864615857522,3.5527136788e-15
0.00434,5.45408784484,17.4182778633,0.0955509890851,0.865594654618,3.5527136788e-15
0.00435,4.83878805256,17.4380005055,0.100972793985,0.866577243449,3.5527136788e-15
0.00436,4.19118872699,17.4730889784,0.0949971539838,0.86755711642,3.5527136788e-15
0.00437,3.5780223641,17.4901884318,0.101292278316,0.868538529984,2.6645352591e-15
0.00438,2.92878141792,17.5245640671,0.0949284527221,0.869519659077,2.6645352591e-15
0.00439,2.31549757331,17.5402115002,0.101107588079,0.870499807266,3.5527136788e-15
0.0044,1.6670999388,17.5726776648,0.0953646230177,0.871482187518,3.5527136788e-15
0.00441,1.05146470448,17.588035983,0.100436960649,0.872461169613,3.5527136788e-15
0.00442,0.40620785305,17.6174900091,0.0962497690777,0.873444609694,3.5527136788e-15
0.00443,-0.213662082433,17.6335470508,0.0993716132661,0.874422701294,3.5527136788e-15
0.00444,-0.853980814566,17.659136566,0.0974600943962,0.87540685042,3.5527136788e-15
0.00445,-1.47933806592,17.6765650452,0.0980627624589,0.876384463676,3.5527136788e-15
0.00446,-2.1136587078,17.69780658,0.0988219825179,0.877368862777,3.5527136788e-15
0.00447,-2.74493963431,17.7168712999,0.0966994800432,0.878346485719,3.10862446895e-15
0.00448,-3.37306673821,17.7337138595,0.100137734353,0.879330635336,3.5527136788e-15
0.00449,-4.0098273421,17.7542396538,0.0954806220926,0.880308759272,3.5527136788e-15
0.0045,-4.63242886794,17.7670641527,0.10121509506,0.881292194068,3.5527136788e-15
0.00451,-5.27341096385,17.7884689636,0.0945850116857,0.882271239941,3.5527136788e-15
0.00452,-5.89188978342,17.7980239706,0.101896125588,0.883253598634,3.5527136788e-15
0.00453,-6.53520688242,17.8194117826,0.0941443842168,0.884233853441,3.5527136788e-15
0.00454,-7.15146471604,17.8266954815,0.102081070769,0.885214933569,3.5527136788e-15
0.00455,-7.79487931056,17.8469949572,0.0942232432633,0.886196506524,3.10862446895e-15
0.00456,-8.41100883727,17.8531011945,0.101743620004,0.887176295672,3.5527136788e-15
0.00457,-9.05225926968,17.8712291009,0.0948087610289,0.888159100852,1.99840144433e-15
0.00458,-9.67021072529,17.8771806771,0.100935230111,0.88913777947,3.5527136788e-15
0.00459,-10.3073385759,17.8922055721,0.0958123373146,0.89012154773,3.5527136788e-15
0.0046,-10.9286108045,17.8987997605,0.0997777962781,0.891099462939,3.5527136788e-15
0.00461,-11.5602398126,17.910081446,0.0970826432861,0.892083781465,3.5527136788e-15
0.00462,-12.1856419352,17.9177708188,0.0984456878339,0.893061395625,3.5527136788e-15
0.00463,-12.8111668484,17.925054758,0.0984282090008,0.894045769324,3.5527136788e-15
0.00464,-13.4406860329,17.9338810639,0.0971397654153,0.895023590981,3.5527136788e-15
0.00465,-14.0603433518,17.9373337457,0.0996461505043,0.896007516554,3.5527136788e-15
0.00466,-14.6931382147,17.9469246035,0.0960572309708,0.896986024108,3.5527136788e-15
0.00467,-15.3079485342,17.9471047056,0.100552701032,0.897969065702,3.5527136788e-15
0.00468,-15.9424688605,17.956733456,0.0953618387639,0.898948635265,3.5527136788e-15
0.00469,-16.5540597544,17.9545032797,0.101010946078,0.899930490315,3.16413562018e-15
0.0047,-17.1882742978,17.9632028782,0.0951589937497,0.900911338675,3.5527136788e-15
0.00471,-17.7986105811,17.9595934719,0.100951589987,0.901891883944,3.5527136788e-15
0.00472,-18.430308531,17.9663072143,0.0954795629035,0.902874035304,3.5527136788e-15
0.00473,-19.0413705948,17.9623575331,0.100383625344,0.903853346102,3.5527136788e-15
0.00474,-19.6684912681,17.9661038938,0.0962749182345,0.904836627703,3.5527136788e-15
0.00475,-20.2819499589,17.9626982314,0.0993932758342,0.905814967265,3.5527136788e-15
0.00476,-20.9028910454,17.9627249787,0.0974240160144,0.906799034676,3.33066907388e-15
0.00477,-21.5198280884,17.9604531718,0.0981313215043,0.907776815184,3.5527136788e-15
0.00478,-22.1336859649,17.9563575167,0.0987514681053,0.90876120353,3.5527136788e-15
0.00479,-22.7544021502,17.9554190297,0.0967906466853,0.90973892455,3.5527136788e-15
0.0048,-23.361107906,17.9472156312,0.100053875923,0.910723118075,3.5527136788e-15
0.00481,-23.9850481626,17.947382086,0.0955773275388,0.911701291605,3.33066907388e-15
0.00482,-24.5853785352,17.9355085113,0.101130442679,0.912684801133,3.5527136788e-15
0.00483,-25.2111855876,17.9361505076,0.0946795781398,0.913663874525,3.33066907388e-15
0.00484,-25.806646667,17.921409076,0.101813244798,0.914646311183,3.5527136788e-15
0.00485,-26.4323357797,17.9215835558,0.0942392392397,0.915626599541,3.5527136788e-15
0.00486,-27.024936328,17.9050279915,0.101992613051,0.916607733643,3.5527136788e-15
0.00487,-27.6481655715,17.9036133642,0.0943301484698,0.917589371898,3.5527136788e-15
0.00488,-28.2401132875,17.8863969202,0.101633821619,0.91856916809,3.5527136788e-15
0.00489,-28.8585094831,17.8822560273,0.0949467099997,0.919552090016,3.5527136788e-15
0.0049,-29.4518750702,17.8654635116,0.100782585802,0.920530713332,3.5527136788e-15
0.00491,-30.0633672247,17.8576103365,0.0960044337376,0.921514660698,3.5527136788e-15
0.00492,-30.6597659738,17.8420988959,0.0995585314187,0.922492452572,3.5527136788e-15
0.00493,-31.262876832,17.8298443319,0.097352380807,0.923477013108,2.6645352591e-15
0.00494,-31.8632149006,17.8161165838,0.098137582935,0.924454440883,2.22044604925e-15
0.00495,-32.4572673989,17.7991716533,0.0987956273915,0.925439109387,3.5527136788e-15
0.00496,-33.0615904165,17.7872999804,0.0967258702996,0.926416696897,3.5527136788e-15
0.00497,-33.6467983997,17.7658211856,0.100124335378,0.927400950321,3.5527136788e-15
0.00498,-34.2542648994,17.7554344439,0.0955290375127,0.928379199934,3.5527136788e-15
0.00499,-34.8316945858,17.7300044912,0.101145032489,0.929362575203,3.5527136788e-15
0.005,-35.4311049131,17.7155524566,0.0980598211948,0.930343173415,3.5527136788e-15
0.00501,-35.3190524112,17.6985595315,0.110551948188,0.931386252931,3.5527136788e-15
0.00502,-35.9048362029,17.6831644693,0.110337551733,0.932490691509,3.5527136788e-15
0.00503,-36.4892684345,17.6671049158,0.110227159757,0.933593506571,3.5527136788e-15
0.00504,-37.0717728868,17.6500994001,0.110152148086,0.934695394202,3.5527136788e-15
0.00505,-37.6533960021,17.6326940072,0.10990979526,0.935795695298,3.5527136788e-15
0.00506,-38.2325758825,17.6141045666,0.109965942085,0.936895065175,3.5527136788e-15
0.00507,-38.8112510894,17.5953321397,0.109609144922,0.937992931805,3.5527136788e-15
0.00508,-39.3870915937,17.5752008038,0.109769394486,0.939089815846,3.5527136788e-15
0.00509,-39.9626546173,17.5550271307,0.109332813854,0.940185317869,2.22044604925e-15
0.0051,-40.5351609622,17.5334061142,0.109555342528,0.941279750159,3.5527136788e-15
0.00511,-41.1074340315,17.5117900704,0.10908552023,0.942372945253,3.5527136788e-15
0.00512,-41.6766184805,17.4887351487,0.109319998715,0.94346496448,2.6645352591e-15
0.00513,-42.245423942,17.465635632,0.108868334023,0.944555896779,3.5527136788e-15
0.00514,-42.8112921827,17.4411991856,0.109063442714,0.945645547337,3.5527136788e-15
0.00515,-43.3764657721,17.4165818779,0.108678469812,0.946734247484,3.5527136788e-15
0.00516,-43.9390045902,17.3908065984,0.10878953369,0.947821579107,2.6645352591e-15
0.00517,-44.5004065126,17.3646496077,0.108509663121,0.948908065742,3.5527136788e-15
0.00518,-45.0595744581,17.33756373,0.108505258057,0.949993131769,3.5527136788e-15
0.00519,-45.6170967894,17.3098613579,0.108353071489,0.951077414252,3.5527136788e-15
0.0052,-46.1728190617,17.2814760432,0.108219612732,0.952160268812,3.5527136788e-15
0.00521,-46.7263885435,17.2522402026,0.108198562403,0.953242350801,3.5527136788e-15
0.00522,-47.2785567017,17.2225493836,0.10794219378,0.954323045378,3.5527136788e-15
0.00523,-47.8281326592,17.1918085286,0.108036192295,0.955402928744,3.5527136788e-15
0.00524,-48.3766090885,17.1607911791,0.107681704179,0.956481508674,3.5527136788e-15
0.00525,-48.9221768727,17.1285869531,0.107857652815,0.957559197198,3.5527136788e-15
0.00526,-49.4668032918,17.0962114191,0.107444605831,0.958635698643,3.5527136788e-15
0.00527,-50.0083642443,17.062593529,0.107657466532,0.95971120096,3.5527136788e-15
0.00528,-50.5489730115,17.0288232871,0.107234118271,0.960785648851,3.5527136788e-15
0.00529,-51.0865323952,16.9938433402,0.107433753092,0.961858980237,2.6645352591e-15
0.0053,-51.6229590199,16.9586433709,0.107049713232,0.962931387506,3.5527136788e-15
0.00531,-52.1565136031,16.922348535,0.107188452565,0.964002570262,3.5527136788e-15
0.00532,-52.6886087355,16.8856914294,0.106887178624,0.965072938502,3.5527136788e-15
0.00533,-53.2181357398,16.8481187888,0.106926975204,0.966142000917,3.5527136788e-15
0.00534,-53.7457750045,16.8099897562,0.106739239073,0.967210322391,3.5527136788e-15
0.00535,-54.2712239223,16.7711621305,0.106657333485,0.968277296468,2.6645352591e-15
0.00536,-54.7943142646,16.7315622275,0.10659663615,0.969343557173,3.5527136788e-15
0.00537,-55.3156026593,16.6914860224,0.106388890136,0.970408475493,3.5527136788e-15
0.00538,-55.8340843456,16.650433165,0.106449502578,0.971472658833,2.6645352591e-15
0.00539,-56.3510982123,16.6090985485,0.106130912965,0.972535551059,3.5527136788e-15
0.0054,-56.8649422073,16.5666261675,0.106288821389,0.973597641608,3.5527136788e-15
0.00541,-57.3775408603,16.5240095546,0.105891155364,0.974658531165,3.5527136788e-15
0.00542,-57.8867419246,16.480163067,0.10610774956,0.975718517958,3.5527136788e-15
0.00543,-58.3947667694,16.4362315864,0.105674676098,0.976777419434,3.5527136788e-15
0.00544,-58.8993331992,16.3910631557,0.105902607672,0.977835298321,3.5527136788e-15
0.00545,-59.4026192149,16.3457804976,0.105483074475,0.978892215964,8.881784197e-16
0.00546,-59.9025606143,16.2993427898,0.10567338895,0.979947990709,3.5527136788e-15
0.00547,-60.4009489862,16.2526756416,0.105314253068,0.98100291828,3.5527136788e-15
0.00548,-60.896263751,16.2050154341,0.105423714596,0.982056600252,3.5527136788e-15
0.00549,-61.3896139077,16.1569396113,0.105162739671,0.983109522254,3.5527136788e-15
0.0055,-61.8802781763,16.1080921511,0.105160246389,0.984161128799,3.5527136788e-15
0.00551,-62.3684775279,16.0585975564,0.105020515512,0.98521202291,3.5527136788e-15
0.00552,-62.85443719,16.0085824765,0.104891649199,0.986261574673,3.5527136788e-15
0.00553,-63.3374071446,15.957676161,0.104878220729,0.987310415016,3.5527136788e-15
0.00554,-63.8185741129,15.9064955714,0.104627263222,0.988357932638,3.5527136788e-15
0.00555,-64.2962714296,15.8542024169,0.104726552317,0.989404693416,3.5527136788e-15
0.00556,-64.7725248136,15.8018414962,0.104375688111,0.990450194134,1.7763568394e-15
0.00557,-65.2449379841,15.7482023624,0.104557642387,0.991494853092,3.5527136788e-15
0.00558,-65.7161301265,15.6946324289,0.104143492769,0.992538347753,3.5527136788e-15
0.00559,-66.1832711771,15.6396999651,0.10436620953,0.993580888967,3.5527136788e-15
0.0056,-66.6492378148,15.5848836513,0.103934243684,0.994622379934,1.7763568394e-15
0.00561,-67.1111305945,15.5287163163,0.104150312331,0.995662795525,3.5527136788e-15
0.00562,-67.5717037832,15.4726141534,0.103747994838,0.996702275778,1.7763568394e-15
0.00563,-68.0283703505,15.4152692649,0.103911595722,0.997740566328,1.7763568394e-15
0.00564,-68.4833923424,15.3578467528,0.103581311185,0.99877801991,3.5527136788e-15
0.00565,-68.9348393971,15.2993735608,0.103654998434,0.999814193537,3.5527136788e-15
0.00566,-69.3841754584,15.2406076981,0.103427816446,1.00084959726,3.5527136788e-15
0.00567,-69.830382825,15.1810415039,0.103387971286,1.00188366753,1.7763568394e-15
0.00568,-70.2739310679,15.1209257949,0.10327917695,1.00291699372,3.5527136788e-15
0.00569,-70.7148440015,15.0602840202,0.103119329249,1.00394897669,3.5527136788e-15
0.0057,-71.1525406849,14.9988311711,0.103126368446,1.00498019651,3.5527136788e-15
0.00571,-71.5880672568,14.9371120169,0.102857914012,1.00601010747,3.5527136788e-15
0.00572,-72.0198866408,14.8743538543,0.102961031916,1.00703919434,1.7763568394e-15
0.00573,-72.4499007351,14.811537823,0.102611270361,1.00806704467,3.5527136788e-15
0.00574,-72.8758493683,14.7475223733,0.102776713344,1.00909397733,5.3290705182e-15
0.00575,-73.300198986,14.6835764959,0.102384535225,1.0101197719,3.5527136788e-15
0.00576,-73.7203051521,14.6183625965,0.102569802453,1.01114453663,3.5527136788e-15
0.00577,-74.138824896,14.5532467931,0.10217970378,1.01216827234,3.5527136788e-15
0.00578,-74.5531247088,14.4868969932,0.102340033153,1.01319086399,3.5527136788e-15
0.00579,-74.9656506466,14.4205716464,0.101995378075,1.01421252947,3.5527136788e-15
0.0058,-75.3741728457,14.3531444462,0.102090476325,1.01523295123,3.5527136788e-15
0.00581,-75.7805575267,14.2855780524,0.101827029463,1.01625252778,3.5527136788e-15
0.00582,-76.1833092853,14.2171206581,0.10182703296,1.01727078979,3.5527136788e-15
0.00583,-76.5834346017,14.1482963799,0.101667728134,1.01828825349,3.5527136788e-15
0.00584,-76.9803905633,14.0788391055,0.101557510891,1.01930437037,1.7763568394e-15
0.00585,-77.3741764213,14.0087591873,0.101509223197,1.02031969498,1.7763568394e-15
0.00586,-77.7652727327,13.9383124046,0.101290429944,1.02133368284,3.5527136788e-15
0.00587,-78.1526801068,13.8669997234,0.101343205477,1.02234684299,3.5527136788e-15
0.00588,-78.5378144737,13.7955538835,0.101033739255,1.02335871631,5.3290705182e-15
0.00589,-78.9188422657,13.7230503402,0.101162560146,1.02436969065,3.5527136788e-15
0.0059,-79.2978801305,13.6505791176,0.100793641102,1.02537945951,3.5527136788e-15
0.00591,-79.6725562223,13.576941067,0.100962420714,1.02638823322,3.5527136788e-15
0.00592,-80.0453421972,13.5034071839,0.100573696675,1.02739590127,3.5527136788e-15
0.00593,-80.4137100123,13.4286985748,0.100740868887,1.02840246764,3.5527136788e-15
0.00594,-80.7800828516,13.3540614299,0.100374343976,1.02940803122,3.5527136788e-15
0.00595,-81.1421854791,13.2783457017,0.100499180629,1.03041239206,3.5527136788e-15
0.00596,-81.5019942803,13.2025696266,0.100192893788,1.03141584045,3.5527136788e-15
0.00597,-81.857858636,13.1259016246,0.10024158889,1.03241800533,1.7763568394e-15
0.00598,-82.2109777273,13.0489634698,0.100023996338,1.03341932215,3.5527136788e-15
0.00599,-82.5606012613,12.9713826599,0.0999746068064,1.03441930656,3.5527136788e-15
0.006,-82.906941404,12.8932775014,0.099860500291,1.03541847214,3.5527136788e-15
0.00601,-83.2502834895,12.8148035716,0.0997060208167,1.03641629488,3.5527136788e-15
0.00602,-83.5897975827,12.7355476143,0.0996945677056,1.03741328911,3.5527136788e-15
0.00603,-83.926777001,12.6561791861,0.0994437110418,1.03840896939,3.5527136788e-15
0.00604,-84.2594593343,12.5758093758,0.099518872315,1.03940377474,1.7763568394e-15
0.00605,-84.5899583093,12.4955260551,0.0991944797014,1.04039732933,3.5527136788e-15
0.00606,-84.915837431,12.4140964353,0.099327698993,1.04138993353,1.7763568394e-15
0.00607,-85.2397116229,12.3328639032,0.0989630639339,1.04238137448,1.7763568394e-15
0.00608,-85.5588379146,12.2504392719,0.0991177805521,1.04337177246,3.5527136788e-15
0.00609,-85.8759308254,12.1682166253,0.0987514783709,1.04436110565,1.7763568394e-15
0.0061,-86.1883607267,12.0848644832,0.0988887507928,1.0453493005,3.5527136788e-15
0.00611,-86.4985202553,12.0016126713,0.0985587802932,1.04633652532,1.7763568394e-15
0.00612,-86.8042996275,11.9173947315,0.0986431530041,1.04732252812,3.5527136788e-15
0.00613,-87.1073941591,11.8330847561,0.0983812845103,1.04830763822,3.5527136788e-15
0.00614,-87.4065434213,11.7480493572,0.0983860114559,1.04929146684,1.7763568394e-15
0.00615,-87.7024749078,11.6626689368,0.0982131865196,1.05027445187,3.5527136788e-15
0.00616,-87.9949782988,11.5768455607,0.0981240392918,1.05125612884,3.5527136788e-15
0.00617,-88.283690263,11.4904032073,0.0980474915134,1.05223697686,3.5527136788e-15
0.00618,-88.569490922,11.4037999642,0.0978646097068,1.05321652681,3.5527136788e-15
0.00619,-88.8509701326,11.3163258315,0.0978771025952,1.05419522708,3.5527136788e-15
0.0062,-89.1299717636,11.228930303,0.0976146505027,1.05517267399,3.5527136788e-15
0.00621,-89.4042433382,11.1404736831,0.0976959005452,1.0561492196,3.5527136788e-15
0.00622,-89.6763181706,11.0522569764,0.0973796303922,1.05712458441,3.5527136788e-15
0.00623,-89.9434349081,10.9628808535,0.0974996523781,1.05809897443,3.5527136788e-15
0.00624,-90.2084366716,10.8738042126,0.0971627879906,1.05907227325,1.7763568394e-15
0.00625,-90.4684643228,10.7835777453,0.097286615447,1.06004451411,3.5527136788e-15
0.00626,-90.7262441725,10.6936006675,0.096964714421,1.06101575738,3.5527136788e-15
0.00627,-90.9792449845,10.602590791,0.0970577529411,1.06198586323,3.5527136788e-15
0.00628,-91.2296678657,10.5116793671,0.0967833444088,1.06295505591,3.5527136788e-15
0.00629,-91.475684981,10.4199428309,0.0968165373869,1.06392304796,1.7763568394e-15
0.0063,-91.7186438866,10.3280770111,0.0966143475446,1.06489019062,3.5527136788e-15
0.00631,-91.9576890089,10.2356540834,0.0965683816878,1.06585609563,3.5527136788e-15
0.00632,-92.193114948,10.1428327556,0.0964518508522,1.0668211864,3.5527136788e-15
0.00633,-92.42516114,10.0497435445,0.0963197927221,1.06778503447,3.5527136788e-15
0.00634,-92.6530273419,9.95598667314,0.0962893751548,1.06874807143,3.5527136788e-15
0.00635,-92.8780079851,9.8622305909,0.096077382281,1.06970989355,3.5527136788e-15
0.00636,-93.098327789,9.7675781356,0.0961208381517,1.07067087719,3.5527136788e-15
0.00637,-93.3161417588,9.67313653254,0.0958468884774,1.07163070286,3.5527136788e-15
0.00638,-93.5289606316,9.57764437152,0.0959414707023,1.07258963827,3.5527136788e-15
0.00639,-93.7394827731,9.48248587382,0.0956323553641,1.07354749356,1.7763568394e-15
0.0064,-93.9448657964,9.38621941738,0.0957485099762,1.07450439208,3.5527136788e-15
0.00641,-94.1479609915,9.29030709573,0.0954355907172,1.07546029843,1.7763568394e-15
0.00642,-94.3459778274,9.19333361363,0.095541570638,1.07641517841,3.5527136788e-15
0.00643,-94.5415164278,9.09663284935,0.095255976528,1.07736915229,1.7763568394e-15
0.00644,-94.7322261089,8.99901370871,0.0953226468388,1.07832203893,3.5527136788e-15
0.00645,-94.9200983628,8.90149954623,0.0950906510644,1.07927409244,3.5527136788e-15
0.00646,-95.1035362155,8.80328353753,0.0950957552175,1.08022501683,1.7763568394e-15
0.00647,-95.2836635321,8.70494642444,0.0949350242182,1.08117515908,3.5527136788e-15
0.00648,-95.4598321524,8.60616515416,0.0948662834434,1.08212415643,3.5527136788e-15
0.00649,-95.6321735932,8.50701424699,0.0947835380891,1.0830723955,3.5527136788e-15
0.0065,-95.8010391203,8.40768023261,0.0946401518395,1.08401950307,3.5527136788e-15
0.00651,-95.9655922777,8.30774383999,0.0946305498392,1.08496584818,3.5527136788e-15
0.00652,-96.1270863752,8.20785151551,0.0944229210244,1.08591110307,3.5527136788e-15
0.00653,-96.2838826688,8.1071746948,0.0944711987994,1.08685556669,3.5527136788e-15
0.00654,-96.4379097504,8.00670409127,0.09421898287,1.08779900389,3.5527136788e-15
0.00655,-96.587005008,7.90534384037,0.0943021263797,1.08874160345,3.5527136788e-15
0.00656,-96.7334534788,7.80426631438,0.0940309552726,1.08968325442,3.5527136788e-15
0.00657,-96.8749153415,7.70228514349,0.0941219439013,1.09062401331,3.5527136788e-15
0.00658,-97.0136710712,7.6005702442,0.0938593664027,1.09156390534,3.5527136788e-15
0.00659,-97.1475651761,7.49802912491,0.0939313853488,1.09250285321,3.5527136788e-15
0.0066,-97.2785251541,7.39565155349,0.0937026670923,1.09344100951,3.5527136788e-15
0.00661,-97.404902164,7.29260329938,0.0937331323042,1.09437818172,3.5527136788e-15
0.00662,-97.5279863296,7.18954893836,0.0935575584303,1.09531462234,3.5527136788e-15
0.00663,-97.6468716786,7.08603297112,0.0935313489863,1.09625005868,3.5527136788e-15
0.00664,-97.762031258,6.9823031319,0.0934195736037,1.09718480201,3.5527136788e-15
0.00665,-97.8734190252,6.87834235267,0.0933310085435,1.09811854502,3.5527136788e-15
0.00666,-97.9806402685,6.77395567731,0.0932838159069,1.09905160957,3.5527136788e-15
0.00667,-98.0844919465,6.6695558345,0.093137121102,1.09998370263,3.5527136788e-15
0.00668,-98.1837948565,6.56454764335,0.0931457341078,1.10091510897,3.5527136788e-15
0.00669,-98.2800430572,6.45969921866,0.0929539854393,1.10184559442,3.5527136788e-15
0.0067,-98.3714754278,6.354118466,0.0930018147313,1.10277536678,3.5527136788e-15
0.00671,-98.4600318665,6.2488007424,0.0927845783146,1.10370428454,3.5527136788e-15
0.00672,-98.5436596007,6.14270507461,0.0928500879453,1.10463245198,3.5527136788e-15
0.00673,-98.6244261194,6.03689175425,0.0926301702336,1.10555983861,3.5527136788e-15
0.00674,-98.7003212854,5.9303414149,0.0926903763129,1.10648643554,3.5527136788e-15
0.00675,-98.7732022899,5.82400695845,0.0924902182118,1.10741232408,3.5527136788e-15
0.00676,-98.8414306477,5.71705842274,0.0925242581045,1.10833739005,2.6645352591e-15
0.00677,-98.9063451856,5.61018420539,0.092362541288,1.10926181051,3.5527136788e-15
0.00678,-98.9669549363,5.50288443917,0.0923547621743,1.1101853894,3.5527136788e-15
0.00679,-99.0238467384,5.39546386817,0.0922437403632,1.1111083698,3.5527136788e-15
0.0068,-99.0768600425,5.28784599838,0.0921858524336,1.11203050849,1.7763568394e-15
0.00681,-99.1257041687,5.17988789899,0.0921297873273,1.11295207631,3.5527136788e-15
0.00682,-99.1711125629,5.07196887281,0.0920217904296,1.11387282309,2.6645352591e-15
0.00683,-99.2119177826,4.96349869893,0.0920166849238,1.11479300689,3.5527136788e-15
0.00684,-99.2496820787,4.85527922908,0.0918664800681,1.11571240987,3.5527136788e-15
0.00685,-99.2824887054,4.74633795554,0.0919010916626,1.11663124073,3.5527136788e-15
0.00686,-99.3125433437,4.63780473699,0.0917228971737,1.11754934644,3.5527136788e-15
0.00687,-99.3374168571,4.52844560363,0.0917808158799,1.11846685913,3.5527136788e-15
0.00688,-99.359678089,4.41957548367,0.0915926891558,1.11938371159,3.5527136788e-15
0.00689,-99.3766994368,4.30985904604,0.0916551075966,1.12029994517,3.5527136788e-15
0.0069,-99.3910762076,4.20062457148,0.0914759998253,1.12121558551,3.5527136788e-15
0.00691,-99.4003301152,4.09061273583,0.0915247116786,1.1221305834,3.5527136788e-15
0.00692,-99.4067361644,3.980988321,0.0913715366186,1.12304505004,3.5527136788e-15
0.00693,-99.4082990422,3.8707381741,0.091391685034,1.12395885952,3.5527136788e-15
0.00694,-99.4066645763,3.7607060512,0.0912768584035,1.12487218886,3.5527136788e-15
0.00695,-99.4005936697,3.65026432385,0.0912590177664,1.1257848601,3.99680288865e-15
0.00696,-99.3908750165,3.53981946375,0.0911888279661,1.12669708765,3.5527136788e-15
0.00697,-99.3772002848,3.42921838627,0.091130127518,1.12760867241,3.5527136788e-15
0.00698,-99.3593861962,3.31837171034,0.0911041495123,1.12851983403,3.5527136788e-15
0.00699,-99.3381060542,3.20762683813,0.0910083132917,1.1294303844,3.5527136788e-15
0.007,-99.3122197618,3.09640626377,0.0910199015273,1.13034051756,3.5527136788e-15
0.00701,-99.2833013114,2.98551659296,0.0908962575892,1.13125008468,3.5527136788e-15
0.00702,-99.2493979993,2.8739657423,0.0909339802182,1.13215922948,3.5527136788e-15
0.00703,-99.2127817797,2.76291612973,0.090795653884,1.13306786271,3.5527136788e-15
0.00704,-99.1709417581,2.65109084576,0.090845387158,1.13397606247,3.5527136788e-15
0.00705,-99.1265504252,2.53985643302,0.0907070126835,1.13488380892,3.5527136788e-15
0.00706,-99.0768688836,2.42781955134,0.0907543231147,1.13579111038,3.5527136788e-15
0.00707,-99.0246186755,2.31637161002,0.0906296680294,1.13669801492,3.5527136788e-15
0.00708,-98.9671933876,2.20418668601,0.0906620833576,1.13760446793,3.5527136788e-15
0.00709,-98.9070068188,2.09249908948,0.0905619726183,1.13851057366,3.5527136788e-15
0.0071,-98.841925492,1.98022394447,0.0905707823252,1.13941623048,3.5527136788e-15
0.00711,-98.7737435044,1.86827936276,0.0905016394036,1.14032157949,3.5527136788e-15
0.00712,-98.7010725634,1.75596036161,0.0904829621154,1.14122649384,2.88657986403e-15
0.00713,-98.6248643898,1.64375528969,0.0904461654553,1.14213112821,3.66373598126e-15
0.00714,-98.5446408314,1.53142318466,0.0904011556868,1.14303535422,3.5527136788e-15
0.00715,-98.4604101022,1.41897105521,0.090393263362,1.143939317,2.6645352591e-15
0.00716,-98.3726376651,1.30663903077,0.09032747965,1.14484290822,3.5527136788e-15
0.00717,-98.2804237889,1.19397091605,0.090341227899,1.1457462442,3.5527136788e-15
0.00718,-98.1850740958,1.08163516962,0.0902633228933,1.1466492529,3.5527136788e-15
0.00719,-98.0849485992,0.968797913428,0.0902891801499,1.14755200916,3.5527136788e-15
0.0072,-97.9819672204,0.856440745968,0.0902091779514,1.1484544859,3.5527136788e-15
0.00721,-97.8740254693,0.743492739588,0.0902371548615,1.14935671196,3.21964677141e-15
0.00722,-97.7633421268,0.631087758185,0.0901646355955,1.15025870557,3.5527136788e-15
0.00723,-97.6476915463,0.518092931148,0.0901860251887,1.15116045318,3.5527136788e-15
0.00724,-97.5292330359,0.405611637917,0.0901285342975,1.15206201109,2.88657986403e-15
0.00725,-97.405979509,0.292632519844,0.090137287131,1.15296333367,1.44328993201e-15
0.00726,-97.2796834643,0.180051329882,0.0900992299751,1.15386450251,3.5527136788e-15
0.00727,-97.1489179165,0.0671422072656,0.0900927490906,1.15476545444,3.5527136788e-15
0.00728,-97.0147453489,-0.0455511569013,0.0900749321515,1.15566628074,3.5527136788e-15
0.00729,-96.8765325609,-0.158349947438,0.0900541863288,1.15656691655,3.5527136788e-15
0.0073,-96.7344772364,-0.27115167517,0.090054043471,1.15746744751,3.5527136788e-15
0.00731,-96.5888486491,-0.383817417437,0.0900230235052,1.15836782111,3.5527136788e-15
0.00732,-96.438941785,-0.496705215643,0.0900354416995,1.15926810513,3.5527136788e-15
0.00733,-96.2858934994,-0.609233835148,0.0900001007553,1.16016826936,3.5527136788e-15
0.00734,-96.128202945,-0.722167347132,0.090018656168,1.16106835641,7.1054273576e-15
0.00735,-95.9676993483,-0.83457156251,0.0899855615659,1.16196836271,2.6645352591e-15
0.00736,-95.8023232453,-0.947495602038,0.0900039115513,1.16286830434,3.5527136788e-15
0.00737,-95.634305833,-1.05980042688,0.0899788773274,1.16376820285,3.5527136788e-15
0.00738,-95.4613616139,-1.17265058994,0.0899920369535,1.16466805197,3.5527136788e-15
0.00739,-95.2857617491,-1.28488682601,0.0899789981047,1.1655678918,3.5527136788e-15
0.0074,-95.105372085,-1.39759665805,0.0899842629556,1.16646770219,3.5527136788e-15
0.00741,-94.9221257882,-1.50979335349,0.0899845964029,1.16736753197,3.5527136788e-15
0.00742,-94.7344036207,-1.62230198376,0.0899819491655,1.1682673576,3.10862446895e-15
0.00743,-94.5434661106,-1.73447901749,0.08999435448,1.16916722605,3.5527136788e-15
0.00744,-94.3485010987,-1.84673807168,0.0899862964667,1.17006712052,3.5527136788e-15
0.00745,-94.149858794,-1.95890003332,0.090007238876,1.17096707699,3.5527136788e-15
0.00746,-93.9477073373,-2.07087872215,0.0899980996762,1.17186709292,3.5527136788e-15
0.00747,-93.7413853755,-2.18301107753,0.0900227093916,1.17276718777,3.5527136788e-15
0.00748,-93.5320658546,-2.29469862434,0.0900175876263,1.17366737655,3.5527136788e-15
0.00749,-93.3181298588,-2.40676681484,0.0900408229952,1.17456766123,2.22044604925e-15
0.0075,-93.1016239386,-2.51817179131,0.0900443804769,1.17546807291,2.6645352591e-15
0.00751,-92.8801756505,-2.63012346106,0.090062213565,1.17636859992,3.5527136788e-15
0.00752,-92.6564355418,-2.74127008388,0.0900775715626,1.17726928342,3.5527136788e-15
0.00753,-92.4276029108,-2.85304013451,0.090087952198,1.17817010583,3.5527136788e-15
0.00754,-92.1965635354,-2.96396206111,0.0901159173557,1.17907110939,3.5527136788e-15
0.00755,-91.9604867456,-3.07547977805,0.0901193156512,1.17997228033,3.5527136788e-15
0.00756,-91.7220809524,-3.18621234631,0.0901580984898,1.18087365201,3.5527136788e-15
0.00757,-91.4788965376,-3.29740949974,0.09015750815,1.18177522406,3.5527136788e-15
0.00758,-91.233071006,-3.40798161722,0.0902030009735,1.18267701232,2.6645352591e-15
0.00759,-90.9828965372,-3.51880027147,0.0902033910457,1.18357903689,3.5527136788e-15
0.0076,-90.729625866,-3.62922722976,0.0902499622821,1.18448129101,3.5527136788e-15
0.00761,-90.472547627,-3.73962602829,0.0902572739455,1.18538381797,3.5527136788e-15
0.00762,-90.2118443734,-3.84990438261,0.0902989328462,1.18628658832,3.5527136788e-15
0.00763,-89.9479099883,-3.95986230767,0.0903188100687,1.18718966582,3.5527136788e-15
0.00764,-89.67982905,-4.06996764164,0.0903505186112,1.18809300374,3.5527136788e-15
0.00765,-89.4090462476,-4.17948464389,0.0903870196205,1.18899667839,3.5527136788e-15
0.00766,-89.1336828722,-4.28937258422,0.0904058921987,1.1899006359,3.5527136788e-15
0.00767,-88.856024602,-4.39846697281,0.0904604412725,1.1908049531,3.5527136788e-15
0.00768,-88.5735063199,-4.50807730286,0.0904665848526,1.19170958235,3.5527136788e-15
0.00769,-88.2889214249,-4.61678030181,0.090537387616,1.19261458693,3.5527136788e-15
0.0077,-87.9993951682,-4.72604352993,0.0905341943496,1.19351993943,3.5527136788e-15
0.00771,-87.7078229342,-4.83439185704,0.0906162600748,1.19442567635,3.5527136788e-15
0.00772,-87.4114393702,-4.94323720603,0.0906100611354,1.19533180225,3.5527136788e-15
0.00773,-87.1128256605,-5.05126484327,0.090695865978,1.1962383172,3.5527136788e-15
0.00774,-86.8097232009,-5.15962840446,0.0906949728852,1.19714526469,3.5527136788e-15
0.00775,-86.5040356415,-5.26735885261,0.0907756777888,1.19805260456,3.5527136788e-15
0.00776,-86.1943266319,-5.37519062812,0.0907889548056,1.19896041948,3.5527136788e-15
0.00777,-85.881566477,-5.48263085416,0.090855982631,1.19986863253,3.5527136788e-15
0.00778,-85.565327708,-5.58989959536,0.0908911895654,1.20077735828,3.5527136788e-15
0.00779,-85.2455365599,-5.6970366042,0.0909378881234,1.20168649395,3.5527136788e-15
0.0078,-84.9228055373,-5.80373171239,0.0910000888909,1.20259617186,3.5527136788e-15
0.00781,-84.5960659243,-5.91053225075,0.0910231752507,1.20350628026,3.5527136788e-15
0.00782,-84.2668434153,-6.01666247742,0.0911135122541,1.20441695011,3.5527136788e-15
0.00783,-83.9332732121,-6.12307587808,0.0911140163734,1.20532808125,3.5527136788e-15
0.00784,-83.5975315857,-6.22866506969,0.0912291012961,1.20623978214,7.1054273576e-15
0.00785,-83.2572732293,-6.33462874998,0.0912126017305,1.20715198498,3.5527136788e-15
0.00786,-82.9149692083,-6.43970934307,0.091344676368,1.20806475623,3.5527136788e-15
0.00787,-82.5681754647,-6.54515606211,0.0913207363431,1.20897807772,3.5527136788e-15
0.00788,-82.2192652343,-6.64976137622,0.0914586278869,1.20989195968,7.1054273576e-15
0.00789,-81.8660837831,-6.75462709513,0.0914394775588,1.21080644401,2.6645352591e-15
0.0079,-81.5105380714,-6.85878364003,0.0915702327797,1.21172147867,3.5527136788e-15
0.00791,-81.1510973158,-6.96301475708,0.0915688797578,1.21263716679,3.5527136788e-15
0.00792,-80.7889141111,-7.06673574498,0.0916798359566,1.21355339798,3.5527136788e-15
0.00793,-80.4233123818,-7.17029459977,0.0917078971916,1.21447032752,2.6645352591e-15
0.00794,-80.0545253711,-7.27357564006,0.0917888573126,1.21538780074,1.7763568394e-15
0.00795,-79.6828251164,-7.37644347449,0.091854470842,1.21630600639,3.5527136788e-15
0.00796,-79.3075066326,-7.47926106824,0.0918996130776,1.21722476812,3.5527136788e-15
0.00797,-78.9297343795,-7.58143804439,0.0920057945782,1.21814428242,3.5527136788e-15
0.00798,-78.5479925283,-7.68375104788,0.0920149718547,1.2190643792,3.5527136788e-15
0.00799,-78.1641444875,-7.78525338723,0.0921587248113,1.21998523356,3.5527136788e-15
0.008,-77.7761150237,-7.88700715268,0.0921378951142,1.22090671076,1.7763568394e-15
0.00801,-77.3861673498,-7.98786190113,0.092310271594,1.22182893666,3.5527136788e-15
0.00802,-76.9920016655,-8.08899440033,0.09227093411,1.2227518373,3.5527136788e-15
0.00803,-76.5959236981,-8.18923267298,0.0924580923053,1.22367546737,3.5527136788e-15
0.00804,-76.1957748397,-8.28968162639,0.0924157660721,1.22459983108,3.5527136788e-15
0.00805,-75.793543245,-8.38933139277,0.0926009048886,1.22552489995,3.5527136788e-15
0.00806,-75.3875521177,-8.48904130266,0.0925728498082,1.22645076225,3.5527136788e-15
0.00807,-74.9791637769,-8.58812081117,0.0927387472364,1.22737730694,3.5527136788e-15
0.00808,-74.5674476034,-8.68704884508,0.0927412644613,1.22830469912,3.5527136788e-15
0.00809,-74.1529293473,-8.78556165577,0.0928730316706,1.22923275892,1.7763568394e-15
0.0081,-73.7355740452,-8.88368153137,0.0929187673924,1.23016170831,3.5527136788e-15
0.00811,-73.3149878655,-8.98161385532,0.0930063752947,1.23109132416,3.5527136788e-15
0.00812,-72.8920453703,-9.07891720287,0.0931020722311,1.23202185501,1.7763568394e-15
0.00813,-72.4654884554,-9.17623788124,0.0931422233745,1.23295306837,3.5527136788e-15
0.00814,-72.0369792518,-9.2727329499,0.0932873116671,1.23388520309,3.5527136788e-15
0.00815,-71.6045789769,-9.36939600596,0.0932843179511,1.23481805453,3.5527136788e-15
0.00816,-71.1704993259,-9.46510397483,0.0934706175241,1.23575181513,1.7763568394e-15
0.00817,-70.732404064,-9.56105329754,0.0934360917244,1.23668634284,3.5527136788e-15
0.00818,-70.2927367476,-9.65600279297,0.0936487285287,1.23762175236,3.5527136788e-15
0.00819,-69.8491039429,-9.7511782162,0.093600082976,1.23855799079,3.5527136788e-15
0.0082,-69.4038308771,-9.845398876,0.0938195279233,1.23949507442,1.7763568394e-15
0.00821,-68.9548141718,-9.93974274081,0.0937774678594,1.2404330533,3.5527136788e-15
0.00822,-68.5039290263,-10.0332587749,0.0939824205104,1.24137183914,3.5527136788e-15
0.00823,-68.0496663047,-10.1267220239,0.093967791138,1.24231158303,3.5527136788e-15
0.00824,-67.5931853292,-10.2195466897,0.0941384811855,1.24325210212,3.5527136788e-15
0.00825,-67.1337893523,-10.3120936398,0.0941689473535,1.24419363061,3.5527136788e-15
0.00826,-66.6717589192,-10.4042253919,0.0942903413873,1.24513591642,1.7763568394e-15
0.00827,-66.2073118065,-10.4958365453,0.0943774257631,1.24607924492,3.5527136788e-15
0.00828,-65.7398116887,-10.5872573605,0.0944418209971,1.24702333224,3.5527136788e-15
0.00829,-65.2703639266,-10.677929907,0.0945887902122,1.24796847334,3.5527136788e-15
0.0083,-64.7975059487,-10.7686059684,0.0945973546218,1.24891439668,3.5527136788e-15
0.00831,-64.3230799599,-10.8583519609,0.0947983261415,1.24986136183,1.7763568394e-15
0.00832,-63.8450023112,-10.9482365548,0.0947612961818,1.25080915368,3.5527136788e-15
0.00833,-63.3655999935,-11.0370790616,0.0950017575951,1.25175795489,3.5527136788e-15
0.00834,-62.8824580733,-11.1261172423,0.0949372084059,1.25270764401,1.7763568394e-15
0.00835,-62.3980711892,-11.2140850437,0.0951959224098,1.25365829541,1.7763568394e-15
0.00836,-61.9100263067,-11.3022193933,0.09512725011,1.25460990547,3.5527136788e-15
0.00837,-61.4206482481,-11.3893409785,0.0953792965324,1.25556242439,1.7763568394e-15
0.00838,-60.9278557566,-11.4765176539,0.0953317624495,1.25651597317,3.5527136788e-15
0.00839,-60.4334930536,-11.5628153469,0.0955522787266,1.25747038058,3.5527136788e-15
0.0084,-59.9360915453,-11.648989587,0.0955491270105,1.25842587988,3.5527136788e-15
0.00841,-59.4367735525,-11.7344746031,0.0957171820638,1.25938220005,3.5527136788e-15
0.00842,-58.9348765701,-11.8196149514,0.0957759276937,1.26033965635,1.7763568394e-15
0.00843,-58.4306620295,-11.9042840456,0.0958779234116,1.26129791586,3.5527136788e-15
0.00844,-57.9243533981,-11.9883747268,0.0960074010613,1.26225733163,3.5527136788e-15
0.00845,-57.4153330096,-12.0722088788,0.0960394497675,1.26321755773,1.7763568394e-15
0.00846,-56.9046663979,-12.1552500185,0.0962381135603,1.26417893326,3.5527136788e-15
0.00847,-56.3909610652,-12.238215323,0.0962069832484,1.2651411519,3.5527136788e-15
0.00848,-55.8759638202,-12.3202209876,0.09646276621,1.26610448731,3.5527136788e-15
0.00849,-55.3577188188,-12.4022716241,0.0963851978266,1.26706872115,3.5527136788e-15
0.0085,-54.8383995441,-12.4832659513,0.0966770042035,1.26803401829,3.5527136788e-15
0.00851,-54.3157754045,-12.5643488292,0.0965774551799,1.26900028488,3.5527136788e-15
0.00852,-53.7921342533,-12.6443607744,0.0968781044581,1.26996754887,3.5527136788e-15
0.00853,-53.2652955952,-12.7244212234,0.096785221518,1.27093585948,3.5527136788e-15
0.00854,-52.7373358728,-12.8034786373,0.0970654296621,1.27190509956,1.7763568394e-15
0.00855,-52.2064397154,-12.8824663639,0.0970077622823,1.27287545864,3.5527136788e-15
0.00856,-51.6741791965,-12.9605902166,0.0972405708577,1.27384668824,3.5527136788e-15
0.00857,-51.139364361,-13.0384647047,0.0972421706365,1.27481909382,3.5527136788e-15
0.00858,-50.6028447393,-13.1156642613,0.0974071472769,1.27579232974,3.5527136788e-15
0.00859,-50.0642238341,-13.1923988546,0.0974837347625,1.27676677458,3.5527136788e-15
0.0086,-49.5235169547,-13.2686684919,0.0975702850087,1.2777420355,1.7763568394e-15
0.00861,-48.9811721091,-13.3442525648,0.0977265959687,1.27871850893,3.5527136788e-15
0.00862,-48.4363820475,-13.4195707063,0.0977358469521,1.27969581333,3.5527136788e-15
0.00863,-47.8903650616,-13.494009583,0.0979646028249,1.28067430343,3.5527136788e-15
0.00864,-47.341625674,-13.568339943,0.097909527366,1.28165366729,3.5527136788e-15
0.00865,-46.79196265,-13.64165253,0.0981922334767,1.28263416319,1.7763568394e-15
0.00866,-46.2394308496,-13.7149475379,0.0980959484473,1.28361559787,3.5527136788e-15
0.00867,-45.6861307347,-13.7871619622,0.0984054444569,1.28459809169,1.7763568394e-15
0.00868,-45.1299763637,-13.8593679224,0.0982978995536,1.28558160219,3.5527136788e-15
0.00869,-44.5730422585,-13.9305157593,0.0986023123016,1.28656609041,1.7763568394e-15
0.0087,-44.0134359443,-14.0015790395,0.0985158409104,1.28755167444,1.7763568394e-15
0.00871,-43.4528775928,-14.071688937,0.098783363306,1.28853815839,1.7763568394e-15
0.00872,-42.8899783115,-14.1415623056,0.0987477553378,1.2895258063,3.5527136788e-15
0.00873,-42.325823968,-14.2106539274,0.0989515327768,1.29051429181,3.5527136788e-15
0.00874,-41.7597681396,-14.2793021093,0.0989893792955,1.29150398746,1.7763568394e-15
0.00875,-41.1920740363,-14.3473813008,0.0991117513241,1.29249448351,1.7763568394e-15
0.00876,-40.6229678117,-14.414784906,0.0992347862544,1.29348620599,3.5527136788e-15
0.00877,-40.0518237488,-14.4818408378,0.0992702135836,1.29447872269,1.7763568394e-15
0.00878,-39.4797397271,-14.5479980298,0.0994772400856,1.29547244857,1.7763568394e-15
0.00879,-38.9052698347,-14.6140028037,0.0994334352709,1.29646699474,3.5527136788e-15
0.0088,-38.3302488298,-14.6789283932,0.0997101925017,1.29746270062,3.5527136788e-15
0.00881,-37.7526072466,-14.7438392403,0.0996072396188,1.2984592813,3.5527136788e-15
0.00882,-37.1746649789,-14.8075612668,0.0999282736328,1.29945694616,1.7763568394e-15
0.00883,-36.5940269541,-14.8713250803,0.0997958282252,1.30045556043,3.5527136788e-15
0.00884,-36.0131647909,-14.9338793284,0.100128122783,1.30145516753,1.7763568394e-15
0.00885,-35.4297144284,-14.9964389077,0.100001081504,1.30245580706,1.7763568394e-15
0.00886,-34.8459326484,-15.0578621369,0.100308928043,1.30345734496,1.7763568394e-15
0.00887,-34.259849071,-15.1191632388,0.100222201347,1.30445999343,1.7763568394e-15
0.00888,-33.6731606918,-15.1794861257,0.100472585791,1.30546345612,3.5527136788e-15
0.00889,-33.0846046961,-15.2394842638,0.10045575791,1.30646808964,3.5527136788e-15
0.0089,-32.4950477565,-15.2987251316,0.100623448031,1.30747347558,3.5527136788e-15
0.00891,-31.9041510229,-15.357391074,0.100696141168,1.30848006414,1.7763568394e-15
0.00892,-31.3117973884,-15.4155513965,0.100767688466,1.30948737444,3.5527136788e-15
0.00893,-30.7186559667,-15.4728744814,0.100936355454,1.31049588411,1.7763568394e-15
0.00894,-30.1236152136,-15.5299368956,0.100912377511,1.31150512005,1.7763568394e-15
0.00895,-29.5282883912,-15.5859256032,0.101169041171,1.31251551562,3.5527136788e-15
0.00896,-28.9307060544,-15.641854797,0.101064402958,1.31352667599,3.5527136788e-15
0.00897,-28.3332208957,-15.6965344276,0.101387570933,1.3145389237,1.7763568394e-15
0.00898,-27.7332712312,-15.7512808249,0.101229399208,1.31555200219,3.5527136788e-15
0.00899,-27.1336321981,-15.804688587,0.10158705329,1.31656607206,1.7763568394e-15
0.009,-26.5315064754,-15.8581943122,0.101410849484,1.31758105526,3.5527136788e-15
0.00901,-25.9297087226,-15.9103725349,0.10176508869,1.31859692276,3.5527136788e-15
0.00902,-25.325600789,-15.9625787687,0.101609501615,1.31961378902,3.5527136788e-15
0.00903,-24.7216451228,-16.0135672671,0.10192215785,1.32063143573,3.5527136788e-15
0.00904,-24.1157364466,-16.0644218686,0.101823192035,1.32165015505,3.5527136788e-15
0.00905,-23.5096436326,-16.11425064,0.102061577199,1.3226695682,3.5527136788e-15
0.00906,-22.9020901527,-16.1637148465,0.102047111407,1.32369010325,3.5527136788e-15
0.00907,-22.293912323,-16.2123982467,0.102189021471,1.32471127427,3.5527136788e-15
0.00908,-21.6848351844,-16.2604513927,0.102274477975,1.32573358233,3.5527136788e-15
0.00909,-21.0746625224,-16.3079847199,0.102311679852,1.32675650452,3.5527136788e-15
0.0091,-20.4641441883,-16.3546262129,0.102497521668,1.32778054015,3.5527136788e-15
0.00911,-19.8521057936,-16.4009852606,0.102437169253,1.3288052059,3.5527136788e-15
0.00912,-19.2401921887,-16.4462334818,0.102708633007,1.3298309238,3.5527136788e-15
0.00913,-18.6264509405,-16.4913771514,0.102572367289,1.33085732172,2.6645352591e-15
0.00914,-18.013159326,-16.5352654328,0.102901503592,1.33188467955,3.5527136788e-15
0.00915,-17.3979015151,-16.5791410148,0.10272234215,1.33291279198,3.5527136788e-15
0.00916,-16.7832328814,-16.6217113123,0.10307208397,1.33394175254,3.5527136788e-15
0.00917,-16.1666542223,-16.6642616136,0.102889544108,1.33497155376,3.5527136788e-15
0.00918,-15.5506082566,-16.7055568666,0.103219210323,1.33600208628,3.5527136788e-15
0.00919,-14.9328984756,-16.7467280637,0.103073385566,1.3370335419,3.5527136788e-15
0.0092,-14.3154887422,-16.7867844466,0.103344800203,1.33806562218,3.5527136788e-15
0.00921,-13.6968171746,-16.8265334243,0.103270278634,1.33909868952,7.1054273576e-15
0.00922,-13.0780841044,-16.865373715,0.103453582091,1.34013229896,3.5527136788e-15
0.00923,-12.4585885757,-16.9036737302,0.103474130107,1.34116692866,2.6645352591e-15
0.00924,-11.8386082096,-16.9413028442,0.103552394394,1.34220205228,2.6645352591e-15
0.00925,-11.2183889536,-16.9781466207,0.10367722374,1.34323819069,3.5527136788e-15
0.00926,-10.597276063,-17.0145500124,0.103649155615,1.34427481437,3.5527136788e-15
0.00927,-9.97639562141,-17.049949785,0.103871359761,1.3453124066,3.5527136788e-15
0.00928,-9.35430072895,-17.0850949608,0.103751658851,1.34635051408,3.5527136788e-15
0.00929,-8.73278982299,-17.1190794743,0.104049080834,1.34738950699,3.5527136788e-15
0.0093,-8.10989062052,-17.1529203618,0.103866372328,1.34842907699,3.5527136788e-15
0.00931,-7.4877590306,-17.185529315,0.10420479873,1.34946942189,2.6645352591e-15
0.00932,-6.86424758248,-17.2180127826,0.103997428751,1.3505104258,3.5527136788e-15
0.00933,-6.24149828294,-17.2492896125,0.10433564918,1.35155208038,3.5527136788e-15
0.00934,-5.61756606159,-17.2803630943,0.104145959374,1.35259448093,3.5527136788e-15
0.00935,-4.99421035306,-17.3103472517,0.104441942091,1.35363741004,1.7763568394e-15
0.00936,-4.37003348122,-17.3399662664,0.104309877663,1.35468116115,3.5527136788e-15
0.00937,-3.74610472631,-17.3686862035,0.104527134672,1.35572533641,3.5527136788e-15
0.00938,-3.12183174351,-17.3968205869,0.104484149874,1.3567703842,3.5527136788e-15
0.00939,-2.49739555841,-17.4242885521,0.104597326966,1.35781578247,2.22044604925e-15
0.0094,-1.87313960327,-17.4509264366,0.104661515973,1.35886206739,3.5527136788e-15
0.00941,-1.24829894379,-17.4771358739,0.104660351968,1.35990866829,3.5527136788e-15
0.00942,-0.624135523095,-17.5022848189,0.104833555354,1.36095612792,3.10862446895e-15
0.00943,0.000970071238114,-17.5272107459,0.104724594924,1.36200391079,3.5527136788e-15
0.00944,0.624999450501,-17.5508958785,0.104991938436,1.36305248311,3.5527136788e-15
0.00945,1.25020026353,-17.5744981467,0.104797718753,1.36410142389,3.5527136788e-15
0.00946,1.87407924495,-17.5967576411,0.105129675624,1.3651510503,3.5527136788e-15
0.00947,2.49918637178,-17.6189865324,0.104885488377,1.36620111874,3.5527136788e-15
0.00948,3.12291113054,-17.6398651669,0.105242174076,1.36725174651,3.5527136788e-15
0.00949,3.74773028363,-17.6606684274,0.104990873242,1.36830290425,3.5527136788e-15
0.0095,4.37129514201,-17.6802102412,0.105327940489,1.36935448802,3.5527136788e-15
0.00951,4.99564111213,-17.6995404488,0.105113566378,1.37040668773,3.5527136788e-15
0.00952,5.61902462399,-17.7177816371,0.105388820767,1.37145918978,3.5527136788e-15
0.00953,6.24273417945,-17.7356027729,0.105249996025,1.37251237557,3.10862446895e-15
0.00954,6.86588779536,-17.7525658991,0.105429736943,1.37356576488,3.5527136788e-15
0.00955,7.48882909467,-17.7688581402,0.10539383145,1.37461987389,3.5527136788e-15
0.00956,8.1116700729,-17.784548513,0.105457957834,1.37567412402,3.5527136788e-15
0.00957,8.73374724617,-17.7993105616,0.105536909504,1.37672908901,3.5527136788e-15
0.00958,9.35615678591,-17.8137152753,0.105482010866,1.37778417529,3.5527136788e-15
0.00959,9.97730910938,-17.82696393,0.105670444087,1.37883992782,3.5527136788e-15
0.0096,10.5991358656,-17.8400536497,0.105510397699,1.37989582405,3.5527136788e-15
0.00961,11.2193317851,-17.8518207502,0.105786336973,1.38095229773,3.5527136788e-15
0.00962,11.840400111,-17.8635539078,0.105550306969,1.38200897316,3.5527136788e-15
0.00963,12.4596271345,-17.8738811724,0.10587839212,1.38306610659,3.5527136788e-15
0.00964,13.0797487105,-17.8842098898,0.105606519061,1.38412352337,3.5527136788e-15
0.00965,13.6980007743,-17.8931424647,0.105943249227,1.38518126224,3.5527136788e-15
0.00966,14.3169878224,-17.9020192855,0.105680669672,1.38623937389,3.5527136788e-15
0.00967,14.9342520568,-17.9095989875,0.105980894014,1.38729767198,3.5527136788e-15
0.00968,15.5519301646,-17.9169834097,0.105770985306,1.38835642314,3.5527136788e-15
0.00969,16.1681750094,-17.9232426573,0.105994666217,1.38941524199,3.33066907388e-15
0.0097,16.7843937119,-17.9291065224,0.105872532756,1.3904745694,3.5527136788e-15
0.00971,17.3995600671,-17.9340638156,0.105990762047,1.39153387683,3.5527136788e-15
0.00972,18.0141997251,-17.9383948086,0.105977946786,1.39259371145,3.5527136788e-15
0.00973,18.6281963256,-17.9420523617,0.105977304411,1.39365347898,3.41393580072e-15
0.00974,19.2411704253,-17.9448551766,0.106078527634,1.39471374894,7.1054273576e-15
0.00975,19.8538739747,-17.9471989791,0.10596311997,1.3957739487,3.35842464949e-15
0.00976,20.4651266628,-17.9484940541,0.106165543482,1.39683458263,7.1054273576e-15
0.00977,21.0763865643,-17.9494962754,0.105956406998,1.39789518405,3.5527136788e-15
0.00978,21.6858859176,-17.9493163522,0.106231541574,1.39895611434,3.5527136788e-15
0.00979,22.2955327914,-17.9489396782,0.105963495126,1.40001708121,3.44169137634e-15
0.0098,22.9032609054,-17.94732474,0.106271469808,1.40107824664,3.5527136788e-15
0.00981,23.5111175775,-17.9455279693,0.105987884761,1.402139535,3.5527136788e-15
0.00982,24.1170589691,-17.9425193179,0.106283438901,1.40320088235,3.5527136788e-15
0.00983,24.7229523145,-17.9392633942,0.106029712039,1.40426243954,3.5527136788e-15
0.00984,25.327082318,-17.9348977248,0.106269009277,1.40532392406,3.5527136788e-15
0.00985,25.9308542755,-17.9301513464,0.106085721049,1.40638568895,3.5527136788e-15
0.00986,26.5331290599,-17.9244556481,0.106232958516,1.40744727344,3.5527136788e-15
0.00987,27.1346453022,-17.9181996825,0.106149748315,1.40850917804,3.5527136788e-15
0.00988,27.7349948634,-17.9111876567,0.106182563736,1.40957083084,3.5527136788e-15
0.00989,28.3341499734,-17.9034177721,0.10621364697,1.41063280284,3.5527136788e-15
0.0099,28.9324750124,-17.8950882328,0.10612650668,1.41169449494,3.5527136788e-15
0.00991,29.5291935207,-17.8858154196,0.106268511372,1.41275646093,3.5527136788e-15
0.00992,30.1253665655,-17.8761528574,0.106073566527,1.41381816266,3.5527136788e-15
0.00993,30.7195997859,-17.8654018067,0.10630601735,1.41488005152,3.5527136788e-15
0.00994,31.313470332,-17.8543790028,0.106031297696,1.41594172936,3.5527136788e-15
0.00995,31.9051894972,-17.8421845975,0.106319675718,1.41700347528,3.5527136788e-15
0.00996,32.4965924039,-17.8297668982,0.106004892349,1.41806508927,3.5527136788e-15
0.00997,33.085779097,-17.8161693252,0.106305809781,1.41912663396,3.10862446895e-15
0.00998,33.6745450484,-17.8023199688,0.105996399439,1.42018813602,2.22044604925e-15
0.00999,34.2611802751,-17.7873591386,0.106264109354,1.42124942987,3.5527136788e-15
0.01,34.8471468512,-17.7720448941,0.106004418184,1.4223107634,3.5527136788e-15
