time_s,node_BUSA2_voltage,node_BUSAS2_voltage,node_BUSB2_voltage,node_BUSBS2_voltage,node_BUSC2_voltage,node_BUSCS2_voltage,node_BUSMG_voltage,node_BUSMGR_voltage,node_BUSMS_voltage,node_UM1TLA_voltage,node_UM1TLB_voltage,node_UM1TLC_voltage,node_UM1MCC_voltage,output_fixed_1,output_fixed_2,output_fixed_3,branch_current_branch_fixed_1,branch_current_branch_fixed_7,branch_current_branch_fixed_9,branch_current_branch_fixed_10,torque_Nm,mechanical_speed_rad_s,mechanical_angle_rad,phase_a_current_A,phase_b_current_A,phase_c_current_A,shorted_rotor_axis_current_1_A,shorted_rotor_axis_current_2_A
0,361.168262939,3000,-402.385360654,-1500,41.2170977143,-1500,0.49,0.245,0.489950541106,44.5092699512,-270.679285964,226.170016013,0.49,3000,361.168262939,0.49,-67.9549154433,0.538698328936,0,-49.4588938371,-0.397868196789,184.725648031,0.785398163397,-67.9549154433,640.169307824,-572.214392381,-0.340252393562,-3.67694645906
0.0002,379.425275271,2991.47670078,-387.323990888,-1300.03356887,7.89871561743,-1691.44313191,0.489999655014,0.244999827507,0.48995019612,65.9805497721,-277.806764785,211.826215013,0.489999655014,2991.47670078,379.425275271,0.489999655014,-120.463558651,0.538697949664,-0.338086000585,-49.458893837,-0.395177790861,184.725648031,0.822343293004,-120.463558651,660.271249557,-539.807690907,-0.344283963085,-3.65149195879
0.0004,395.525233193,2965.95523421,-370.062213631,-1092.68008768,-25.4630195629,-1873.27514654,0.489998723465,0.244999361733,0.489949264572,87.075700528,-283.356188223,196.280487695,0.489998723465,2965.95523421,395.525233193,0.489998723465,-172.288080164,0.538696925534,-0.574831943668,-49.4588938369,-0.393293818356,184.725648031,0.85928842261,-172.288080164,676.623187183,-504.335107019,-0.35055625125,-3.63333354162
0.0006,409.377634479,2923.58061836,-350.698482019,-879.117780255,-58.6791524608,-2044.4628381,0.489997384569,0.244998692284,0.489947925675,107.675954022,-287.296435817,179.620481795,0.489997384569,2923.58061836,409.377634479,0.489997384569,-223.134014591,0.538695453572,-0.737286573392,-49.458893837,-0.392001033775,184.725648031,0.896233552216,-223.134014591,689.13219315,-465.998178559,-0.358399611388,-3.6205241233
0.0008,420.904527357,2864.59363424,-329.342909841,-660.560150241,-91.5616175164,-2204.033484,0.489995769938,0.244997884969,0.489946311044,127.66510708,-289.605213719,161.940106638,0.489995769938,2864.59363424,420.904527357,0.489995769938,-272.712439652,0.538693678472,-0.845051788434,-49.4588938369,-0.391143451315,184.725648031,0.933178681822,-272.712439652,697.727171677,-425.014732025,-0.367322852218,-3.61165399281
0.001,430.040260108,2789.32945766,-306.116741079,-438.249085687,-123.923519029,-2351.08037198,0.489993976744,0.244996988372,0.48994451785,146.929405301,-290.269288037,143.339882737,0.489993976744,2789.32945766,430.040260108,0.489993976744,-320.741629243,0.538691707063,-0.912278008298,-49.4588938368,-0.390608466367,184.725648031,0.970123811429,-320.741629243,702.359267441,-381.617638198,-0.376965919746,-3.60570662973
0.0012,436.732810121,2698.2157547,-281.15188353,-213.447802406,-155.580926592,-2484.76795229,0.489992077369,0.244996038685,0.489942618475,165.359260156,-289.28480929,123.925549134,0.489992077369,2698.2157547,436.732810121,0.489992077369,-366.948662974,0.538689618919,-0.949109651381,-49.4588938368,-0.390315352847,184.725648031,1.00706894103,-366.948662974,703.002144714,-336.053481741,-0.387064426784,-3.60195441018
0.0014,440.944068894,2591.77025158,-254.590147773,12.5663338669,-186.353921121,-2604.33658545,0.489990126391,0.244995063196,0.489940667497,182.849859824,-286.657321395,103.807461571,0.489990126391,2591.77025158,440.944068894,0.489990126391,-411.070976227,0.538687474045,-0.962848692259,-49.4588938367,-0.390206003965,184.725648031,1.04401407064,-411.070976227,699.652136433,-288.581160206,-0.397422379043,-3.5998746024
0.0016,442.650050115,2470.59779288,-226.582433423,238.509065724,-216.067616692,-2709.10685861,0.489988165543,0.244994082772,0.48993870665,199.301755277,-282.40172126,83.0999659833,0.489988165543,2470.59779288,442.650050115,0.489988165543,-452.857851552,0.53868531832,-0.958782069618,-49.4588938367,-0.390238347964,184.725648031,1.08095920025,-452.857851552,692.328264644,-239.470413092,-0.407892833996,-3.59908964594
0.0018,441.841019498,2335.3869047,-197.287866332,463.096541491,-244.553153166,-2798.48344619,0.489986227225,0.244993113613,0.489936768331,214.621418135,-276.542168136,61.9207500011,0.489986227225,2335.3869047,441.841019498,0.489986227225,-492.071842902,0.538683187363,-0.940769736015,-49.4588938367,-0.390381668603,184.725648031,1.11790432985,-492.071842902,681.072132174,-189.000289272,-0.418364196371,-3.59932471607
0.002,438.521545382,2186.90588226,-166.872890833,685.052610332,-271.648654549,-2871.9584926,0.489984336989,0.244992168494,0.489934878095,228.721766838,-269.111942345,40.3901755078,0.489984336989,2186.90588226,438.521545382,0.489984336989,-528.490124561,0.538681109266,-0.911662340863,-49.4588938366,-0.390613281357,184.725648031,1.15484945946,-528.490124561,665.947686064,-137.457561503,-0.428750515453,-3.6003775869
0.0022,432.710469361,2025.99842436,-135.51032162,903.116073588,-297.200147741,-2929.11449795,0.489982515295,0.244991257647,0.489933056401,241.52265763,-260.153253535,18.6305959051,0.489982515295,2025.99842436,432.710469361,0.489982515295,-561.905757084,0.538679106524,-0.873597687227,-49.4588938366,-0.390916174309,184.725648031,1.19179458907,-561.905757084,647.040854112,-85.135097028,-0.438984621611,-3.60209724293
0.0024,424.44079676,1853.57883927,-103.378360242,1116.04785116,-321.062436518,-2969.62669043,0.489980778755,0.244990389378,0.489931319861,252.951337205,-249.716999119,-3.23433808595,0.489980778755,1853.57883927,424.44079676,0.489980778755,-592.128863025,0.5386771974,-0.828210929059,-49.4588938366,-0.391277335461,184.725648031,1.22873971867,-592.128863025,624.459056546,-32.3301935215,-0.44901327614,-3.60436871382
0.0026,413.759507326,1670.62684946,-70.6595815416,1322.63802222,-343.099925785,-2993.26487168,0.489979141006,0.244989570503,0.489929682112,262.942854122,-237.86247396,-25.0803801627,0.489979141006,1670.62684946,413.759507326,0.489979141006,-618.987705755,0.538675396884,-0.776783386653,-49.4588938364,-0.391686568512,184.725648031,1.26568484828,-618.987705755,598.330595605,20.6571101497,-0.458793747606,-3.60710233627
0.0028,400.72728703,1478.18202464,-37.5398956058,1521.71270019,-363.187391424,-2999.89472484,0.489977613321,0.244988806661,0.489928154427,271.440426472,-224.657032748,-46.7833937235,0.489977613321,1478.18202464,400.72728703,0.489977613321,-642.329665235,0.538673717372,-0.720347684051,-49.4588938365,-0.392135656198,184.725648031,1.30262997788,-642.329665235,568.803926475,73.5257387599,-0.468291397855,-3.61022616545
0.003,385.418182338,1277.33787469,-4.20749100211,1712.14070305,-381.210691336,-2989.47857775,0.489976205046,0.244988102523,0.489926746152,278.39576352,-210.175706851,-68.2200566696,0.489976205046,1277.33787469,385.418182338,0.489976205046,-662.022105183,0.538672169136,-0.659761808696,-49.4588938364,-0.392617770956,184.725648031,1.33957510749,-662.022105183,536.046813726,125.975291457,-0.477477981483,-3.61368062712
0.0032,367.919178842,1069.23563614,29.1482347768,1892.83998091,-397.067413619,-2962.07561705,0.4899749239,0.24498746195,0.489925465007,283.769339404,-194.500777703,-89.2685617007,0.4899749239,1069.23563614,367.919178842,0.4899749239,-677.953126704,0.538670760664,-0.595761058386,-49.4588938364,-0.393127061535,184.725648031,1.3765202371,-677.953126704,500.245378032,177.707748672,-0.486330448384,-3.6174147637
0.0034,348.329706549,855.057787409,62.3377516401,2062.78376441,-410.667458189,-2917.84155181,0.489973776191,0.244986888095,0.489924317297,287.530617232,-177.721309128,-109.809308104,0.489973776191,855.057787409,348.329706549,0.489973776191,-690.0322041,0.538669498891,-0.528994262975,-49.4588938364,-0.39365836477,184.725648031,1.4134653667,-690.0322041,461.603038594,228.429165506,-0.494830099917,-3.62138361435
0.0036,326.761074591,636.021329766,95.1724739186,2221.00639907,-421.933548509,-2857.02772884,0.489972766963,0.244986383482,0.489923308069,289.658222258,-159.932641172,-129.725581086,0.489972766963,636.021329766,326.761074591,0.489972766963,-698.190699238,0.538668389361,-0.460048820649,-49.4588938363,-0.394207006338,184.725648031,1.45041049631,-698.190699238,420.339357273,277.851341965,-0.502961992536,-3.62554640132
0.0038,303.335838531,413.370872053,127.46583198,2366.60883234,-430.801670512,-2779.97970439,0.48997190011,0.244985950055,0.489922441216,290.140063096,-141.235848328,-148.904214767,0.48997190011,413.370872053,303.335838531,0.48997190011,-702.382251552,0.538667436356,-0.38946779212,-49.4588938363,-0.394768664733,184.725648031,1.48735562592,-702.382251552,376.688790989,325.693460562,-0.510714513543,-3.62986528953
0.004,278.187103837,188.371558587,159.034332369,2498.76372213,-437.221436206,-2687.13528072,0.489971178447,0.244985589224,0.489921719553,288.973400263,-121.737165195,-167.236235068,0.489971178447,188.371558587,278.187103837,0.489971178447,-702.583041469,0.538666642972,-0.317761356244,-49.4588938362,-0.395339280105,184.725648031,1.52430075552,-702.583041469,330.8993595,371.683681969,-0.518079075454,-3.63430455324
0.0042,251.45776944,-37.6981196506,189.698600452,2616.720138,-441.156369892,-2579.02201835,0.489970603778,0.244985301889,0.489921144884,286.164861634,-101.547382829,-184.617478806,0.489970603778,-37.6981196506,251.45776944,0.489970603778,-698.791925751,0.53866601119,-0.245414273173,-49.4588938362,-0.395914994872,184.725648031,1.56124588513,-698.791925751,283.231236096,415.560689655,-0.525049891102,-3.63883003143
0.0044,223.299715696,-263.553589653,219.284399656,2719.80782807,-442.584115353,-2456.25423842,0.489970176936,0.244985088468,0.489920718043,281.730404703,-80.7812192164,-200.949185487,0.489970176936,-263.553589653,223.299715696,0.489970176936,-691.030443984,0.538665541927,-0.17289052991,-49.4588938361,-0.396492116749,184.725648031,1.59819101473,-691.030443984,233.95526925,457.075174734,-0.531623802624,-3.64340878739
0.0046,193.872941318,-487.911495585,247.623621508,2807.44102752,-441.496562826,-2319.52953193,0.489969897828,0.244984948914,0.489920438934,275.695225859,-59.5566674308,-216.138558428,0.489969897828,-487.911495585,193.872941318,0.489969897828,-679.342696188,0.538665235079,-0.100636004412,-49.4588938362,-0.397067097551,184.725648031,1.63513614434,-679.342696188,183.351443599,495.991252589,-0.53780014539,-3.64800891232
0.0048,163.344654205,-709.496991072,274.555240847,2879.12178702,-437.899895052,-2169.62479595,0.489969765465,0.244984882732,0.489920306571,268.09361718,-37.994325181,-230.099291999,0.489969765465,-709.496991072,163.344654205,0.489969765465,-663.795092229,0.538665089561,-0.0290797519265,-49.4588938361,-0.397636522957,184.725648031,1.67208127395,-663.795092229,131.707289019,532.08780321,-0.543580633551,-3.65259942979
0.005,131.888321311,-927.050983125,299.926230801,2934.4428022,-431.814552112,-2007.39181908,0.489969778001,0.244984889001,0.489920319108,258.968771555,-16.216709562,-242.752061993,0.489969778001,-927.050983125,131.888321311,0.489969778001,-644.475974461,0.538665103344,0.0413656613673,-49.4588938361,-0.398197109855,184.725648031,1.70902640355,-644.475974461,79.3162468194,565.159727641,-0.548969257868,-3.65715027013
0.0052,99.6826829581,-1139.33728657,323.592432303,2973.08972802,-423.275115261,-1833.75244146,0.489969932767,0.244984966383,0.489920473873,248.372537242,5.65243910436,-254.024976347,0.489969932767,-1139.33728657,99.6826829581,0.489969932767,-621.49511575,0.53866527349,0.110304465692,-49.458893836,-0.398745708782,184.725648031,1.74597153316,-621.49511575,26.4760023559,595.019113394,-0.553972189358,-3.66163229271
0.0054,66.9107371902,-1345.14964827,345.419373227,2994.84296494,-412.330110417,-1649.69331667,0.4899702263,0.24498511315,0.489920767407,236.365123243,27.4888603793,-263.853983622,0.4899702263,-1345.14964827,66.9107371902,0.4899702263,-594.983095722,0.538665596197,0.177358413348,-49.4588938359,-0.399279309711,184.725648031,1.78291666277,-594.983095722,-26.5132064813,621.496302203,-0.558597684345,-3.66601733995
0.0056,33.7586999362,-1543.31860135,365.283032481,2999.57890673,-399.041732417,-1456.26030539,0.489970654388,0.244985327194,0.489921195494,223.014757177,49.1684797743,-272.183236951,0.489970654388,-1543.31860135,33.7586999362,0.489970654388,-565.090558781,0.53866606683,0.242167766322,-49.4588938359,-0.399795049899,184.725648031,1.81986179237,-565.090558781,-79.3502952774,644.440854058,-0.562855987978,-3.67027831184
0.0058,0.414946890304,-1732.71811027,383.070544715,2987.27064282,-383.485491605,-1254.55253255,0.489971212103,0.244985606051,0.489921753209,208.397297598,70.568113763,-278.96541136,0.489971212103,-1732.71811027,0.414946890304,0.489971212103,-531.987358118,0.538666679972,0.304392424645,-49.4588938358,-0.400290222876,184.725648031,1.85680692198,-531.987358118,-131.735043916,663.722402034,-0.566759234259,-3.67438925227
0.006,-32.9310568783,-1912.27196925,398.680841641,2957.98811121,-365.749784763,-1045.71614196,0.489971893843,0.244985946922,0.489922434949,192.595802945,91.5661697304,-284.161972675,0.489971893843,-1912.27196925,-32.9310568783,0.489971893843,-495.861590574,0.538667429467,0.363713115628,-49.4588938358,-0.4007622879,184.725648031,1.89375205158,-495.861590574,-183.369802487,679.231393062,-0.570321341501,-3.67832544131
0.0062,-66.0898335051,-2080.95991744,412.025226324,2911.8977011,-345.935392819,-830.937783665,0.48997269338,0.24498634669,0.489923234486,175.700059589,112.043336885,-287.743396474,0.48997269338,-2080.95991744,-66.0898335051,0.48997269338,-456.918527831,0.538668308465,0.419832578569,-49.4588938358,-0.401208879391,184.725648031,1.93069718119,-456.918527831,-233.9611826,690.879710431,-0.573557902585,-3.68206348894
0.0064,-98.8729689818,-2237.82343627,423.027877168,2849.2613074,-324.154908186,-611.437871123,0.489973603899,0.24498680195,0.489924145005,157.806071646,131.883264202,-289.689335848,0.489973603899,-2237.82343627,-98.8729689818,0.489973603899,-415.379450021,0.538669309476,0.472476702416,-49.4588938357,-0.401627815983,184.725648031,1.9676423108,-415.379450021,-283.221724467,698.601174488,-0.576486069795,-3.68558142686
0.0066,-131.094183763,-2381.97119594,431.626278754,2770.43484257,-300.532094992,-388.463646629,0.489974618055,0.244987309027,0.489925159161,139.015515464,150.973221555,-289.988737018,0.489974618055,-2381.97119594,-131.094183763,0.489974618055,-371.480388366,0.538670424422,0.521395581949,-49.4588938358,-0.40201710893,184.725648031,2.0045874404,-371.480388366,-330.871530314,702.351918681,-0.579124434368,-3.688858796
0.0068,-162.570391243,-2512.58412013,437.771577061,2675.86621433,-275.201185819,-163.282094204,0.489975728014,0.244987864007,0.48992626912,119.435161873,169.204740267,-288.63990214,0.489975728014,-2512.58412013,-162.570391243,0.489975728014,-325.470784004,0.538671644694,0.566364469065,-49.4588938358,-0.402374969673,184.725648031,2.04153257001,-325.470784004,-376.639854814,702.110638818,-0.581492900998,-3.691876728
0.007,-193.122738091,-2628.92004013,441.428857064,2566.09278048,-248.306118973,62.8272596506,0.489976925513,0.244988462756,0.489927466619,99.1762694987,186.474229454,-285.650498953,0.489976925513,-2628.92004013,-193.122738091,0.489976925513,-277.612070612,0.538672961206,0.607184599852,-49.4588938357,-0.402699816429,184.725648031,2.07847769962,-277.612070612,-420.266643514,697.878714127,-0.583612557763,-3.69461801909
0.0072,-222.577620533,-2730.31791206,442.577341129,2441.73829557,-219.999720596,288.579616484,0.489978201909,0.244989100955,0.489928743015,78.3539525639,202.683564644,-281.037517208,0.489978201909,-2730.31791206,-222.577620533,0.489978201909,-228.176188888,0.538674364456,0.64368388732,-49.4588938356,-0.402990279696,184.725648031,2.11542282922,-228.176188888,-461.504010522,689.680199411,-0.585505542055,-3.6970671957
0.0074,-250.7676708,-2816.20157296,441.210507072,2303.50936659,-190.442836272,512.692206371,0.489979548237,0.244989774119,0.489930089343,57.0865267878,217.740645342,-274.82717213,0.489979548237,-2816.20157296,-250.7676708,0.489979548237,-177.444041331,0.538675844588,0.675717468257,-49.4588938356,-0.403245206613,184.725648031,2.15236795883,-177.444041331,-500.11764704,677.561688372,-0.587194903089,-3.69921057069
0.0076,-277.532708148,-2886.08301476,437.336125226,2152.19143789,-159.803417079,733.891576869,0.489980955263,0.244990477632,0.48993149637,35.4948370925,231.559918365,-267.054755457,0.489980955263,-2886.08301476,-277.532708148,0.489980955263,-125.703896096,0.53867739145,0.70316810027,-49.4588938356,-0.40346366411,184.725648031,2.18931308843,-125.703896096,-535.888152756,661.592048852,-0.588704461716,-3.70103629002
0.0078,-302.720649033,-2939.56515715,430.976214281,1988.64432812,-128.255565248,950.920829033,0.489982413543,0.244991206772,0.48993295465,13.7015709384,244.062863968,-257.764434906,0.489982413543,-2939.56515715,-302.720649033,0.489982413543,-73.2497489948,0.538678994661,0.725946402643,-49.4588938355,-0.40364494084,184.725648031,2.22625821804,-73.2497489948,-568.612282521,641.862031516,-0.590058668292,-3.70253436923
0.008,-326.188371286,-2976.34410394,422.166916173,1813.79734459,-95.9785448878,1162.54675936,0.48998391348,0.24499195674,0.489934454586,-8.16943881076,255.178442013,-247.009003202,0.48998391348,-2976.34410394,-326.188371286,0.48998391348,-20.3796529576,0.538680643667,0.743990944116,-49.4588938355,-0.40378854786,184.725648031,2.26320334765,-20.3796529576,-598.104101227,618.483754184,-0.591282459282,-3.70369671966
0.0082,-347.802527355,-2996.21086982,410.958290719,1628.64400273,-63.1557633642,1367.56686709,0.489985445377,0.244992722688,0.489935986483,-29.9939175308,264.84349563,-234.8495781,0.489985445377,-2996.21086982,-347.802527355,0.489985445377,32.6059755673,0.538682327811,0.757268171874,-49.4588938355,-0.403894218083,184.725648031,2.30014847725,32.6059755673,-624.196040331,591.590064764,-0.592401113423,-3.70451716418
0.0084,-367.440302017,-2999.05256785,397.414031165,1434.23638076,-29.9737291472,1564.81618709,0.489986999499,0.24499349975,0.489937540606,-51.6478549903,273.003110091,-221.355255101,0.489986999499,-2999.05256785,-367.440302017,0.489986999499,85.4060636382,0.538684036389,0.765772187442,-49.4588938353,-0.403961904485,184.725648031,2.33709360686,85.4060636382,-646.739850011,561.333786373,-0.593440108188,-3.7049914425
0.0086,-384.990110239,-2984.85305094,381.611102269,1231.67914159,3.37900796955,1753.17390936,0.489988566129,0.244994283064,0.489939107235,-73.0082100015,279.610924841,-206.602714839,0.489988566129,-2984.85305094,-384.990110239,0.489988566129,137.720592577,0.538685758716,0.769524370611,-49.4588938353,-0.403991777115,184.725648031,2.37403873646,137.720592577,-665.607441553,527.886848976,-0.594424977299,-3.70511720607
0.0088,-400.352231221,-2953.69300359,363.639302976,1022.12325583,36.7129282452,1931.56974776,0.489990135615,0.244995067808,0.489940676722,-93.9536095649,284.629396933,-190.675787368,0.489990135615,-2953.69300359,-400.352231221,0.489990135615,189.252302735,0.538687484186,0.768572854402,-49.4588938352,-0.403984218921,184.725648031,2.41098386607,189.252302735,-680.691615176,491.439312441,-0.595381170057,-3.70489400271
0.009,-413.439375036,-2905.74948339,343.600756155,806.759461845,69.8386188807,2098.99002154,0.489991698437,0.244995849218,0.489942239543,-114.365038535,288.030014353,-173.664975818,0.489991698437,-2905.74948339,-413.439375036,0.489991698437,239.708382581,0.538689202327,0.762991857599,-49.4588938352,-0.403939820431,184.725648031,2.44792899568,239.708382581,-691.906669163,452.198286582,-0.596333913253,-3.7043232511
0.0092,-424.177178625,-2841.29491498,321.609328324,586.811499665,102.5678503,2254.48341532,0.489993245246,0.244996622623,0.489943786352,-134.126515887,289.79345803,-155.666942143,0.489993245246,-2841.29491498,-424.177178625,0.489993245246,288.802132518,0.538690902864,0.752880877582,-49.4588938352,-0.403859373341,184.725648031,2.48487412528,288.802132518,-699.188886838,410.38675432,-0.597308076257,-3.7034082056
0.0094,-432.504628342,-2760.6955421,297.789982634,363.529157488,134.714645708,2397.16638461,0.489994766924,0.244997383462,0.48994530803,-153.125753747,289.909711614,-136.783957867,0.489994766924,-2760.6955421,-432.504628342,0.489994766924,336.254593962,0.538692575774,0.738363753888,-49.4588938352,-0.403743863053,184.725648031,2.52181925489,336.254593962,-702.496898614,366.242304652,-0.59832804012,-3.70215391148
0.0096,-438.374406651,-2664.40934644,272.278068803,138.181170122,166.096337849,2526.22817632,0.489996254629,0.244998127315,0.489946795735,-171.25479543,288.378118388,-117.123322957,0.489996254629,-2664.40934644,-438.374406651,0.489996254629,381.796134447,0.538694211334,0.719587605039,-49.4588938351,-0.403594460224,184.725648031,2.5587643845,381.796134447,-701.811917067,320.01578262,-0.599417571229,-3.70056715105
0.0098,-441.753160988,-2552.98344538,245.218554035,-87.9519902172,196.534606953,2640.9354356,0.489997699843,0.244998849921,0.489948240949,-188.410628876,285.207384999,-96.7967561233,0.489997699843,-2552.98344538,-441.753160988,0.489997699843,425.167979725,0.538695800179,0.696721650544,-49.4588938351,-0.403412511383,184.725648031,2.5957095141,425.167979725,-697.137843688,271.969863963,-0.600599700202,-3.69865638113
0.01,-442.621693278,-2427.05098312,216.765199286,-313.585389804,225.856493992,2740.63637293,0.489999094412,0.244999547206,0.489949635518,-204.495771981,280.415531992,-75.9197600113,0.489999094412,-2427.05098312,-442.621693278,0.489999094412,466.123684175,0.538697333346,0.669955923164,-49.4588938351,-0.403199528692,184.725648031,2.63265464371,466.123684175,-688.501246715,222.37756254,-0.601896606581,-3.69643166228
