step,release_ns,start_ns,completion_ns,jitter_ns,computation_ns,response_ns,slack_ns,overrun
0,145558955660429,145558956060074,145558956061175,399645,1101,400746,9599254,false
1,145558965660429,145558966064722,145558966065825,404293,1103,405396,9594604,false
2,145558975660429,145558976050019,145558976051131,389590,1112,390702,9609298,false
3,145558985660429,145558985750132,145558985751269,89703,1137,90840,9909160,false
4,145558995660429,145558995743158,145558995745875,82729,2717,85446,9914554,false
5,145559005660429,145559005757981,145559005759421,97552,1440,98992,9901008,false
6,145559015660429,145559015795147,145559015796349,134718,1202,135920,9864080,false
7,145559025660429,145559025798836,145559025801363,138407,2527,140934,9859066,false
8,145559035660429,145559035815366,145559035817853,154937,2487,157424,9842576,false
9,145559045660429,145559046047172,145559046049877,386743,2705,389448,9610552,false
10,145559055660429,145559056029656,145559056032379,369227,2723,371950,9628050,false
11,145559065660429,145559065807495,145559065809932,147066,2437,149503,9850497,false
12,145559075660429,145559076018425,145559076020743,357996,2318,360314,9639686,false
13,145559085660429,145559086026152,145559086028843,365723,2691,368414,9631586,false
14,145559095660429,145559095782546,145559095785048,122117,2502,124619,9875381,false
15,145559105660429,145559105780516,145559105783056,120087,2540,122627,9877373,false
16,145559115660429,145559115784652,145559115786219,124223,1567,125790,9874210,false
17,145559125660429,145559125965486,145559125966823,305057,1337,306394,9693606,false
18,145559135660429,145559136040081,145559136041721,379652,1640,381292,9618708,false
19,145559145660429,145559146048481,145559146050381,388052,1900,389952,9610048,false
20,145559155660429,145559156048307,145559156051144,387878,2837,390715,9609285,false
21,145559165660429,145559165984532,145559165987043,324103,2511,326614,9673386,false
22,145559175660429,145559176048547,145559176050974,388118,2427,390545,9609455,false
23,145559185660429,145559186028100,145559186030939,367671,2839,370510,9629490,false
24,145559195660429,145559196036152,145559196038593,375723,2441,378164,9621836,false
25,145559205660429,145559206044406,145559206046951,383977,2545,386522,9613478,false
26,145559215660429,145559216025861,145559216028616,365432,2755,368187,9631813,false
27,145559225660429,145559226068059,145559226070534,407630,2475,410105,9589895,false
28,145559235660429,145559235732714,145559235735679,72285,2965,75250,9924750,false
29,145559245660429,145559245764571,145559245767046,104142,2475,106617,9893383,false
30,145559255660429,145559256055025,145559256057497,394596,2472,397068,9602932,false
31,145559265660429,145559266045515,145559266048067,385086,2552,387638,9612362,false
32,145559275660429,145559275902949,145559275905688,242520,2739,245259,9754741,false
33,145559285660429,145559286025608,145559286028116,365179,2508,367687,9632313,false
34,145559295660429,145559296050610,145559296053107,390181,2497,392678,9607322,false
35,145559305660429,145559306079362,145559306081862,418933,2500,421433,9578567,false
36,145559315660429,145559316051767,145559316054252,391338,2485,393823,9606177,false
37,145559325660429,145559326029809,145559326032290,369380,2481,371861,9628139,false
38,145559335660429,145559336037553,145559336040120,377124,2567,379691,9620309,false
39,145559345660429,145559345939313,145559345942075,278884,2762,281646,9718354,false
40,145559355660429,145559355983741,145559355986263,323312,2522,325834,9674166,false
41,145559365660429,145559366032908,145559366035476,372479,2568,375047,9624953,false
42,145559375660429,145559375745015,145559375748000,84586,2985,87571,9912429,false
43,145559385660429,145559386056663,145559386059237,396234,2574,398808,9601192,false
44,145559395660429,145559396036202,145559396038713,375773,2511,378284,9621716,false
45,145559405660429,145559406044471,145559406046952,384042,2481,386523,9613477,false
46,145559415660429,145559415952444,145559415954893,292015,2449,294464,9705536,false
47,145559425660429,145559426032697,145559426035244,372268,2547,374815,9625185,false
48,145559435660429,145559435811793,145559435814634,151364,2841,154205,9845795,false
49,145559445660429,145559445962003,145559445964464,301574,2461,304035,9695965,false
50,145559455660429,145559456027551,145559456030085,367122,2534,369656,9630344,false
51,145559465660429,145559466032900,145559466035354,372471,2454,374925,9625075,false
52,145559475660429,145559475784648,145559475787178,124219,2530,126749,9873251,false
53,145559485660429,145559486026373,145559486028939,365944,2566,368510,9631490,false
54,145559495660429,145559496029948,145559496032460,369519,2512,372031,9627969,false
55,145559505660429,145559505751202,145559505754066,90773,2864,93637,9906363,false
56,145559515660429,145559515976849,145559515979299,316420,2450,318870,9681130,false
57,145559525660429,145559526028299,145559526030792,367870,2493,370363,9629637,false
58,145559535660429,145559536039616,145559536042104,379187,2488,381675,9618325,false
59,145559545660429,145559545773791,145559545776859,113362,3068,116430,9883570,false
60,145559555660429,145559555975679,145559555978147,315250,2468,317718,9682282,false
61,145559565660429,145559566052737,145559566055225,392308,2488,394796,9605204,false
62,145559575660429,145559576040840,145559576043299,380411,2459,382870,9617130,false
63,145559585660429,145559585958515,145559585961041,298086,2526,300612,9699388,false
64,145559595660429,145559595971328,145559595973882,310899,2554,313453,9686547,false
65,145559605660429,145559605976860,145559605979426,316431,2566,318997,9681003,false
66,145559615660429,145559615782148,145559615784676,121719,2528,124247,9875753,false
67,145559625660429,145559625973263,145559625975754,312834,2491,315325,9684675,false
68,145559635660429,145559635764163,145559635767104,103734,2941,106675,9893325,false
69,145559645660429,145559646043872,145559646046381,383443,2509,385952,9614048,false
70,145559655660429,145559655784168,145559655786759,123739,2591,126330,9873670,false
71,145559665660429,145559665756879,145559665774465,96450,17586,114036,9885964,false
72,145559675660429,145559675796986,145559675798502,136557,1516,138073,9861927,false
73,145559685660429,145559685736395,145559685738649,75966,2254,78220,9921780,false
74,145559695660429,145559696034708,145559696037209,374279,2501,376780,9623220,false
75,145559705660429,145559706037301,145559706039845,376872,2544,379416,9620584,false
76,145559715660429,145559716046095,145559716048625,385666,2530,388196,9611804,false
77,145559725660429,145559725941468,145559725944187,281039,2719,283758,9716242,false
78,145559735660429,145559735801781,145559735804311,141352,2530,143882,9856118,false
79,145559745660429,145559746020639,145559746023453,360210,2814,363024,9636976,false
80,145559755660429,145559755789167,145559755791703,128738,2536,131274,9868726,false
81,145559765660429,145559765943017,145559765945609,282588,2592,285180,9714820,false
82,145559775660429,145559776031621,145559776034182,371192,2561,373753,9626247,false
83,145559785660429,145559786039963,145559786042565,379534,2602,382136,9617864,false
84,145559795660429,145559795970889,145559795973412,310460,2523,312983,9687017,false
85,145559805660429,145559806035227,145559806037843,374798,2616,377414,9622586,false
86,145559815660429,145559816033819,145559816036370,373390,2551,375941,9624059,false
87,145559825660429,145559825784833,145559825787545,124404,2712,127116,9872884,false
88,145559835660429,145559836026951,145559836029535,366522,2584,369106,9630894,false
89,145559845660429,145559846024334,145559846027116,363905,2782,366687,9633313,false
90,145559855660429,145559856045696,145559856048316,385267,2620,387887,9612113,false
91,145559865660429,145559865779224,145559865781738,118795,2514,121309,9878691,false
92,145559875660429,145559876036066,145559876038593,375637,2527,378164,9621836,false
93,145559885660429,145559886039531,145559886042104,379102,2573,381675,9618325,false
94,145559895660429,145559895785997,145559895788519,125568,2522,128090,9871910,false
95,145559905660429,145559906029236,145559906031763,368807,2527,371334,9628666,false
96,145559915660429,145559916038851,145559916041346,378422,2495,380917,9619083,false
97,145559925660429,145559926039259,145559926041780,378830,2521,381351,9618649,false
98,145559935660429,145559935824667,145559935827164,164238,2497,166735,9833265,false
99,145559945660429,145559946032582,145559946035094,372153,2512,374665,9625335,false
