time_s,source_value,observed_value,transducer_value,held_value
1e-05,0.314156863647,0.314156863647,4.85844814947e-05,0
2e-05,0.628313139932,0.628313139932,0.00019283511334,0
3e-05,0.9424607018,0.9424607018,0.000429791495521,0
4e-05,1.25660147516,1.25660147516,0.000756583834413,0
5e-05,1.57072733319,1.57072733319,0.00117043014036,0
6e-05,1.88484020194,1.88484020194,0.00166863351191,0
7e-05,2.19893195494,2.19893195494,0.0022485795041,0
8e-05,2.51300451848,2.51300451848,0.00290773357806,0
9e-05,2.82704976659,2.82704976659,0.00364363862965,0
0.0001,3.14106962593,3.14106962593,0.00445391259443,0
0.00011,3.45505597113,3.45505597113,0.00533624612674,0
0.00012,3.76901072936,3.76901072936,0.00628840035064,0
0.00013,4.08292577595,4.08292577595,0.00730820468032,0
0.00014,4.39680303872,4.39680303872,0.00839355470804,0
0.00015,4.71063439383,4.71063439383,0.00954241015731,0.00117043014036
0.00016,5.02442176985,5.02442176985,0.0107527928995,0.00117043014036
0.00017,5.33815704391,5.33815704391,0.0120227850316,0.00117043014036
0.00018,5.65184214543,5.65184214543,0.0133505270138,0.00117043014036
0.00019,5.96546895266,5.96546895266,0.0147342158643,0.00117043014036
0.0002,6.27903939599,6.27903939599,0.0161721034102,0.00445391259443
0.00021,6.59254535488,6.59254535488,0.0176624945922,0.00445391259443
0.00022,6.90598876085,6.90598876085,0.0192037458226,0.00445391259443
0.00023,7.21936149468,7.21936149468,0.0207942633926,0.00445391259443
0.00024,7.53266548913,7.53266548913,0.0224325019306,0.00445391259443
0.00025,7.84589262643,7.84589262643,0.0241169629068,0.00954241015731
0.00026,8.15904484069,8.15904484069,0.0258461931845,0.00954241015731
0.00027,8.47211401574,8.47211401574,0.027618783617,0.00954241015731
0.00028,8.78510208716,8.78510208716,0.0294333676865,0.00954241015731
0.00029,9.09800094047,9.09800094047,0.0312886201862,0.00954241015731
0.0003,9.41081251286,9.41081251286,0.0331832559427,0.0161721034102
0.00031,9.72352869168,9.72352869168,0.0351160285782,0.0161721034102
0.00032,10.0361514158,10.0361514158,0.0370857293106,0.0161721034102
0.00033,10.3486725746,10.3486725746,0.0390911857909,0.0161721034102
0.00034,10.6610941087,10.6610941087,0.0411312609771,0.0161721034102
0.00035,10.9734079096,10.9734079096,0.0432048520419,0.0241169629068
0.00036,11.2856159199,11.2856159199,0.045310889315,0.0241169629068
0.00037,11.5977100333,11.5977100333,0.0474483352579,0.0241169629068
0.00038,11.9096921944,11.9096921944,0.0496161834702,0.0241169629068
0.00039,12.2215542992,12.2215542992,0.0518134577273,0.0241169629068
0.0004,12.5332982946,12.5332982946,0.0540392110469,0.0331832559427
0.00041,12.844916079,12.844916079,0.056292524785,0.0331832559427
0.00042,13.1564096017,13.1564096017,0.0585725077601,0.0331832559427
0.00043,13.4677707635,13.4677707635,0.0608782954038,0.0331832559427
0.00044,13.7790015162,13.7790015162,0.0632090489383,0.0331832559427
0.00045,14.0900937634,14.0900937634,0.0655639545788,0.0432048520419
0.00046,14.4010494594,14.4010494594,0.0679422227611,0.0432048520419
0.00047,14.7118605106,14.7118605106,0.070343087393,0.0432048520419
0.00048,15.0225288739,15.0225288739,0.0727658051285,0.0432048520419
0.00049,15.3330464586,15.3330464586,0.0752096546645,0.0432048520419
0.0005,15.6434152247,15.6434152247,0.07767393606,0.0540392110469
0.00051,15.9536270843,15.9536270843,0.0801579700756,0.0540392110469
0.00052,16.2636840002,16.2636840002,0.0826610975334,0.0540392110469
0.00053,16.573577888,16.573577888,0.0851826786972,0.0540392110469
0.00054,16.8833107134,16.8833107134,0.0877220926718,0.0540392110469
0.00055,17.1928743952,17.1928743952,0.0902787368204,0.0655639545788
0.00056,17.5022709024,17.5022709024,0.0928520262007,0.0655639545788
0.00057,17.8114921571,17.8114921571,0.095441393018,0.0655639545788
0.00058,18.1205401317,18.1205401317,0.098046286095,0.0655639545788
0.00059,18.4294067518,18.4294067518,0.100666170359,0.0655639545788
0.0006,18.7380939932,18.7380939932,0.103300526344,0.07767393606
0.00061,19.0465937851,19.0465937851,0.105948849708,0.07767393606
0.00062,19.3549081068,19.3549081068,0.108610650768,0.07767393606
0.00063,19.6630288914,19.6630288914,0.111285454042,0.07767393606
0.00064,19.9709581219,19.9709581219,0.113972797818,0.07767393606
0.00065,20.278687735,20.278687735,0.116672233721,0.0902787368204
0.00066,20.5862197177,20.5862197177,0.119383326307,0.0902787368204
0.00067,20.8935460107,20.8935460107,0.12210565266,0.0902787368204
0.00068,21.2006686048,21.2006686048,0.124838802007,0.0902787368204
0.00069,21.507579445,21.507579445,0.127582375341,0.0902787368204
0.0007,21.8142805259,21.8142805259,0.130335985061,0.103300526344
0.00071,22.1207637968,22.1207637968,0.133099254616,0.103300526344
0.00072,22.4270312565,22.4270312565,0.135871818169,0.103300526344
0.00073,22.7330748587,22.7330748587,0.138653320258,0.103300526344
0.00074,23.0388966064,23.0388966064,0.141443415487,0.103300526344
0.00075,23.3444884577,23.3444884577,0.144241768203,0.116672233721
0.00076,23.6498524201,23.6498524201,0.147048052207,0.116672233721
0.00077,23.9549804563,23.9549804563,0.149861950453,0.116672233721
0.00078,24.2598745782,24.2598745782,0.152683154772,0.116672233721
0.00079,24.5645267532,24.5645267532,0.155511365594,0.116672233721
0.0008,24.8689389979,24.8689389979,0.158346291684,0.130335985061
0.00081,25.1731032846,25.1731032846,0.161187649887,0.130335985061
0.00082,25.4770216346,25.4770216346,0.164035164877,0.130335985061
0.00083,25.7806860251,25.7806860251,0.166888568913,0.130335985061
0.00084,26.0840984821,26.0840984821,0.169747601611,0.130335985061
0.00085,26.3872509881,26.3872509881,0.172612009713,0.144241768203
0.00086,26.6901455741,26.6901455741,0.175481546868,0.144241768203
0.00087,26.9927742276,26.9927742276,0.17835597342,0.144241768203
0.00088,27.2951389849,27.2951389849,0.181235056202,0.144241768203
0.00089,27.5972318386,27.5972318386,0.184118568333,0.144241768203
0.0009,27.8990548303,27.8990548303,0.187006289031,0.158346291684
0.00091,28.2005999581,28.2005999581,0.189898003418,0.158346291684
0.00092,28.5018692689,28.5018692689,0.19279350234,0.158346291684
0.00093,28.8028547662,28.8028547662,0.195692582197,0.158346291684
0.00094,29.1035585024,29.1035585024,0.198595044761,0.158346291684
0.00095,29.4039724869,29.4039724869,0.201500697022,0.172612009713
0.00096,29.7040987774,29.7040987774,0.20440935102,0.172612009713
0.00097,30.0039293891,30.0039293891,0.207320823692,0.172612009713
0.00098,30.3034663854,30.3034663854,0.210234936721,0.172612009713
0.00099,30.6027017875,30.6027017875,0.213151516392,0.172612009713
0.001,30.9016376645,30.9016376645,0.216070393448,0.187006289031
0.00101,31.2002660435,31.2002660435,0.218991402954,0.187006289031
0.00102,31.4985889998,31.4985889998,0.221914384165,0.187006289031
0.00103,31.7965985665,31.7965985665,0.224839180396,0.187006289031
0.00104,32.0942968248,32.0942968248,0.227765638899,0.187006289031
0.00105,32.3916758142,32.3916758142,0.230693610741,0.201500697022
0.00106,32.688737622,32.688737622,0.233622950687,0.201500697022
0.00107,32.985474294,32.985474294,0.236553517086,0.201500697022
0.00108,33.2818879238,33.2818879238,0.239485171763,0.201500697022
0.00109,33.5779705637,33.5779705637,0.242417779912,0.201500697022
0.0011,33.8737243137,33.8737243137,0.24535120999,0.216070393448
0.00111,34.1691412326,34.1691412326,0.248285333622,0.216070393448
0.00112,34.4642234269,34.4642234269,0.251220025499,0.216070393448
0.00113,34.7589629623,34.7589629623,0.254155163288,0.216070393448
0.00114,35.0533619517,35.0533619517,0.257090627539,0.216070393448
0.00115,35.3474124676,35.3474124676,0.260026301597,0.230693610741
0.00116,35.6411166298,35.6411166298,0.262962071517,0.230693610741
0.00117,35.9344665176,35.9344665176,0.265897825983,0.230693610741
0.00118,36.2274642576,36.2274642576,0.268833456224,0.230693610741
0.00119,36.5201019363,36.5201019363,0.271768855938,0.230693610741
0.0012,36.8123816872,36.8123816872,0.274703921218,0.24535120999
0.00121,37.1042956039,37.1042956039,0.277638550479,0.24535120999
0.00122,37.3958458271,37.3958458271,0.280572644385,0.24535120999
0.00123,37.6870244575,37.6870244575,0.283506105782,0.24535120999
0.00124,37.977833643,37.977833643,0.286438839632,0.24535120999
0.00125,38.2682654918,38.2682654918,0.289370752948,0.260026301597
0.00126,38.558322159,38.558322159,0.292301754731,0.260026301597
0.00127,38.8479957605,38.8479957605,0.295231755913,0.260026301597
0.00128,39.1372884586,39.1372884586,0.298160669294,0.260026301597
0.00129,39.4261923768,39.4261923768,0.301088409488,0.260026301597
0.0013,39.7147096851,39.7147096851,0.304014892867,0.274703921218
0.00131,40.0028325145,40.0028325145,0.306940037509,0.274703921218
0.00132,40.2905630428,40.2905630428,0.309863763146,0.274703921218
0.00133,40.5778934089,40.5778934089,0.312785991112,0.274703921218
0.00134,40.8648257982,40.8648257982,0.315706644298,0.274703921218
0.00135,41.1513523575,41.1513523575,0.318625647104,0.289370752948
0.00136,41.4374752802,41.4374752802,0.32154292539,0.289370752948
0.00137,41.7231867212,41.7231867212,0.324458406439,0.289370752948
0.00138,42.0084888816,42.0084888816,0.327372018908,0.289370752948
0.00139,42.2933739248,42.2933739248,0.33028369279,0.289370752948
0.0014,42.5778440599,42.5778440599,0.333193359372,0.304014892867
0.00141,42.8618914584,42.8618914584,0.336100951197,0.304014892867
0.00142,43.1455183378,43.1455183378,0.339006402029,0.304014892867
0.00143,43.428716878,43.428716878,0.341909646813,0.304014892867
0.00144,43.7114893046,43.7114893046,0.344810621639,0.304014892867
0.00145,43.9938278061,43.9938278061,0.347709263714,0.318625647104
0.00146,44.2757346166,44.2757346166,0.35060551132,0.318625647104
0.00147,44.5572019332,44.5572019332,0.353499303791,0.318625647104
0.00148,44.8382319985,44.8382319985,0.356390581474,0.318625647104
0.00149,45.1188170183,45.1188170183,0.359279285705,0.318625647104
0.0015,45.3989592438,45.3989592438,0.362165358776,0.333193359372
0.00151,45.6786508896,45.6786508896,0.365048743908,0.333193359372
0.00152,45.9578942159,45.9578942159,0.367929385224,0.333193359372
0.00153,46.2366814461,46.2366814461,0.370807227723,0.333193359372
0.00154,46.5150148491,46.5150148491,0.373682217253,0.333193359372
0.00155,46.7928866575,46.7928866575,0.376554300485,0.347709263714
0.00156,47.0702991491,47.0702991491,0.379423424892,0.347709263714
0.00157,47.3472445658,47.3472445658,0.382289538724,0.347709263714
0.00158,47.6237251944,47.6237251944,0.385152590985,0.347709263714
0.00159,47.8997332859,47.8997332859,0.388012531413,0.347709263714
0.0016,48.1752711365,48.1752711365,0.390869310455,0.362165358776
0.00161,48.4503310066,48.4503310066,0.393722879251,0.362165358776
0.00162,48.7249152015,48.7249152015,0.39657318961,0.362165358776
0.00163,48.9990159912,48.9990159912,0.399420193995,0.362165358776
0.00164,49.2726356903,49.2726356903,0.402263845499,0.362165358776
0.00165,49.5457665784,49.5457665784,0.405104097832,0.376554300485
0.00166,49.8184109798,49.8184109798,0.4079409053,0.376554300485
0.00167,50.0905611837,50.0905611837,0.41077422279,0.376554300485
0.00168,50.3622195238,50.3622195238,0.413604005752,0.376554300485
0.00169,50.6333782993,50.6333782993,0.416430210185,0.376554300485
0.0017,50.9040398536,50.9040398536,0.41925279262,0.390869310455
0.00171,51.1741964958,51.1741964958,0.422071710105,0.390869310455
0.00172,51.4438505791,51.4438505791,0.424886920192,0.390869310455
0.00173,51.7129944226,51.7129944226,0.42769838092,0.390869310455
0.00174,51.9816303895,51.9816303895,0.430506050807,0.390869310455
0.00175,52.2497508089,52.2497508089,0.433309888829,0.405104097832
0.00176,52.5173580542,52.5173580542,0.436109854415,0.405104097832
0.00177,52.7844444645,52.7844444645,0.438905907429,0.405104097832
0.00178,53.0510124235,53.0510124235,0.441698008162,0.405104097832
0.00179,53.3170542806,53.3170542806,0.444486117317,0.405104097832
0.0018,53.5825724297,53.5825724297,0.447270196,0.41925279262
0.00181,53.8475592307,53.8475592307,0.450050205711,0.41925279262
0.00182,54.1120170877,54.1120170877,0.452826108327,0.41925279262
0.00183,54.3759383713,54.3759383713,0.455597866098,0.41925279262
0.00184,54.6393254959,54.6393254959,0.458365441637,0.41925279262
0.00185,54.9021708429,54.9021708429,0.461128797905,0.433309888829
0.00186,55.1644768372,55.1644768372,0.463887898208,0.433309888829
0.00187,55.4262358708,55.4262358708,0.466642706185,0.433309888829
0.00188,55.6874503794,55.6874503794,0.469393185798,0.433309888829
0.00189,55.9481127658,55.9481127658,0.472139301327,0.433309888829
0.0019,56.2082254765,56.2082254765,0.474881017361,0.447270196
0.00191,56.4677809251,56.4677809251,0.477618298788,0.447270196
0.00192,56.726781569,56.726781569,0.480351110788,0.447270196
0.00193,56.9852198331,56.9852198331,0.483079418829,0.447270196
0.00194,57.2430981854,57.2430981854,0.485803188656,0.447270196
0.00195,57.5004090621,57.5004090621,0.488522386284,0.461128797905
0.00196,57.7571549423,57.7571549423,0.491236977996,0.461128797905
0.00197,58.0133282734,58.0133282734,0.493946930331,0.461128797905
0.00198,58.2689315457,58.2689315457,0.496652210079,0.461128797905
0.00199,58.5239572178,58.5239572178,0.49935278428,0.461128797905
0.002,58.7784077914,58.7784077914,0.50204862021,0.474881017361
0.00201,59.0322757366,59.0322757366,0.504739685381,0.474881017361
0.00202,59.2855635663,59.2855635663,0.507425947535,0.474881017361
0.00203,59.5382637622,59.5382637622,0.510107374637,0.474881017361
0.00204,59.7903788486,59.7903788486,0.51278393487,0.474881017361
0.00205,60.041901319,60.041901319,0.51545559663,0.488522386284
0.00206,60.2928337092,60.2928337092,0.518122328524,0.488522386284
0.00207,60.5431685244,60.5431685244,0.520784099361,0.488522386284
0.00208,60.792908312,60.792908312,0.523440878151,0.488522386284
0.00209,61.0420455891,61.0420455891,0.526092634099,0.488522386284
0.0021,61.2905829149,61.2905829149,0.528739336599,0.50204862021
0.00211,61.5385128184,61.5385128184,0.531380955236,0.50204862021
0.00212,61.7858378706,61.7858378706,0.534017459774,0.50204862021
0.00213,62.0325506125,62.0325506125,0.536648820158,0.50204862021
0.00214,62.2786536272,62.2786536272,0.53927500651,0.50204862021
0.00215,62.5241394677,62.5241394677,0.541895989121,0.51545559663
0.00216,62.7690107292,62.7690107292,0.544511738452,0.51545559663
0.00217,63.0132599769,63.0132599769,0.54712222513,0.51545559663
0.00218,63.2568898181,63.2568898181,0.549727419943,0.51545559663
0.00219,63.4998928305,63.4998928305,0.552327293838,0.51545559663
0.0022,63.7422716334,63.7422716334,0.554921817917,0.528739336599
0.00221,63.984018817,63.984018817,0.557510963437,0.528739336599
0.00222,64.225137013,64.225137013,0.560094701803,0.528739336599
0.00223,64.465618824,64.465618824,0.562673004569,0.528739336599
0.00224,64.7054668941,64.7054668941,0.565245843433,0.528739336599
0.00225,64.9446738387,64.9446738387,0.567813190235,0.541895989121
0.00226,65.1832423143,65.1832423143,0.570375016955,0.541895989121
0.00227,65.4211649489,65.4211649489,0.572931295711,0.541895989121
0.00228,65.6584444117,65.6584444117,0.575481998755,0.541895989121
0.00229,65.8950733434,65.8950733434,0.578027098473,0.541895989121
0.0023,66.1310544261,66.1310544261,0.580566567382,0.554921817917
0.00231,66.3663803133,66.3663803133,0.583100378125,0.554921817917
0.00232,66.6010536998,66.6010536998,0.585628503476,0.554921817917
0.00233,66.8350672521,66.8350672521,0.58815091633,0.554921817917
0.00234,67.0684236779,67.0684236779,0.590667589708,0.554921817917
0.00235,67.3011156569,67.3011156569,0.593178496749,0.567813190235
0.00236,67.5331459096,67.5331459096,0.595683610714,0.567813190235
0.00237,67.7645071288,67.7645071288,0.59818290498,0.567813190235
0.00238,67.9952020482,67.9952020482,0.600676353042,0.567813190235
0.00239,68.225223374,68.225223374,0.603163928507,0.567813190235
0.0024,68.4545738528,68.4545738528,0.605645605099,0.580566567382
0.00241,68.6832462042,68.6832462042,0.608121356649,0.580566567382
0.00242,68.911243188,68.911243188,0.610591157101,0.580566567382
0.00243,69.1385575374,69.1385575374,0.613054980508,0.580566567382
0.00244,69.3651920254,69.3651920254,0.615512801029,0.580566567382
0.00245,69.5911393987,69.5911393987,0.617964592932,0.593178496749
0.00246,69.8164024438,69.8164024438,0.620410330587,0.593178496749
0.00247,70.0409739209,70.0409739209,0.622849988469,0.593178496749
0.00248,70.2648566302,70.2648566302,0.625283541158,0.593178496749
0.00249,70.4880433454,70.4880433454,0.627710963333,0.593178496749
0.0025,70.7105368804,70.7105368804,0.630132229776,0.605645605099
0.00251,70.9323300226,70.9323300226,0.632547315366,0.605645605099
0.00252,71.1534255996,71.1534255996,0.634956195084,0.605645605099
0.00253,71.3738164129,71.3738164129,0.637358844007,0.605645605099
0.00254,71.5935053035,71.5935053035,0.639755237309,0.605645605099
0.00255,71.8124850871,71.8124850871,0.642145350261,0.617964592932
0.00256,72.0307586185,72.0307586185,0.644529158229,0.617964592932
0.00257,72.2483187273,72.2483187273,0.646906636672,0.617964592932
0.00258,72.4651682824,72.4651682824,0.649277761146,0.617964592932
0.00259,72.6813001275,72.6813001275,0.651642507297,0.617964592932
0.0026,72.8967171456,72.8967171456,0.654000850866,0.630132229776
0.00261,73.1114121945,73.1114121945,0.656352767683,0.630132229776
0.00262,73.3253881713,73.3253881713,0.65869823367,0.630132229776
0.00263,73.5386379481,73.5386379481,0.661037224841,0.630132229776
0.00264,73.7511644362,73.7511644362,0.663369717298,0.630132229776
0.00265,73.9629605221,73.9629605221,0.665695687233,0.642145350261
0.00266,74.1740291314,74.1740291314,0.668015110926,0.642145350261
0.00267,74.3843631651,74.3843631651,0.670327964747,0.642145350261
0.00268,74.593965563,74.593965563,0.672634225152,0.642145350261
0.00269,74.8028292407,74.8028292407,0.674933868684,0.642145350261
0.0027,75.0109571526,75.0109571526,0.677226871974,0.654000850866
0.00271,75.2183422287,75.2183422287,0.67951321174,0.654000850866
0.00272,75.424987438,75.424987438,0.681792864783,0.654000850866
0.00273,75.6308857254,75.6308857254,0.684065807992,0.654000850866
0.00274,75.8360400742,75.8360400742,0.686332018342,0.654000850866
0.00275,76.0404434441,76.0404434441,0.688591472889,0.665695687233
0.00276,76.2440988333,76.2440988333,0.690844148777,0.665695687233
0.00277,76.4469992163,76.4469992163,0.693090023233,0.665695687233
0.00278,76.649147606,76.649147606,0.695329073567,0.665695687233
0.00279,76.8505369919,76.8505369919,0.697561277175,0.665695687233
0.0028,77.0511704016,77.0511704016,0.699786611532,0.677226871974
0.00281,77.2510408398,77.2510408398,0.702005054201,0.677226871974
0.00282,77.450151349,77.450151349,0.704216582824,0.677226871974
0.00283,77.6484949489,77.6484949489,0.706421175128,0.677226871974
0.00284,77.8460746971,77.8460746971,0.708618808919,0.677226871974
0.00285,78.0428836283,78.0428836283,0.710809462089,0.688591472889
0.00286,78.2389248154,78.2389248154,0.71299311261,0.688591472889
0.00287,78.4341913083,78.4341913083,0.715169738535,0.688591472889
0.00288,78.6286861949,78.6286861949,0.717339318,0.688591472889
0.00289,78.8224025407,78.8224025407,0.719501829221,0.688591472889
0.0029,79.0153434486,79.0153434486,0.721657250496,0.699786611532
0.00291,79.2075019996,79.2075019996,0.723805560205,0.699786611532
0.00292,79.3988813119,79.3988813119,0.725946736807,0.699786611532
0.00293,79.5894744819,79.5894744819,0.728080758843,0.699786611532
0.00294,79.7792846433,79.7792846433,0.730207604935,0.699786611532
0.00295,79.968304908,79.968304908,0.732327253784,0.710809462089
0.00296,80.1565384252,80.1565384252,0.734439684174,0.710809462089
0.00297,80.3439783223,80.3439783223,0.736544874967,0.710809462089
0.00298,80.5306277642,80.5306277642,0.738642805106,0.710809462089
0.00299,80.716479894,80.716479894,0.740733453616,0.710809462089
0.003,80.9015378919,80.9015378919,0.742816799601,0.721657250496
0.00301,81.0857949171,81.0857949171,0.744892822244,0.721657250496
0.00302,81.2692541655,81.2692541655,0.74696150081,0.721657250496
0.00303,81.4519088119,81.4519088119,0.749022814643,0.721657250496
0.00304,81.6337620681,81.6337620681,0.751076743168,0.721657250496
0.00305,81.8148071248,81.8148071248,0.753123265889,0.732327253784
0.00306,81.9950472096,81.9950472096,0.75516236239,0.732327253784
0.00307,82.1744755292,82.1744755292,0.757194012337,0.732327253784
0.00308,82.353095327,82.353095327,0.759218195473,0.732327253784
0.00309,82.5308998259,82.5308998259,0.761234891624,0.732327253784
0.0031,82.7078922853,82.7078922853,0.763244080693,0.742816799601
0.00311,82.8840659441,82.8840659441,0.765245742666,0.742816799601
0.00312,83.0594240776,83.0594240776,0.767239857606,0.742816799601
0.00313,83.2339599411,83.2339599411,0.769226405659,0.742816799601
0.00314,83.4076768261,83.4076768261,0.771205367049,0.742816799601
0.00315,83.580568004,83.580568004,0.773176722081,0.753123265889
0.00316,83.7526367824,83.7526367824,0.77514045114,0.753123265889
0.00317,83.9238764491,83.9238764491,0.777096534691,0.753123265889
0.00318,84.094290328,84.094290328,0.779044953279,0.753123265889
0.00319,84.2638717232,84.2638717232,0.78098568753,0.753123265889
0.0032,84.432623975,84.432623975,0.782918718149,0.763244080693
0.00321,84.600540404,84.600540404,0.784844025924,0.763244080693
0.00322,84.7676243666,84.7676243666,0.78676159172,0.763244080693
0.00323,84.9338692002,84.9338692002,0.788671396485,0.763244080693
0.00324,85.0992782776,85.0992782776,0.790573421246,0.763244080693
0.00325,85.2638449527,85.2638449527,0.792467647112,0.773176722081
0.00326,85.4275726149,85.4275726149,0.794354055271,0.773176722081
0.00327,85.5904546346,85.5904546346,0.796232626993,0.773176722081
0.00328,85.7524944178,85.7524944178,0.798103343629,0.773176722081
0.00329,85.9136853519,85.9136853519,0.79996618661,0.773176722081
0.0033,86.0740308592,86.0740308592,0.801821137449,0.782918718149
0.00331,86.2335243439,86.2335243439,0.803668177738,0.782918718149
0.00332,86.3921692452,86.3921692452,0.805507289152,0.782918718149
0.00333,86.549958984,86.549958984,0.807338453448,0.782918718149
0.00334,86.7068970163,86.7068970163,0.809161652461,0.782918718149
0.00335,86.8629767799,86.8629767799,0.810976868111,0.792467647112
0.00336,87.0182017476,87.0182017476,0.812784082398,0.792467647112
0.00337,87.1725653742,87.1725653742,0.814583277402,0.792467647112
0.00338,87.3260711493,87.3260711493,0.816374435288,0.792467647112
0.00339,87.4787125449,87.4787125449,0.8181575383,0.792467647112
0.0034,87.6304930673,87.6304930673,0.819932568765,0.801821137449
0.00341,87.7814062057,87.7814062057,0.821699509092,0.801821137449
0.00342,87.9314554835,87.9314554835,0.823458341772,0.801821137449
0.00343,88.0806344069,88.0806344069,0.825209049378,0.801821137449
0.00344,88.2289465164,88.2289465164,0.826951614565,0.801821137449
0.00345,88.3763853355,88.3763853355,0.828686020072,0.810976868111
0.00346,88.5229544217,88.5229544217,0.830412248718,0.810976868111
0.00347,88.6686473157,88.6686473157,0.832130283407,0.810976868111
0.00348,88.8134675922,88.8134675922,0.833840107124,0.810976868111
0.00349,88.9574088094,88.9574088094,0.835541702937,0.810976868111
0.0035,89.1004745592,89.1004745592,0.837235053999,0.819932568765
0.00351,89.242658417,89.242658417,0.838920143543,0.819932568765
0.00352,89.383963992,89.383963992,0.840596954888,0.819932568765
0.00353,89.5243848772,89.5243848772,0.842265471434,0.819932568765
0.00354,89.663924699,89.663924699,0.843925676666,0.819932568765
0.00355,89.8025770679,89.8025770679,0.845577554151,0.828686020072
0.00356,89.9403456278,89.9403456278,0.847221087541,0.828686020072
0.00357,90.0772240067,90.0772240067,0.848856260571,0.828686020072
0.00358,90.2132158658,90.2132158658,0.850483057061,0.828686020072
0.00359,90.3483148508,90.3483148508,0.852101460913,0.828686020072
0.0036,90.4825246405,90.4825246405,0.853711456115,0.837235053999
0.00361,90.6158388982,90.6158388982,0.855313026738,0.837235053999
0.00362,90.7482613201,90.7482613201,0.856906156937,0.837235053999
0.00363,90.8797855874,90.8797855874,0.858490830954,0.837235053999
0.00364,91.0104154138,91.0104154138,0.860067033113,0.837235053999
0.00365,91.1401444982,91.1401444982,0.861634747823,0.845577554151
0.00366,91.2689765721,91.2689765721,0.863193959579,0.845577554151
0.00367,91.3969053522,91.3969053522,0.864744652959,0.845577554151
0.00368,91.5239345875,91.5239345875,0.866286812629,0.845577554151
0.00369,91.6500580128,91.6500580128,0.867820423338,0.845577554151
0.0037,91.7752793948,91.7752793948,0.869345469921,0.853711456115
0.00371,91.899592486,91.899592486,0.870861937297,0.853711456115
0.00372,92.0230010711,92.0230010711,0.872369810473,0.853711456115
0.00373,92.1454989206,92.1454989206,0.87386907454,0.853711456115
0.00374,92.267089837,92.267089837,0.875359714675,0.853711456115
0.00375,92.3877676087,92.3877676087,0.876841716142,0.861634747823
0.00376,92.5075360562,92.5075360562,0.878315064289,0.861634747823
0.00377,92.6263889859,92.6263889859,0.879779744552,0.861634747823
0.00378,92.7443302363,92.7443302363,0.881235742453,0.861634747823
0.00379,92.8613536318,92.8613536318,0.882683043599,0.861634747823
0.0038,92.977463029,92.977463029,0.884121633686,0.869345469921
0.00381,93.0926522705,93.0926522705,0.885551498493,0.869345469921
0.00382,93.2069252307,93.2069252307,0.886972623889,0.869345469921
0.00383,93.3202757707,93.3202757707,0.888384995829,0.869345469921
0.00384,93.4327077827,93.4327077827,0.889788600355,0.869345469921
0.00385,93.5442151461,93.5442151461,0.891183423595,0.876841716142
0.00386,93.6548017713,93.6548017713,0.892569451765,0.876841716142
0.00387,93.764461556,93.764461556,0.893946671169,0.876841716142
0.00388,93.8731984288,93.8731984288,0.895315068197,0.876841716142
0.00389,93.9810063056,93.9810063056,0.896674629329,0.876841716142
0.0039,94.0878891332,94.0878891332,0.89802534113,0.884121633686
0.00391,94.1938408459,94.1938408459,0.899367190254,0.884121633686
0.00392,94.2988654088,94.2988654088,0.900700163444,0.884121633686
0.00393,94.4029567746,94.4029567746,0.902024247528,0.884121633686
0.00394,94.5061189267,94.5061189267,0.903339429426,0.884121633686
0.00395,94.6083458362,94.6083458362,0.904645696144,0.891183423595
0.00396,94.7096415049,94.7096415049,0.905943034777,0.891183423595
0.00397,94.8099999223,94.8099999223,0.907231432507,0.891183423595
0.00398,94.9094251086,94.9094251086,0.908510876608,0.891183423595
0.00399,95.0079110719,95.0079110719,0.909781354439,0.891183423595
0.004,95.1054618507,95.1054618507,0.91104285345,0.89802534113
0.00401,95.2020714718,95.2020714718,0.91229536118,0.89802534113
0.00402,95.2977439921,95.2977439921,0.913538865256,0.89802534113
0.00403,95.392473457,95.392473457,0.914773353396,0.89802534113
0.00404,95.4862639418,95.4862639418,0.915998813405,0.89802534113
0.00405,95.5791095106,95.5791095106,0.917215233178,0.904645696144
0.00406,95.6710142573,95.6710142573,0.918422600702,0.904645696144
0.00407,95.7619722646,95.7619722646,0.91962090405,0.904645696144
0.00408,95.8519876449,95.8519876449,0.920810131387,0.904645696144
0.00409,95.9410544998,95.9410544998,0.921990270967,0.904645696144
0.0041,96.0291769603,96.0291769603,0.923161311135,0.91104285345
0.00411,96.1163491465,96.1163491465,0.924323240324,0.91104285345
0.00412,96.2025752082,96.2025752082,0.92547604706,0.91104285345
0.00413,96.2878492843,96.2878492843,0.926619719957,0.91104285345
0.00414,96.3721755432,96.3721755432,0.927754247719,0.91104285345
0.00415,96.4555481427,96.4555481427,0.928879619143,0.917215233178
0.00416,96.5379712697,96.5379712697,0.929995823116,0.917215233178
0.00417,96.6194391011,96.6194391011,0.931102848612,0.917215233178
0.00418,96.6999558425,96.6999558425,0.932200684702,0.917215233178
0.00419,96.7795156895,96.7795156895,0.933289320542,0.917215233178
0.0042,96.8581228666,96.8581228666,0.934368745382,0.923161311135
0.00421,96.9357715883,96.9357715883,0.935438948564,0.923161311135
0.00422,97.0124660978,97.0124660978,0.936499919519,0.923161311135
0.00423,97.0882006288,97.0882006288,0.93755164777,0.923161311135
0.00424,97.1629794431,97.1629794431,0.938594122932,0.923161311135
0.00425,97.2367967933,97.2367967933,0.93962733471,0.928879619143
0.00426,97.3096569603,97.3096569603,0.940651272903,0.928879619143
0.00427,97.3815542156,97.3815542156,0.9416659274,0.928879619143
0.00428,97.4524928589,97.4524928589,0.942671288181,0.928879619143
0.00429,97.5224671808,97.5224671808,0.94366734532,0.928879619143
0.0043,97.5914815,97.5914815,0.944654088981,0.934368745382
0.00431,97.659530126,97.659530126,0.945631509422,0.934368745382
0.00432,97.7266173965,97.7266173965,0.946599596991,0.934368745382
0.00433,97.7927376402,97.7927376402,0.947558342131,0.934368745382
0.00434,97.8578952135,97.8578952135,0.948507735374,0.934368745382
0.00435,97.9220844645,97.9220844645,0.949447767347,0.93962733471
0.00436,97.9853097685,97.9853097685,0.950378428768,0.93962733471
0.00437,98.0475654925,98.0475654925,0.951299710449,0.93962733471
0.00438,98.1088560311,98.1088560311,0.952211603293,0.93962733471
0.00439,98.1691757705,98.1691757705,0.953114098298,0.93962733471
0.0044,98.2285291242,98.2285291242,0.954007186552,0.944654088981
0.00441,98.2869104975,98.2869104975,0.954890859238,0.944654088981
0.00442,98.3443243231,98.3443243231,0.955765107631,0.944654088981
0.00443,98.4007650256,98.4007650256,0.956629923101,0.944654088981
0.00444,98.4562370566,98.4562370566,0.957485297109,0.944654088981
0.00445,98.5107348599,98.5107348599,0.95833122121,0.949447767347
0.00446,98.5642629064,98.5642629064,0.959167687052,0.949447767347
0.00447,98.6168156591,98.6168156591,0.959994686377,0.949447767347
0.00448,98.6683976079,98.6683976079,0.960812211021,0.949447767347
0.00449,98.7190032352,98.7190032352,0.961620252913,0.949447767347
0.0045,98.76863705,98.76863705,0.962418804074,0.954007186552
0.00451,98.817293554,98.817293554,0.963207856622,0.954007186552
0.00452,98.8649772755,98.8649772755,0.963987402766,0.954007186552
0.00453,98.9116827353,98.9116827353,0.964757434812,0.954007186552
0.00454,98.957414481,98.957414481,0.965517945155,0.954007186552
0.00455,99.0021670528,99.0021670528,0.96626892629,0.95833122121
0.00456,99.0459450172,99.0459450172,0.967010370801,0.95833122121
0.00457,99.0887429341,99.0887429341,0.96774227137,0.95833122121
0.00458,99.1305653892,99.1305653892,0.968464620771,0.95833122121
0.00459,99.1714069615,99.1714069615,0.969177411872,0.95833122121
0.0046,99.2112722562,99.2112722562,0.969880637637,0.962418804074
0.00461,99.2501558716,99.2501558716,0.970574291124,0.962418804074
0.00462,99.288062432,99.288062432,0.971258365486,0.962418804074
0.00463,99.3249865554,99.3249865554,0.971932853968,0.962418804074
0.00464,99.3609328852,99.3609328852,0.972597749914,0.962418804074
0.00465,99.3958960588,99.3958960588,0.973253046758,0.96626892629
0.00466,99.4298807389,99.4298807389,0.973898738032,0.96626892629
0.00467,99.4628815824,99.4628815824,0.974534817361,0.96626892629
0.00468,99.4949032712,99.4949032712,0.975161278468,0.96626892629
0.00469,99.5259404817,99.5259404817,0.975778115167,0.96626892629
0.0047,99.5559979151,99.5559979151,0.976385321369,0.969880637637
0.00471,99.5850702673,99.5850702673,0.976982891081,0.969880637637
0.00472,99.6131622587,99.6131622587,0.977570818403,0.969880637637
0.00473,99.6402686047,99.6402686047,0.978149097531,0.969880637637
0.00474,99.6663940453,99.6663940453,0.978717722757,0.969880637637
0.00475,99.691533315,99.691533315,0.979276688468,0.973253046758
0.00476,99.7156911733,99.7156911733,0.979825989147,0.973253046758
0.00477,99.7388623742,99.7388623742,0.980365619369,0.973253046758
0.00478,99.7610516965,99.7610516965,0.98089557381,0.973253046758
0.00479,99.7822539139,99.7822539139,0.981415847237,0.973253046758
0.0048,99.8024738243,99.8024738243,0.981926434514,0.976385321369
0.00481,99.821706221,99.821706221,0.982427330602,0.976385321369
0.00482,99.8399559214,99.8399559214,0.982918530556,0.976385321369
0.00483,99.8572177381,99.8572177381,0.983400029526,0.976385321369
0.00484,99.8734965079,99.8734965079,0.983871822761,0.976385321369
0.00485,99.8887870631,99.8887870631,0.984333905603,0.979276688468
0.00486,99.9030942599,99.9030942599,0.98478627349,0.979276688468
0.00487,99.9164129499,99.9164129499,0.985228921957,0.979276688468
0.00488,99.9287480088,99.9287480088,0.985661846635,0.979276688468
0.00489,99.9400943077,99.9400943077,0.98608504325,0.979276688468
0.0049,99.9504567418,99.9504567418,0.986498507625,0.981926434514
0.00491,99.9598302017,99.9598302017,0.986902235678,0.981926434514
0.00492,99.968219602,99.968219602,0.987296223425,0.981926434514
0.00493,99.9756198528,99.9756198528,0.987680466975,0.981926434514
0.00494,99.982035888,99.982035888,0.988054962536,0.981926434514
0.00495,99.9874626375,99.9874626375,0.988419706412,0.984333905603
0.00496,99.9919050545,99.9919050545,0.988774695001,0.984333905603
0.00497,99.9953580884,99.9953580884,0.989119924801,0.984333905603
0.00498,99.9978267118,99.9978267118,0.989455392402,0.984333905603
0.00499,99.9993058938,99.9993058938,0.989781094494,0.984333905603
0.005,65.0000106249,65.0000106249,0.984684296687,0.986498507625
0.00501,64.9994086167,64.9994086167,0.974332395468,0.986498507625
0.00502,64.9987275835,64.9987275835,0.964300480939,0.986498507625
0.00503,64.9968425507,64.9968425507,0.954578457465,0.986498507625
0.00504,64.9948785091,64.9948785091,0.945156541675,0.986498507625
0.00505,64.991710515,64.991710515,0.936025252804,0.988419706412
0.00506,64.9884635537,64.9884635537,0.927175403335,0.988419706412
0.00507,64.9840127123,64.9840127123,0.918598089932,0.988419706412
0.00508,64.9794829707,64.9794829707,0.910284684651,0.988419706412
0.00509,64.9737494465,64.9737494465,0.902226826426,0.988419706412
0.0051,64.9679371144,64.9679371144,0.894416412813,0.984684296687
0.00511,64.9609211227,64.9609211227,0.886845591998,0.984684296687
0.00512,64.9538264408,64.9538264408,0.879506755039,0.984684296687
0.00513,64.9455282475,64.9455282475,0.872392528366,0.984684296687
0.00514,64.937151507,64.937151507,0.865495766494,0.984684296687
0.00515,64.9275714285,64.9275714285,0.858809544975,0.936025252804
0.00516,64.9179129711,64.9179129711,0.852327153563,0.936025252804
0.00517,64.9070513746,64.9070513746,0.846042089588,0.936025252804
0.00518,64.8961115927,64.8961115927,0.839948051541,0.936025252804
0.00519,64.8839688959,64.8839688959,0.834038932851,0.936025252804
0.0052,64.8717482325,64.8717482325,0.82830881586,0.894416412813
0.00521,64.8583249037,64.8583249037,0.822751965982,0.894416412813
0.00522,64.8448238523,64.8448238523,0.817362826037,0.894416412813
0.00523,64.8301204102,64.8301204102,0.812136010776,0.894416412813
0.00524,64.815339515,64.815339515,0.807066301554,0.894416412813
0.00525,64.7993565291,64.7993565291,0.802148641188,0.858809544975
0.00526,64.7832963847,64.7832963847,0.797378128958,0.858809544975
0.00527,64.7660344748,64.7660344748,0.792750015774,0.858809544975
0.00528,64.7486957263,64.7486957263,0.788259699487,0.858809544975
0.00529,64.7301555628,64.7301555628,0.783902720345,0.858809544975
0.0053,64.7115389058,64.7115389058,0.779674756592,0.82830881586
0.00531,64.6917212096,64.6917212096,0.775571620199,0.82830881586
0.00532,64.6718273901,64.6718273901,0.771589252733,0.82830881586
0.00533,64.6507329324,64.6507329324,0.767723721351,0.82830881586
0.00534,64.6295627469,64.6295627469,0.763971214913,0.82830881586
0.00535,64.6071923494,64.6071923494,0.760328040223,0.802148641188
0.00536,64.5847466449,64.5847466449,0.756790618383,0.802148641188
0.00537,64.5611011796,64.5611011796,0.753355481259,0.802148641188
0.00538,64.5373808531,64.5373808531,0.750019268056,0.802148641188
0.00539,64.5124612424,64.5124612424,0.746778722002,0.802148641188
0.0054,64.4874672417,64.4874672417,0.743630687131,0.779674756592
0.00541,64.4612744582,64.4612744582,0.740572105168,0.779674756592
0.00542,64.435007781,64.435007781,0.737600012508,0.779674756592
0.00543,64.4075428478,64.4075428478,0.734711537291,0.779674756592
0.00544,64.380004542,64.380004542,0.731903896565,0.779674756592
0.00545,64.3512685322,64.3512685322,0.729174393542,0.760328040223
0.00546,64.3224596963,64.3224596963,0.726520414926,0.760328040223
0.00547,64.2924537332,64.2924537332,0.723939428345,0.760328040223
0.00548,64.2623755155,64.2623755155,0.721428979839,0.760328040223
0.00549,64.2311007727,64.2311007727,0.718986691441,0.760328040223
0.0055,64.1997543718,64.1997543718,0.716610258829,0.743630687131
0.00551,64.1672120728,64.1672120728,0.714297449051,0.743630687131
0.00552,64.1345987372,64.1345987372,0.712046098316,0.743630687131
0.00553,64.1007901556,64.1007901556,0.709854109859,0.743630687131
0.00554,64.066911184,64.066911184,0.707719451869,0.743630687131
0.00555,64.0318376435,64.0318376435,0.705640155485,0.729174393542
0.00556,63.9966943845,63.9966943845,0.703614312845,0.729174393542
0.00557,63.9603572585,63.9603572585,0.701640075206,0.729174393542
0.00558,63.9239511105,63.9239511105,0.699715651116,0.729174393542
0.00559,63.8863518226,63.8863518226,0.697839304643,0.729174393542
0.0056,63.848684234,63.848684234,0.696009353662,0.716610258829
0.00561,63.8098242573,63.8098242573,0.694224168189,0.716610258829
0.00562,63.7708967263,63.7708967263,0.692482168773,0.716610258829
0.00563,63.7307775839,63.7307775839,0.690781824937,0.716610258829
0.00564,63.6905916583,63.6905916583,0.689121653658,0.716610258829
0.00565,63.6492149229,63.6492149229,0.687500217909,0.705640155485
0.00566,63.6077722004,63.6077722004,0.685916125232,0.705640155485
0.00567,63.5651394944,63.5651394944,0.684368026368,0.705640155485
0.00568,63.5224416221,63.5224416221,0.682854613915,0.705640155485
0.00569,63.4785546175,63.4785546175,0.681374621043,0.705640155485
0.0057,63.4346032921,63.4346032921,0.679926820233,0.696009353662
0.00571,63.3894637104,63.3894637104,0.678510022072,0.696009353662
0.00572,63.3442606782,63.3442606782,0.677123074068,0.696009353662
0.00573,63.2978702902,63.2978702902,0.675764859516,0.696009353662
0.00574,63.2514173468,63.2514173468,0.674434296389,0.696009353662
0.00575,63.203777973,63.203777973,0.673130336269,0.687500217909
0.00576,63.1560769634,63.1560769634,0.67185196331,0.687500217909
0.00577,63.1071904733,63.1071904733,0.670598193232,0.687500217909
0.00578,63.0582432917,63.0582432917,0.669368072345,0.687500217909
0.00579,63.0081116042,63.0081116042,0.668160676606,0.687500217909
0.0058,62.9579201941,62.9579201941,0.666975110707,0.679926820233
0.00581,62.9065452772,62.9065452772,0.66581050718,0.679926820233
0.00582,62.8551116311,62.8551116311,0.664666025548,0.679926820233
0.00583,62.802495502,62.802495502,0.663540851483,0.679926820233
0.00584,62.7498216616,62.7498216616,0.662434196005,0.679926820233
0.00585,62.6959663862,62.6959663862,0.661345294698,0.673130336269
0.00586,62.642054442,62.642054442,0.660273406951,0.673130336269
0.00587,62.5869621355,62.5869621355,0.659217815225,0.673130336269
0.00588,62.5318142269,62.5318142269,0.658177824342,0.673130336269
0.00589,62.4754870531,62.4754870531,0.657152760793,0.673130336269
0.0059,62.4191053685,62.4191053685,0.65614197207,0.666975110707
0.00591,62.36154554,62.36154554,0.655144826022,0.666975110707
0.00592,62.3039323162,62.3039323162,0.654160710222,0.666975110707
0.00593,62.2451420942,62.2451420942,0.653189031361,0.666975110707
0.00594,62.1862996168,62.1862996168,0.652229214661,0.666975110707
0.00595,62.1262813113,62.1262813113,0.6512807033,0.661345294698
0.00596,62.0662119144,62.0662119144,0.65034295786,0.661345294698
0.00597,62.0049678836,62.0049678836,0.649415455789,0.661345294698
0.00598,61.9436739498,61.9436739498,0.648497690887,0.661345294698
0.00599,61.8812066004,61.8812066004,0.647589172793,0.661345294698
0.006,61.8186905605,61.8186905605,0.646689426506,0.65614197207
0.00601,61.7550023476,61.7550023476,0.645797991904,0.65614197207
0.00602,61.6912666807,61.6912666807,0.644914423291,0.65614197207
0.00603,61.6263601075,61.6263601075,0.644038288952,0.65614197207
0.00604,61.5614073409,61.5614073409,0.643169170719,0.65614197207
0.00605,61.4952849586,61.4952849586,0.642306663557,0.6512807033
0.00606,61.4291176677,61.4291176677,0.64145037516,0.6512807033
0.00607,61.3617820757,61.3617820757,0.640599925557,0.6512807033
0.00608,61.2944028837,61.2944028837,0.639754946732,0.6512807033
0.00609,61.2258567291,61.2258567291,0.638915082261,0.6512807033
0.0061,61.1572683071,61.1572683071,0.638079986947,0.646689426506
0.00611,61.087514285,61.087514285,0.637249326484,0.646689426506
0.00612,61.0177193518,61.0177193518,0.636422777113,0.646689426506
0.00613,60.9467602049,60.9467602049,0.635600025305,0.646689426506
0.00614,60.875761527,60.875761527,0.634780767442,0.646689426506
0.00615,60.8036000454,60.8036000454,0.633964709514,0.642306663557
0.00616,60.731400437,60.731400437,0.633151566823,0.642306663557
0.00617,60.6580394585,60.6580394585,0.632341063697,0.642306663557
0.00618,60.5846417807,60.5846417807,0.631532933212,0.642306663557
0.00619,60.5100841904,60.5100841904,0.630726916926,0.642306663557
0.0062,60.4354913521,60.4354913521,0.629922764615,0.638079986947
0.00621,60.3597400823,60.3597400823,0.629120234023,0.638079986947
0.00622,60.2839550394,60.2839550394,0.628319090615,0.638079986947
0.00623,60.2070130695,60.2070130695,0.627519107343,0.638079986947
0.00624,60.1300388248,60.1300388248,0.626720064413,0.638079986947
0.00625,60.0519091813,60.0519091813,0.625921749066,0.633964709514
0.00626,59.9737487848,59.9737487848,0.62512395536,0.633964709514
0.00627,59.894434541,59.894434541,0.624326483961,0.633964709514
0.00628,59.8150910895,59.8150910895,0.62352914194,0.633964709514
0.00629,59.7345953655,59.7345953655,0.622731742579,0.633964709514
0.0063,59.6540720023,59.6540720023,0.621934105178,0.629922764615
0.00631,59.5723979649,59.5723979649,0.621136054872,0.629922764615
0.00632,59.4906978801,59.4906978801,0.620337422453,0.629922764615
0.00633,59.4078487424,59.4078487424,0.619538044196,0.629922764615
0.00634,59.3249751725,59.3249751725,0.618737761689,0.629922764615
0.00635,59.2409541943,59.2409541943,0.617936421675,0.625921749066
0.00636,59.156910422,59.156910422,0.617133875892,0.625921749066
0.00637,59.0717209092,59.0717209092,0.616329980918,0.625921749066
0.00638,58.9865102635,58.9865102635,0.615524598028,0.625921749066
0.00639,58.9001555681,58.9001555681,0.614717593047,0.625921749066
0.0064,58.8137814242,58.8137814242,0.61390883621,0.621934105178
0.00641,58.7262649442,58.7262649442,0.613098202033,0.621934105178
0.00642,58.638730723,58.638730723,0.612285569174,0.621934105178
0.00643,58.5500559024,58.5500559024,0.611470820316,0.621934105178
0.00644,58.4613650707,58.4613650707,0.610653842037,0.621934105178
0.00645,58.3715353991,58.3715353991,0.609834524694,0.617936421675
0.00646,58.2816914693,58.2816914693,0.609012762308,0.617936421675
0.00647,58.190710482,58.190710482,0.608188452453,0.617936421675
0.00648,58.0997170121,58.0997170121,0.607361496145,0.617936421675
0.00649,58.0075882897,58.0075882897,0.606531797741,0.617936421675
0.0065,57.9154488831,57.9154488831,0.605699264836,0.61390883621
0.00651,57.8221760516,57.8221760516,0.604863808164,0.61390883621
0.00652,57.7288943569,57.7288943569,0.604025341501,0.61390883621
0.00653,57.6344810875,57.6344810875,0.603183781579,0.61390883621
0.00654,57.5400607983,57.5400607983,0.602339047987,0.61390883621
0.00655,57.4445108071,57.4445108071,0.601491063093,0.609834524694
0.00656,57.3489556622,57.3489556622,0.600639751954,0.609834524694
0.00657,57.2522727104,57.2522727104,0.599785042238,0.609834524694
0.00658,57.155586493,57.155586493,0.598926864143,0.609834524694
0.00659,57.0577743863,57.0577743863,0.598065150322,0.609834524694
0.0066,56.9599609248,56.9599609248,0.597199835806,0.605699264836
0.00661,56.8610235135,56.8610235135,0.596330857936,0.605699264836
0.00662,56.7620866803,56.7620866803,0.595458156291,0.605699264836
0.00663,56.6620278593,56.6620278593,0.59458167262,0.605699264836
0.00664,56.5619715714,56.5619715714,0.593701350777,0.605699264836
0.00665,56.4607952798,56.4607952798,0.592817136661,0.601491063093
0.00666,56.3596234983,56.3596234983,0.591928978148,0.601491063093
0.00667,56.2573337191,56.2573337191,0.591036825038,0.601491063093
0.00668,56.1550504492,56.1550504492,0.590140628991,0.601491063093
0.00669,56.0516512097,56.0516512097,0.589240343477,0.601491063093
0.0067,55.9482605005,55.9482605005,0.588335923718,0.597199835806
0.00671,55.8437558716,55.8437558716,0.587427326638,0.597199835806
0.00672,55.7392618158,55.7392618158,0.586514510809,0.597199835806
0.00673,55.633655912,55.633655912,0.585597436403,0.597199835806
0.00674,55.528062646,55.528062646,0.584676065146,0.597199835806
0.00675,55.4213596255,55.4213596255,0.583750360271,0.592817136661
0.00676,55.3146713289,55.3146713289,0.582820286469,0.592817136661
0.00677,55.206875393,55.206875393,0.581885809852,0.592817136661
0.00678,55.0990962889,55.0990962889,0.580946897906,0.592817136661
0.00679,54.990211682,54.990211682,0.580003519453,0.592817136661
0.0068,54.8813460364,54.8813460364,0.579055644606,0.588335923718
0.00681,54.7713770461,54.7713770461,0.578103244741,0.588335923718
0.00682,54.6614291679,54.6614291679,0.577146292449,0.588335923718
0.00683,54.5503801245,54.5503801245,0.576184761506,0.588335923718
0.00684,54.4393543653,54.4393543653,0.575218626835,0.588335923718
0.00685,54.3272296417,54.3272296417,0.574247864475,0.583750360271
0.00686,54.2151303958,54.2151303958,0.573272451547,0.583750360271
0.00687,54.1019344074,54.1019344074,0.57229236622,0.583750360271
0.00688,53.9887661113,53.9887661113,0.571307587685,0.583750360271
0.00689,53.8745033158,53.8745033158,0.570318096119,0.583750360271
0.0069,53.7602704482,53.7602704482,0.569323872661,0.579055644606
0.00691,53.6449453455,53.6449453455,0.568324899383,0.579055644606
0.00692,53.5296524274,53.5296524274,0.567321159259,0.579055644606
0.00693,53.4132695591,53.4132695591,0.566312636145,0.579055644606
0.00694,53.296921153,53.296921153,0.565299314747,0.579055644606
0.00695,53.1794851027,53.1794851027,0.564281180601,0.574247864475
0.00696,53.062085813,53.062085813,0.563258220047,0.574247864475
0.00697,52.9436012058,52.9436012058,0.562230420207,0.574247864475
0.00698,52.8251556782,52.8251556782,0.561197768957,0.574247864475
0.00699,52.7056271806,52.7056271806,0.560160254916,0.574247864475
0.007,52.5861401023,52.5861401023,0.559117867413,0.569323872661
0.00701,52.4655724219,52.4655724219,0.558070596474,0.569323872661
0.00702,52.3450485212,52.3450485212,0.557018432801,0.569323872661
0.00703,52.2234464068,52.2234464068,0.555961367749,0.569323872661
0.00704,52.1018904527,52.1018904527,0.554899393311,0.569323872661
0.00705,51.9792586938,51.9792586938,0.553832502101,0.564281180601
0.00706,51.8566754963,51.8566754963,0.55276068733,0.564281180601
0.00707,51.7330189232,51.7330189232,0.551683942798,0.564281180601
0.00708,51.6094133327,51.6094133327,0.550602262867,0.564281180601
0.00709,51.484736816,51.484736816,0.549515642457,0.564281180601
0.0071,51.3601137234,51.3601137234,0.548424077019,0.559117867413
0.00711,51.2344221741,51.2344221741,0.547327562527,0.559117867413
0.00712,51.1087865103,51.1087865103,0.546226095464,0.559117867413
0.00713,50.9820848793,50.9820848793,0.545119672801,0.559117867413
0.00714,50.8554416154,50.8554416154,0.544008291991,0.559117867413
0.00715,50.7277348936,50.7277348936,0.542891950951,0.553832502101
0.00716,50.6000890402,50.6000890402,0.541770648051,0.553832502101
0.00717,50.4713822582,50.4713822582,0.540644382103,0.553832502101
0.00718,50.3427388657,50.3427388657,0.539513152343,0.553832502101
0.00719,50.2130370935,50.2130370935,0.538376958428,0.553832502101
0.0072,50.0834012516,50.0834012516,0.537235800416,0.548424077019
0.00721,49.9527095986,49.9527095986,0.536089678761,0.548424077019
0.00722,49.8220864362,49.8220864362,0.534938594301,0.548424077019
0.00723,49.6904100506,49.6904100506,0.533782548245,0.548424077019
0.00724,49.5588047356,49.5588047356,0.532621542167,0.548424077019
0.00725,49.4261488049,49.4261488049,0.531455577992,0.542891950951
0.00726,49.2935665438,49.2935665438,0.53028465799,0.542891950951
0.00727,49.1599362938,49.1599362938,0.529108784767,0.542891950951
0.00728,49.0263823319,49.0263823319,0.527927961251,0.542891950951
0.00729,48.8917830271,48.8917830271,0.526742190692,0.542891950951
0.0073,48.757262648,48.757262648,0.525551476645,0.537235800416
0.00731,48.621699591,48.621699591,0.524355822967,0.537235800416
0.00732,48.4862181164,48.4862181164,0.523155233808,0.537235800416
0.00733,48.3496966479,48.3496966479,0.521949713604,0.537235800416
0.00734,48.2132594374,48.2132594374,0.520739267068,0.537235800416
0.00735,48.0757849361,48.0757849361,0.519523899185,0.531455577992
0.00736,47.938397387,47.938397387,0.518303615202,0.531455577992
0.00737,47.799975269,47.799975269,0.517078420625,0.531455577992
0.00738,47.6616428164,47.6616428164,0.51584832121,0.531455577992
0.00739,47.5222785352,47.5222785352,0.514613322957,0.531455577992
0.0074,47.3830066512,47.3830066512,0.513373432105,0.525551476645
0.00741,47.2427056976,47.2427056976,0.512128655125,0.525551476645
0.00742,47.1024998916,47.1024998916,0.510878998715,0.525551476645
0.00743,46.9612677934,46.9612677934,0.509624469793,0.525551476645
0.00744,46.8201336115,46.8201336115,0.508365075494,0.525551476645
0.00745,46.6779759333,46.6779759333,0.507100823161,0.519523899185
0.00746,46.5359189582,46.5359189582,0.505831720345,0.519523899185
0.00747,46.392841301,46.392841301,0.504557774796,0.519523899185
0.00748,46.2498671521,46.2498671521,0.503278994459,0.519523899185
0.00749,46.1058751532,46.1058751532,0.50199538747,0.519523899185
0.0075,45.9619894859,45.9619894859,0.500706962153,0.513373432105
0.00751,45.8170888189,45.8170888189,0.499413727012,0.513373432105
0.00752,45.6722973247,45.6722973247,0.498115690729,0.513373432105
0.00753,45.5264936988,45.5264936988,0.49681286216,0.513373432105
0.00754,45.3808021049,45.3808021049,0.495505250332,0.513373432105
0.00755,45.2341012652,45.2341012652,0.494192864435,0.507100823161
0.00756,45.0875153342,45.0875153342,0.492875713824,0.507100823161
0.00757,44.9399230612,44.9399230612,0.491553808009,0.507100823161
0.00758,44.7924485913,44.7924485913,0.490227156657,0.507100823161
0.00759,44.6439707004,44.6439707004,0.488895769588,0.507100823161
0.0076,44.4956135246,44.4956135246,0.487559656765,0.500706962153
0.00761,44.3462558665,44.3462558665,0.486218828301,0.500706962153
0.00762,44.1970218529,44.1970218529,0.484873294448,0.500706962153
0.00763,44.0467903129,44.0467903129,0.483523065596,0.500706962153
0.00764,43.896685364,43.896685364,0.482168152274,0.500706962153
0.00765,43.7455858619,43.7455858619,0.48080856514,0.494192864435
0.00766,43.5946159146,43.5946159146,0.479444314984,0.494192864435
0.00767,43.4426544045,43.4426544045,0.478075412724,0.494192864435
0.00768,43.29082543,43.29082543,0.476701869401,0.494192864435
0.00769,43.1380078999,43.1380078999,0.475323696179,0.494192864435
0.0077,42.9853259033,42.9853259033,0.473940904342,0.487559656765
0.00771,42.8316583751,42.8316583751,0.47255350529,0.487559656765
0.00772,42.678129395,42.678129395,0.471161510539,0.487559656765
0.00773,42.5236179243,42.5236179243,0.469764931719,0.487559656765
0.00774,42.3692480328,42.3692480328,0.468363780567,0.487559656765
0.00775,42.2138987083,42.2138987083,0.466958068933,0.48080856514
0.00776,42.0586940108,42.0586940108,0.465547808768,0.48080856514
0.00777,41.9025129543,41.9025129543,0.464133012132,0.48080856514
0.00778,41.7464795891,41.7464795891,0.462713691184,0.48080856514
0.00779,41.5894729553,41.5894729553,0.461289858185,0.48080856514
0.0078,41.4326170934,41.4326170934,0.459861525496,0.473940904342
0.00781,41.2747910696,41.2747910696,0.458428705571,0.473940904342
0.00782,41.1171189145,41.1171189145,0.456991410962,0.473940904342
0.00783,40.9584797203,40.9584797203,0.455549654313,0.473940904342
0.00784,40.7999975077,40.7999975077,0.454103448361,0.473940904342
0.00785,40.6405513947,40.6405513947,0.452652805933,0.466958068933
0.00786,40.4812653923,40.4812653923,0.451197739942,0.466958068933
0.00787,40.3210186443,40.3210186443,0.449738263391,0.466958068933
0.00788,40.1609351515,40.1609351515,0.448274389366,0.466958068933
0.00789,39.9998940836,39.9998940836,0.446806131042,0.466958068933
0.0079,39.8390194312,39.8390194312,0.445333501669,0.459861525496
0.00791,39.6771903899,39.6771903899,0.443856514587,0.459861525496
0.00792,39.5155309402,39.5155309402,0.442375183208,0.459861525496
0.00793,39.3529203032,39.3529203032,0.44088952103,0.459861525496
0.00794,39.1904824493,39.1904824493,0.439399541622,0.459861525496
0.00795,39.0270966251,39.0270966251,0.437905258635,0.452652805933
0.00796,38.8638867907,38.8638867907,0.436406685791,0.452652805933
0.00797,38.6997322185,38.6997322185,0.434903836889,0.452652805933
0.00798,38.535756858,38.535756858,0.433396725799,0.452652805933
0.00799,38.3708400071,38.3708400071,0.431885366463,0.452652805933
0.008,38.2061056051,38.2061056051,0.430369772895,0.445333501669
0.00801,38.0404329752,38.0404329752,0.428849959178,0.445333501669
0.00802,37.8749460461,37.8749460461,0.427325939463,0.445333501669
0.00803,37.7085241666,37.7085241666,0.425797727969,0.445333501669
0.00804,37.5422912546,37.5422912546,0.424265338983,0.445333501669
0.00805,37.3751266844,37.3751266844,0.422728786858,0.437905258635
0.00806,37.2081543634,37.2081543634,0.421188086008,0.437905258635
0.00807,37.0402536908,37.0402536908,0.419643250918,0.437905258635
0.00808,36.8725485634,36.8725485634,0.418094296129,0.437905258635
0.00809,36.7039184057,36.7039184057,0.416541236249,0.437905258635
0.0081,36.5354871039,36.5354871039,0.414984085947,0.430369772895
0.00811,36.3661341073,36.3661341073,0.413422859952,0.430369772895
0.00812,36.1969832914,36.1969832914,0.411857573051,0.430369772895
0.00813,36.0269141307,36.0269141307,0.410288240095,0.430369772895
0.00814,35.8570504896,35.8570504896,0.40871487599,0.430369772895
0.00815,35.6862718676,35.6862718676,0.4071374957,0.422728786858
0.00816,35.5157021183,35.5157021183,0.405556114246,0.422728786858
0.00817,35.3442207661,35.3442207661,0.403970746708,0.422728786858
0.00818,35.1729516535,35.1729516535,0.402381408219,0.422728786858
0.00819,35.0007743298,35.0007743298,0.400788113968,0.422728786858
0.0082,34.8288126263,34.8288126263,0.399190879197,0.414984085947
0.00821,34.6559461172,34.6559461172,0.397589719205,0.414984085947
0.00822,34.4832986227,34.4832986227,0.395984649341,0.414984085947
0.00823,34.3097497417,34.3097497417,0.394375685009,0.414984085947
0.00824,34.1364232831,34.1364232831,0.392762841662,0.414984085947
0.00825,33.9621988705,33.9621988705,0.391146134808,0.4071374957
0.00826,33.7882003015,33.7882003015,0.389525580003,0.4071374957
0.00827,33.6133072243,33.6133072243,0.387901192856,0.4071374957
0.00828,33.4386434252,33.4386434252,0.386272989022,0.4071374957
0.00829,33.2630885768,33.2630885768,0.38464098421,0.4071374957
0.0083,33.087766454,33.087766454,0.383005194173,0.399190879197
0.00831,32.9115567539,32.9115567539,0.381365634717,0.399190879197
0.00832,32.73558324,32.73558324,0.379722321691,0.399190879197
0.00833,32.5587256336,32.5587256336,0.378075270994,0.399190879197
0.00834,32.3821076867,32.3821076867,0.376424498572,0.399190879197
0.00835,32.204609145,32.204609145,0.374770020416,0.391146134808
0.00836,32.0273537488,32.0273537488,0.373111852565,0.391146134808
0.00837,31.8492212681,31.8492212681,0.3714500111,0.391146134808
0.00838,31.6713354314,31.6713354314,0.36978451215,0.391146134808
0.00839,31.4925760329,31.4925760329,0.368115371887,0.391146134808
0.0084,31.3140667894,31.3140667894,0.366442606528,0.383005194173
0.00841,31.1346875192,31.1346875192,0.364766232334,0.383005194173
0.00842,30.9555619272,30.9555619272,0.363086265608,0.383005194173
0.00843,30.7755698558,30.7755698558,0.361402722697,0.383005194173
0.00844,30.5958349979,30.5958349979,0.35971561999,0.383005194173
0.00845,30.41523722,30.41523722,0.358024973918,0.374770020416
0.00846,30.234900203,30.234900203,0.356330800955,0.374770020416
0.00847,30.0537038372,30.0537038372,0.354633117614,0.374770020416
0.00848,29.8727717916,29.8727717916,0.352931940452,0.374770020416
0.00849,29.6909839802,29.6909839802,0.351227286065,0.374770020416
0.0085,29.5094640598,29.5094640598,0.349519171088,0.366442606528
0.00851,29.3270919684,29.3270919684,0.3478076122,0.366442606528
0.00852,29.1449913504,29.1449913504,0.346092626114,0.366442606528
0.00853,28.9620421676,28.9620421676,0.344374229588,0.366442606528
0.00854,28.7793680523,28.7793680523,0.342652439415,0.366442606528
0.00855,28.5958489895,28.5958489895,0.340927272429,0.358024973918
0.00856,28.4126085995,28.4126085995,0.339198745499,0.358024973918
0.00857,28.2285268907,28.2285268907,0.337466875537,0.358024973918
0.00858,28.044727471,28.044727471,0.335731679487,0.358024973918
0.00859,27.8600903725,27.8600903725,0.333993174336,0.358024973918
0.0086,27.6757391903,27.6757391903,0.332251377102,0.349519171088
0.00861,27.4905539801,27.4905539801,0.330506304846,0.349519171088
0.00862,27.3056583244,27.3056583244,0.328757974661,0.349519171088
0.00863,27.1199323021,27.1199323021,0.327006403678,0.349519171088
0.00864,26.9344994833,26.9344994833,0.325251609062,0.349519171088
0.00865,26.7482399701,26.7482399701,0.323493608016,0.340927272429
0.00866,26.5622773199,26.5622773199,0.321732417777,0.340927272429
0.00867,26.3754916579,26.3754916579,0.319968055618,0.340927272429
0.00868,26.1890065287,26.1890065287,0.318200538845,0.340927272429
0.00869,26.0017020809,26.0017020809,0.316429884799,0.340927272429
0.0087,25.814701846,25.814701846,0.314656110856,0.332251377102
0.00871,25.6268859956,25.6268859956,0.312879234426,0.332251377102
0.00872,25.4393780486,25.4393780486,0.31109927295,0.332251377102
0.00873,25.2510581993,25.2510581993,0.309316243907,0.332251377102
0.00874,25.0630499536,25.0630499536,0.307530164804,0.332251377102
0.00875,24.8742335289,24.8742335289,0.305741053185,0.323493608016
0.00876,24.6857324179,24.6857324179,0.303948926624,0.323493608016
0.00877,24.4964268607,24.4964268607,0.302153802728,0.323493608016
0.00878,24.3074403372,24.3074403372,0.300355699137,0.323493608016
0.00879,24.1176531101,24.1176531101,0.298554633522,0.323493608016
0.0088,23.928188646,23.928188646,0.296750623585,0.314656110856
0.00881,23.7379272303,23.7379272303,0.294943687061,0.314656110856
0.00882,23.5479923164,23.5479923164,0.293133841713,0.314656110856
0.00883,23.3572642122,23.3572642122,0.29132110534,0.314656110856
0.00884,23.1668663578,23.1668663578,0.289505495765,0.314656110856
0.00885,22.9756790838,22.9756790838,0.287687030847,0.305741053185
0.00886,22.7848258167,22.7848258167,0.285865728473,0.305741053185
0.00887,22.5931869094,22.5931869094,0.284041606559,0.305741053185
0.00888,22.4018857751,22.4018857751,0.282214683051,0.305741053185
0.00889,22.2098027891,22.2098027891,0.280384975926,0.305741053185
0.0089,22.018061351,22.018061351,0.278552503188,0.296750623585
0.00891,21.8255418583,21.8255418583,0.276717282873,0.296750623585
0.00892,21.633367697,21.633367697,0.274879333041,0.296750623585
0.00893,21.440419287,21.440419287,0.273038671785,0.296750623585
0.00894,21.2478200003,21.2478200003,0.271195317223,0.296750623585
0.00895,21.0544502791,21.0544502791,0.269349287504,0.287687030847
0.00896,20.8614334816,20.8614334816,0.267500600803,0.287687030847
0.00897,20.667650072,20.667650072,0.265649275323,0.287687030847
0.00898,20.4742233947,20.4742233947,0.263795329293,0.287687030847
0.00899,20.2800339359,20.2800339359,0.261938780972,0.287687030847
0.009,20.0862050261,20.0862050261,0.260079648643,0.278552503188
0.00901,19.8916171733,19.8916171733,0.258217950618,0.278552503188
0.00902,19.697393694,19.697393694,0.256353705235,0.278552503188
0.00903,19.5024151181,19.5024151181,0.254486930856,0.278552503188
0.00904,19.3078047481,19.3078047481,0.252617645873,0.278552503188
0.00905,19.1124431355,19.1124431355,0.250745868701,0.269349287504
0.00906,18.9174535686,18.9174535686,0.24887161778,0.269349287504
0.00907,18.7217166208,18.7217166208,0.246994911579,0.269349287504
0.00908,18.526355566,18.526355566,0.245115768588,0.269349287504
0.00909,18.3302509992,18.3302509992,0.243234207326,0.269349287504
0.0091,18.1345261802,18.1345261802,0.241350246332,0.260079648643
0.00911,17.9380617252,17.9380617252,0.239463904175,0.260079648643
0.00912,17.7419808798,17.7419808798,0.237575199445,0.260079648643
0.00913,17.5451642817,17.5451642817,0.235684150756,0.260079648643
0.00914,17.3487351619,17.3487351619,0.233790776747,0.260079648643
0.00915,17.1515741797,17.1515741797,0.231895096081,0.250745868701
0.00916,16.9548045513,16.9548045513,0.229997127443,0.250745868701
0.00917,16.7573069573,16.7573069573,0.228096889543,0.250745868701
0.00918,16.5602045994,16.5602045994,0.226194401114,0.250745868701
0.00919,16.3623781796,16.3623781796,0.224289680911,0.250745868701
0.0092,16.1649508847,16.1649508847,0.22238274771,0.241350246332
0.00921,15.9668034377,15.9668034377,0.220473620315,0.241350246332
0.00922,15.7690590108,15.7690590108,0.218562317546,0.241350246332
0.00923,15.5705983481,15.5705983481,0.216648858249,0.241350246332
0.00924,15.3725446071,15.3725446071,0.21473326129,0.241350246332
0.00925,15.1737785525,15.1737785525,0.212815545558,0.231895096081
0.00926,14.9754233271,14.9754233271,0.210895729963,0.231895096081
0.00927,14.7763597166,14.7763597166,0.208973833436,0.231895096081
0.00928,14.5777108486,14.5777108486,0.207049874928,0.231895096081
0.00929,14.3783575298,14.3783575298,0.205123873414,0.231895096081
0.0093,14.1794228726,14.1794228726,0.203195847886,0.22238274771
0.00931,13.9797877045,13.9797877045,0.201265817359,0.22238274771
0.00932,13.7805751227,13.7805751227,0.199333800867,0.22238274771
0.00933,13.5806659755,13.5806659755,0.197399817464,0.22238274771
0.00934,13.3811833449,13.3811833449,0.195463886225,0.22238274771
0.00935,13.1810080996,13.1810080996,0.193526026244,0.212815545558
0.00936,12.9812633064,12.9812633064,0.191586256633,0.212815545558
0.00937,12.7808298546,12.7808298546,0.189644596525,0.212815545558
0.00938,12.5808307954,12.5808307954,0.187701065073,0.212815545558
0.00939,12.3801470387,12.3801470387,0.185755681446,0.212815545558
0.0094,12.1799016203,12.1799016203,0.183808464833,0.203195847886
0.00941,11.9789754703,11.9789754703,0.181859434442,0.203195847886
0.00942,11.778491609,11.778491609,0.179908609499,0.203195847886
0.00943,11.5773309869,11.5773309869,0.177956009247,0.203195847886
0.00944,11.3766166086,11.3766166086,0.176001652947,0.203195847886
0.00945,11.1752294448,11.1752294448,0.174045559881,0.193526026244
0.00946,10.9742924844,10.9742924844,0.172087749342,0.193526026244
0.00947,10.7726867182,10.7726867182,0.170128240647,0.193526026244
0.00948,10.5715351194,10.5715351194,0.168167053125,0.193526026244
0.00949,10.3697186989,10.3697186989,0.166204206124,0.193526026244
0.0095,10.1683604139,10.1683604139,0.164239719009,0.183808464833
0.00951,9.96634129529,9.96634129529,0.162273611161,0.183808464833
0.00952,9.76478428444,9.76478428444,0.160305901976,0.183808464833
0.00953,9.56257043207,9.56257043207,0.158336610868,0.183808464833
0.00954,9.36082266355,9.36082266355,0.156365757266,0.183808464833
0.00955,9.1584220494,9.1584220494,0.154393360614,0.174045559881
0.00956,8.95649149893,8.95649149893,0.152419440372,0.174045559881
0.00957,8.75391210239,8.75391210239,0.150444016016,0.174045559881
0.00958,8.5518067529,8.5518067529,0.148467107036,0.174045559881
0.00959,8.34905656039,8.34905656039,0.146488732937,0.174045559881
0.0096,8.14678440172,8.14678440172,0.144508913239,0.164239719009
0.00961,7.94387140639,7.94387140639,0.142527667476,0.164239719009
0.00962,7.74144043497,7.74144043497,0.140545015197,0.164239719009
0.00963,7.53837263643,7.53837263643,0.138560975965,0.164239719009
0.00964,7.33579085493,7.33579085493,0.136575569355,0.164239719009
0.00965,7.13257625889,7.13257625889,0.134588814958,0.154393360614
0.00966,6.92985167596,6.92985167596,0.132600732378,0.154393360614
0.00967,6.72649829392,6.72649829392,0.130611341231,0.154393360614
0.00968,6.52363892385,6.52363892385,0.128620661147,0.154393360614
0.00969,6.32015477278,6.32015477278,0.126628711769,0.154393360614
0.0097,6.11716863517,6.11716863517,0.124635512752,0.144508913239
0.00971,5.91356173723,5.91356173723,0.122641083765,0.144508913239
0.00972,5.71045685668,5.71045685668,0.120645444486,0.144508913239
0.00973,5.50673523885,5.50673523885,0.11864861461,0.144508913239
0.00974,5.30351964467,5.30351964467,0.116650613839,0.144508913239
0.00975,5.09969133847,5.09969133847,0.114651461889,0.134588814958
0.00976,4.8963730643,4.8963730643,0.112651178488,0.134588814958
0.00977,4.69244610547,4.69244610547,0.110649783375,0.134588814958
0.00978,4.48903318905,4.48903318905,0.108647296297,0.134588814958
0.00979,4.2850156172,4.2850156172,0.106643737018,0.134588814958
0.0098,4.08151609998,4.08151609998,0.104639125306,0.124635512752
0.00981,3.87741595832,3.87741595832,0.102633480945,0.124635512752
0.00982,3.67383788517,3.67383788517,0.100626823725,0.124635512752
0.00983,3.46966322017,3.46966322017,0.0986191734501,0.124635512752
0.00984,3.26601463907,3.26601463907,0.0966105499304,0.124635512752
0.00985,3.06177350013,3.06177350013,0.0946009729885,0.114651461889
0.00986,2.85806246183,2.85806246183,0.0925904624549,0.114651461889
0.00987,2.65376290098,2.65376290098,0.0905790381707,0.114651461889
0.00988,2.44999745871,2.44999745871,0.0885667199846,0.114651461889
0.00989,2.24564753029,2.24564753029,0.0865535277557,0.114651461889
0.0099,2.04183573941,2.04183573941,0.0845394813503,0.104639125306
0.00991,1.83744349974,1.83744349974,0.0825246006449,0.104639125306
0.00992,1.63359341747,1.63359341747,0.0805089055226,0.104639125306
0.00993,1.42916692455,1.42916692455,0.078492415876,0.104639125306
0.00994,1.22528660958,1.22528660958,0.0764751516044,0.104639125306
0.00995,1.02083392276,1.02083392276,0.0744571326161,0.0946009729885
0.00996,0.816931435006,0.816931435006,0.0724383788255,0.0946009729885
0.00997,0.612460614666,0.612460614666,0.0704189101557,0.0946009729885
0.00998,0.408544014907,0.408544014907,0.0683987465356,0.0946009729885
0.00999,0.204063122146,0.204063122146,0.0663779079024,0.0946009729885
0.01,0.00014047171992,0.00014047171992,0.0643564141985,0.0845394813503
