sample_index,margin_v,failed
1,120231.502256,0
2,282204.772212,0
3,225252.335267,0
4,49687.5764293,0
5,227690.464641,0
6,165056.90902,0
7,32326.0276431,0
8,42928.4347862,0
9,157465.065683,0
10,340132.869577,0
11,322442.196166,0
12,178775.661686,0
13,176395.909781,0
14,142690.833854,0
15,147353.522698,0
16,263709.662442,0
17,234382.112408,0
18,66716.6825406,0
19,232906.446593,0
20,64141.358608,0
21,56322.1828428,0
22,180160.992581,0
23,165223.882216,0
24,208672.47756,0
25,197891.065205,0
26,332670.214565,0
27,60151.9186391,0
28,340756.508827,0
29,68579.606816,0
30,49783.1441256,0
31,78392.6490494,0
32,266328.353432,0
33,348322.962501,0
34,105623.800412,0
35,334237.734326,0
36,333578.75001,0
37,131251.946657,0
38,226591.938402,0
39,284813.557967,0
40,324104.816033,0
41,204202.799796,0
42,3554.79241494,0
43,171657.232805,0
44,205175.726078,0
45,181372.803021,0
46,123109.98042,0
47,243569.205464,0
48,197701.283684,0
49,223613.119237,0
50,182481.892339,0
51,30474.5663504,0
52,163174.05649,0
53,410492.504483,0
54,100867.02483,0
55,370933.995011,0
56,168007.792673,0
57,108686.898379,0
58,120888.4871,0
59,115068.145798,0
60,31811.9250698,0
61,188762.464012,0
62,239637.743944,0
63,288890.138549,0
64,143746.938565,0
65,185381.064793,0
66,327662.652216,0
67,7199.28006425,0
68,293600.91226,0
69,263361.532091,0
70,340915.711201,0
71,27733.8167227,0
72,279452.262372,0
73,153438.866844,0
74,128467.97928,0
75,162888.348422,0
76,329887.831131,0
77,131770.370526,0
78,-53569.7033701,1
79,169097.210591,0
80,137642.217034,0
81,254765.44831,0
82,35563.6161629,0
83,197999.652912,0
84,227495.730938,0
85,176813.658357,0
86,304050.862635,0
87,57601.3793282,0
88,153297.292685,0
89,261681.366032,0
90,426733.94073,0
91,111380.291248,0
92,187530.677616,0
93,207987.620518,0
94,334956.270272,0
95,371128.255579,0
96,201826.284035,0
97,217189.500971,0
98,221093.759226,0
99,25822.3635362,0
100,235003.793063,0
101,263461.715279,0
102,212057.216934,0
103,123119.099344,0
104,350066.201576,0
105,320496.859637,0
106,-13587.6685834,1
107,66706.4583897,0
108,71738.7500821,0
109,291914.899122,0
110,249742.613305,0
111,164911.243727,0
112,28497.1075813,0
113,188828.619908,0
114,317369.739003,0
115,234422.322058,0
116,79479.3208869,0
117,342199.832298,0
118,305317.416184,0
119,194535.567358,0
120,239263.707124,0
121,313440.192772,0
122,314692.614409,0
123,136276.854276,0
124,333143.914828,0
125,360006.951543,0
126,205801.775264,0
127,178971.929803,0
128,243694.386928,0
129,244343.973948,0
130,254777.092516,0
131,40620.7360195,0
132,381822.634167,0
133,287079.231675,0
134,267423.223869,0
135,232161.61193,0
136,359210.676092,0
137,167984.133245,0
138,243356.360263,0
139,318233.272699,0
140,43134.0568863,0
141,58554.2384737,0
142,286920.017671,0
143,226715.877613,0
144,410640.511497,0
145,426058.888441,0
146,173639.186824,0
147,49569.80997,0
148,113386.911485,0
149,-16162.4926059,1
150,171075.984381,0
151,276088.661223,0
152,311580.985213,0
153,248613.379496,0
154,231367.657255,0
155,316181.735331,0
156,86896.7340424,0
157,100423.141224,0
158,331217.317601,0
159,238858.650393,0
160,-161837.164371,1
161,130569.833799,0
162,248349.934412,0
163,337905.542644,0
164,-48163.1384053,1
165,271280.425032,0
166,156944.231615,0
167,229490.330373,0
168,127837.656625,0
169,357262.601111,0
170,143706.298927,0
171,386653.755199,0
172,122845.78153,0
173,360486.557222,0
174,69671.7145668,0
175,141728.240558,0
176,118839.406508,0
177,191797.64499,0
178,165178.862906,0
179,173314.43243,0
180,217847.107739,0
181,14717.0467819,0
182,241211.994706,0
183,172011.404429,0
184,225579.292081,0
185,224331.164532,0
186,162435.6384,0
187,108148.876227,0
188,177358.380533,0
189,227505.378154,0
190,51352.8854447,0
191,63751.0932654,0
192,198547.584659,0
193,240993.750934,0
194,196507.911539,0
195,149122.154271,0
196,304582.467916,0
197,320069.401976,0
198,214082.507522,0
199,378723.126628,0
200,123273.37627,0
201,337312.323372,0
202,289822.806115,0
203,290831.380873,0
204,186628.029215,0
205,328842.323088,0
206,173599.17386,0
207,47542.6445204,0
208,89262.3951553,0
209,225643.354231,0
210,305786.127242,0
211,162226.653159,0
212,238728.208858,0
213,181977.854707,0
214,166441.324188,0
215,258716.976285,0
216,162594.740471,0
217,124834.793866,0
218,257376.921449,0
219,280786.921913,0
220,211725.504668,0
221,243937.344749,0
222,80802.5382882,0
223,173289.567243,0
224,169796.006999,0
225,163832.441996,0
226,223417.67068,0
227,28417.0388988,0
228,207823.161939,0
229,244479.292772,0
230,223583.312541,0
231,363124.360511,0
232,17257.9858237,0
233,299104.879782,0
234,260498.80364,0
235,-2370.29168481,1
236,220590.360844,0
237,255795.578178,0
238,258587.097008,0
239,401872.215072,0
240,88901.6415773,0
241,439929.379837,0
242,75224.6598383,0
243,256742.280622,0
244,183622.518761,0
245,100714.5989,0
246,329974.189161,0
247,176060.388405,0
248,131461.787066,0
249,365895.043407,0
250,344276.142679,0
251,326881.93711,0
252,111535.019266,0
253,138888.367172,0
254,126987.557314,0
255,103976.236094,0
256,172005.003888,0
257,206618.262321,0
258,294490.340102,0
259,90604.8717273,0
260,284202.278408,0
261,276790.696293,0
262,131363.844787,0
263,91230.6580815,0
264,-15216.2245684,1
265,106249.643926,0
266,245775.644121,0
267,220480.829357,0
268,245074.251248,0
269,180647.459627,0
270,205547.063373,0
271,30592.7966728,0
272,255940.226674,0
273,86121.8039003,0
274,157694.31508,0
275,50239.1188652,0
276,-33261.0811826,1
277,17497.0578415,0
278,370689.319998,0
279,78281.4682675,0
280,160679.434644,0
281,155248.097575,0
282,180740.381866,0
283,355226.569817,0
284,134864.90272,0
285,243046.05341,0
286,219898.001824,0
287,-7488.0556035,1
288,193874.300466,0
289,229273.495146,0
290,122951.853621,0
291,190162.505668,0
292,161757.913194,0
293,251608.229783,0
294,171864.287983,0
295,363460.386025,0
296,203062.746851,0
297,152994.557164,0
298,222763.298766,0
299,122557.712527,0
300,172795.852772,0
301,282385.231304,0
302,167556.538946,0
303,83145.4807044,0
304,175740.502451,0
305,267570.714901,0
306,183888.557699,0
307,285154.64606,0
308,40136.6794242,0
309,283034.180562,0
310,275352.273916,0
311,223358.875101,0
312,153715.250592,0
313,-156236.481799,1
314,280040.130699,0
315,-61480.8415795,1
316,184437.029431,0
317,134270.289003,0
318,-6561.59817544,1
319,231789.334025,0
320,231204.717418,0
321,124764.598609,0
322,66309.2828155,0
323,263319.757349,0
324,77450.3748329,0
325,145583.857674,0
326,127351.710801,0
327,353162.584637,0
328,189281.256584,0
329,220124.654543,0
330,221440.853966,0
331,43526.4336161,0
332,196300.176055,0
333,62141.2962269,0
334,116335.733535,0
335,369958.758768,0
336,229887.968962,0
337,245930.796004,0
338,241165.34062,0
339,195730.79891,0
340,152124.535393,0
341,18968.3412844,0
342,312048.54885,0
343,389955.955802,0
344,123703.355627,0
345,208882.355281,0
346,395908.757846,0
347,2195.13719785,0
348,168113.060969,0
349,108031.40064,0
350,199206.707157,0
351,123930.599097,0
352,341540.876687,0
353,370227.239357,0
354,20538.8453915,0
355,234179.17458,0
356,170991.910306,0
357,236591.467692,0
358,232305.733903,0
359,187770.149052,0
360,251354.501046,0
361,235662.228781,0
362,16202.0618484,0
363,288957.602255,0
364,336553.019354,0
365,75682.7663881,0
366,47807.5628981,0
367,102753.506316,0
368,96873.4998986,0
369,93986.3556502,0
370,198031.103778,0
371,229594.486675,0
372,366981.134685,0
373,5657.43400989,0
374,94185.6733745,0
375,342701.628704,0
376,140557.63354,0
377,469225.839913,0
378,220916.92265,0
379,107393.633816,0
380,92205.8936297,0
381,106217.464361,0
382,96281.2376156,0
383,288026.902198,0
384,44418.1234698,0
385,122527.350946,0
386,176024.898255,0
387,312709.129066,0
388,209596.596548,0
389,275670.646687,0
390,298115.789127,0
391,372729.475999,0
392,308797.345512,0
393,226390.465553,0
394,296818.665652,0
395,41140.1324612,0
396,229054.01455,0
397,153849.731959,0
398,181526.133154,0
399,221133.691049,0
400,171374.334373,0
401,283224.488983,0
402,179070.605139,0
403,253160.531132,0
404,199284.470287,0
405,33523.4867469,0
406,329005.941686,0
407,305602.274913,0
408,298099.020489,0
409,182726.936315,0
410,227674.746473,0
411,284270.429268,0
412,232713.361799,0
413,203182.438746,0
414,262451.175213,0
415,31268.6676356,0
416,233545.668444,0
417,281114.01845,0
418,289468.349927,0
419,395349.584069,0
420,157828.668635,0
421,201369.265015,0
422,145908.881929,0
423,259921.18803,0
424,-27339.4866693,1
425,265355.47405,0
426,187892.390939,0
427,158228.43355,0
428,154356.053364,0
429,220863.714559,0
430,139229.862784,0
431,137418.726357,0
432,138292.047176,0
433,227572.107723,0
434,253616.109225,0
435,358923.080654,0
436,218123.646789,0
437,89388.2212702,0
438,181122.016457,0
439,90617.7949956,0
440,170290.812484,0
441,256637.732825,0
442,96790.7850932,0
443,11630.3133324,0
444,248798.723522,0
445,187409.50072,0
446,60773.2214126,0
447,116275.217772,0
448,130574.327916,0
449,170220.167963,0
450,7734.40333302,0
451,249535.237052,0
452,251288.642374,0
453,45425.2716029,0
454,166098.232811,0
455,128195.082652,0
456,298231.388522,0
457,38282.6758338,0
458,152025.837821,0
459,211528.913879,0
460,280046.305653,0
461,-34686.0682832,1
462,195580.920921,0
463,391199.51685,0
464,271995.818412,0
465,251571.202304,0
466,351261.383054,0
467,372643.769181,0
468,310602.592667,0
469,150306.676025,0
470,203927.318511,0
471,242327.968606,0
472,219324.877718,0
473,135513.947665,0
474,205166.601686,0
475,349012.353971,0
476,100295.890547,0
477,5530.28861699,0
478,229226.168645,0
479,135418.526559,0
480,48701.2665015,0
481,242215.810223,0
482,140336.978955,0
483,349157.94413,0
484,-139194.398583,1
485,126373.888373,0
486,26638.8185333,0
487,260831.191265,0
488,-33600.0288853,1
489,34471.8186291,0
490,-294.30396633,1
491,284694.420378,0
492,333603.317709,0
493,378920.75002,0
494,471434.013638,0
495,321542.413556,0
496,72820.3751478,0
497,301060.837461,0
498,174986.65377,0
499,177427.014,0
500,160209.105569,0
501,173656.201253,0
502,352112.680739,0
503,396544.562156,0
504,381370.024023,0
505,337312.06242,0
506,186659.305379,0
507,113613.911671,0
508,-21522.0864344,1
509,194231.891633,0
510,151641.757604,0
511,347862.866466,0
512,-3964.58723932,1
513,222433.092485,0
514,75226.7529593,0
515,327865.755164,0
516,289228.818948,0
517,198547.629523,0
518,9548.89960013,0
519,298989.677423,0
520,180465.818399,0
521,241139.023452,0
522,274293.712641,0
523,180503.589223,0
524,283306.398121,0
525,146754.973581,0
526,155694.112437,0
527,5530.57712173,0
528,296877.333906,0
529,327206.194038,0
530,-8516.54452464,1
531,135837.626386,0
532,253028.252277,0
533,35274.446544,0
534,213960.34107,0
535,141701.084738,0
536,258857.908601,0
537,79095.9913685,0
538,97715.0776533,0
539,197369.454612,0
540,140672.645309,0
541,298304.810927,0
542,236332.705379,0
543,222380.581681,0
544,399669.233743,0
545,122673.850272,0
546,209595.887352,0
547,232477.974489,0
548,108667.311326,0
549,23970.3192069,0
550,53690.8996797,0
551,331116.577208,0
552,77221.6153782,0
553,190141.840534,0
554,281772.11006,0
555,454175.827595,0
556,246930.083041,0
557,170913.661276,0
558,111933.63577,0
559,274714.789554,0
560,236888.06502,0
561,58478.1749976,0
562,205179.314994,0
563,255455.03103,0
564,270900.463863,0
565,166836.983531,0
566,263699.534658,0
567,153554.319785,0
568,248024.48841,0
569,235336.279514,0
570,70944.1413942,0
571,-25394.0021109,1
572,91852.2303073,0
573,158299.181656,0
574,186672.53013,0
575,312895.688942,0
576,186086.595661,0
577,198878.723667,0
578,136864.458865,0
579,214393.335642,0
580,93774.5966506,0
581,170217.478045,0
582,59581.5011366,0
583,172649.011101,0
584,116927.188891,0
585,360166.111368,0
586,340353.058779,0
587,237074.162132,0
588,222886.38058,0
589,7148.66192611,0
590,139907.020402,0
591,146061.619878,0
592,190475.78147,0
593,167170.178403,0
594,161607.391996,0
595,253013.144959,0
596,112791.784482,0
597,251744.798281,0
598,288920.127818,0
599,208558.480815,0
600,138704.267049,0
601,237725.604886,0
602,337985.621989,0
603,247059.426891,0
604,201095.853304,0
605,134064.37416,0
606,258859.304919,0
607,217342.894275,0
608,130885.51174,0
609,63291.6256273,0
610,314113.486489,0
611,235480.740794,0
612,299741.789781,0
613,136978.219418,0
614,260171.498126,0
615,291124.656817,0
616,250017.295367,0
617,76195.4960334,0
618,149672.652978,0
619,321062.129825,0
620,131001.691577,0
621,170112.52241,0
622,321946.374767,0
623,128111.338889,0
624,229719.682663,0
625,82211.7886299,0
626,249803.14138,0
627,273331.337244,0
628,28256.2988715,0
629,74171.2530968,0
630,15476.3071118,0
631,292927.605022,0
632,222506.568289,0
633,163609.814662,0
634,-9517.48856713,1
635,209627.250849,0
636,211721.01581,0
637,108520.678516,0
638,-57042.3285267,1
639,129393.224676,0
640,215236.652731,0
641,156851.43746,0
642,35692.2762957,0
643,187798.723188,0
644,228019.760313,0
645,156950.733946,0
646,310652.877356,0
647,144321.913989,0
648,345798.446171,0
649,102386.048497,0
650,212222.020363,0
651,295054.888097,0
652,65490.0670744,0
653,204109.000319,0
654,276664.109591,0
655,147178.525751,0
656,267180.365831,0
657,-19503.4336859,1
658,330787.038395,0
659,117651.062915,0
660,205861.935674,0
661,255926.511249,0
662,81674.5764069,0
663,188796.118192,0
664,122547.491539,0
665,188894.33208,0
666,110984.283191,0
667,266831.072281,0
668,7041.46990126,0
669,160257.917017,0
670,174680.665519,0
671,363716.296334,0
672,310788.406102,0
673,371369.782242,0
674,50112.7168905,0
675,325850.949879,0
676,379582.356409,0
677,155888.123934,0
678,109198.450217,0
679,325778.569615,0
680,120789.930025,0
681,222734.269859,0
682,350147.03988,0
683,263528.422264,0
684,293013.01407,0
685,389263.276539,0
686,140647.740611,0
687,103767.295819,0
688,231796.979698,0
689,-8882.19532289,1
690,-26935.0896673,1
691,177241.839577,0
692,319398.621073,0
693,415420.024858,0
694,225236.421945,0
695,316166.505424,0
696,87153.2577572,0
697,92467.1237123,0
698,318524.100918,0
699,97924.3346851,0
700,263850.711639,0
701,329723.734132,0
702,221071.10102,0
703,264056.272786,0
704,419740.979031,0
705,386623.059893,0
706,345508.113892,0
707,164041.951098,0
708,613156.069217,0
709,102122.460058,0
710,50615.9840783,0
711,217105.697445,0
712,247212.928128,0
713,178008.899603,0
714,249608.950755,0
715,118818.165337,0
716,372084.911619,0
717,454985.086693,0
718,155983.753084,0
719,227048.173951,0
720,262558.112245,0
721,174192.808523,0
722,124249.200416,0
723,120681.464207,0
724,-19437.1106254,1
725,378877.418304,0
726,83271.1969563,0
727,69398.7325983,0
728,309268.596764,0
729,189509.106517,0
730,-44152.2871652,1
731,150880.361897,0
732,245209.45405,0
733,229704.430969,0
734,99266.2804278,0
735,-29807.7388082,1
736,98695.3968616,0
737,321401.546462,0
738,122800.828337,0
739,361457.686098,0
740,182674.621318,0
741,289983.963518,0
742,202996.654286,0
743,361603.359839,0
744,222924.386557,0
745,259835.896189,0
746,281115.713367,0
747,193961.686737,0
748,221229.069923,0
749,385496.234647,0
750,231242.982845,0
751,281822.6607,0
752,335757.151112,0
753,236040.627497,0
754,260957.844848,0
755,168979.569333,0
756,219991.403998,0
757,322991.663786,0
758,230009.43384,0
759,272644.202598,0
760,52736.4382267,0
761,356375.111556,0
762,52940.874078,0
763,89836.1016401,0
764,188976.811979,0
765,184742.464126,0
766,263441.902277,0
767,411560.835031,0
768,255967.490152,0
769,295401.109337,0
770,148967.67213,0
771,350957.494819,0
772,129365.509497,0
773,149073.045069,0
774,11767.0628427,0
775,193290.215675,0
776,133220.115836,0
777,276952.385742,0
778,233717.201273,0
779,277357.099279,0
780,140479.003127,0
781,176096.741272,0
782,143205.563493,0
783,277753.814948,0
784,193428.174619,0
785,272910.292273,0
786,108327.873964,0
787,212431.25613,0
788,162531.700765,0
789,341067.109403,0
790,370234.80851,0
791,307899.461256,0
792,196134.672641,0
793,301242.447427,0
794,264406.495853,0
795,290744.767335,0
796,342057.649708,0
797,294851.603632,0
798,263906.571332,0
799,258426.338104,0
800,193159.270645,0
801,147439.078052,0
802,226748.589109,0
803,226987.983813,0
804,232970.43037,0
805,11765.2929942,0
806,42338.7525577,0
807,90435.8978218,0
808,225090.373199,0
809,285771.994554,0
810,132120.296703,0
811,324854.27597,0
812,187503.905827,0
813,235437.836585,0
814,128544.065122,0
815,150793.135276,0
816,194038.124106,0
817,191099.279151,0
818,159323.952015,0
819,107059.497659,0
820,-5288.369677,1
821,158355.816128,0
822,163258.123955,0
823,156811.335362,0
824,76043.4762558,0
825,153741.483743,0
826,357220.87457,0
827,172012.648018,0
828,203390.803352,0
829,155652.217145,0
830,131111.972675,0
831,265678.197739,0
832,110199.158868,0
833,69506.8490787,0
834,294065.626706,0
835,129871.952361,0
836,447766.122512,0
837,285064.095807,0
838,82438.3040001,0
839,311470.123275,0
840,115177.620684,0
841,413849.494501,0
842,48266.775512,0
843,60572.5283879,0
844,240040.141542,0
845,236961.974757,0
846,285705.538608,0
847,255819.025003,0
848,324308.889716,0
849,169618.690995,0
850,289329.904558,0
851,43059.7538072,0
852,162987.170766,0
853,125293.398739,0
854,175192.586433,0
855,62616.3291587,0
856,169127.191793,0
857,304537.122993,0
858,200192.699256,0
859,81866.9771211,0
860,31769.2720871,0
861,193658.65456,0
862,-72449.3873915,1
863,256579.39273,0
864,257676.525341,0
865,-11163.2036164,1
866,176686.585179,0
867,70722.1423535,0
868,193830.348051,0
869,25738.2458806,0
870,97721.770744,0
871,178699.62773,0
872,232909.359932,0
873,64548.0537371,0
874,126694.742777,0
875,309260.113021,0
876,402508.452613,0
877,349934.292039,0
878,-41676.3657009,1
879,157626.585707,0
880,175003.999145,0
881,47445.1362701,0
882,229261.68891,0
883,231880.174814,0
884,202106.845344,0
885,193123.647991,0
886,346717.787274,0
887,292637.49923,0
888,285779.269477,0
889,294445.317763,0
890,192772.541541,0
891,269158.021838,0
892,276301.106006,0
893,249805.124789,0
894,116770.783084,0
895,178182.106386,0
896,178859.012349,0
897,238439.478789,0
898,368172.422464,0
899,221286.235694,0
900,242995.062276,0
901,129913.491392,0
902,318489.030404,0
903,441846.717339,0
904,47714.4604239,0
905,175828.806475,0
906,442543.173476,0
907,233968.425731,0
908,-3039.80064608,1
909,217970.069559,0
910,203952.446707,0
911,202797.355113,0
912,63559.6101681,0
913,283962.525804,0
914,225523.182298,0
915,19971.2685438,0
916,178032.6239,0
917,72483.3618287,0
918,186598.516659,0
919,173208.753892,0
920,302586.207741,0
921,165666.02497,0
922,178917.83694,0
923,122858.718281,0
924,161338.961957,0
925,34070.2382703,0
926,382682.751433,0
927,534260.079001,0
928,294947.464419,0
929,258688.213902,0
930,112549.718283,0
931,115903.358913,0
932,310154.220194,0
933,39553.8968034,0
934,194278.999639,0
935,372232.890336,0
936,78172.3482186,0
937,244731.819605,0
938,371961.737051,0
939,184123.747604,0
940,264370.755278,0
941,583017.361154,0
942,222985.152515,0
943,176286.273774,0
944,218719.599047,0
945,379409.378169,0
946,193766.319766,0
947,273226.461024,0
948,235142.743427,0
949,74698.2395924,0
950,255178.772369,0
951,229688.219809,0
952,164510.822233,0
953,259377.795368,0
954,287560.489238,0
955,200856.159301,0
956,285106.821463,0
957,185930.278545,0
958,126246.595881,0
959,87593.6195551,0
960,378423.770391,0
961,289667.429573,0
962,151786.986975,0
963,185646.538334,0
964,492061.717895,0
965,209938.063199,0
966,277848.441298,0
967,199675.336498,0
968,58216.855808,0
969,84564.1672436,0
970,283826.203637,0
971,105844.316949,0
972,118505.163268,0
973,335801.021764,0
974,333140.65729,0
975,259629.134743,0
976,96155.5017686,0
977,22119.0279083,0
978,360182.609008,0
979,178410.270305,0
980,220758.497328,0
981,98615.5636422,0
982,417864.376532,0
983,94501.9550444,0
984,133592.570578,0
985,302100.406583,0
986,229532.705719,0
987,275774.394511,0
988,309036.145531,0
989,303559.728258,0
990,256930.938767,0
991,-35853.9179216,1
992,141174.822613,0
993,335462.973208,0
994,415902.143777,0
995,504294.82425,0
996,95515.9967828,0
997,260223.010902,0
998,231486.876565,0
999,240552.281398,0
1000,106859.873055,0
1001,124599.817946,0
1002,129891.64627,0
1003,132105.430543,0
1004,355930.530758,0
1005,324590.359931,0
1006,153757.898269,0
1007,178628.493725,0
1008,308143.018663,0
1009,75083.54308,0
1010,208000.669292,0
1011,187417.299456,0
1012,165080.642087,0
1013,256025.899727,0
1014,95149.7858533,0
1015,339528.961704,0
1016,408538.416162,0
1017,247151.702423,0
1018,249617.499787,0
1019,36657.3608126,0
1020,-30023.5722408,1
1021,203265.414892,0
1022,359465.745718,0
1023,215336.522548,0
1024,124320.492376,0
1025,180533.731413,0
1026,358964.578684,0
1027,302276.648406,0
1028,407007.036799,0
1029,401491.252044,0
1030,263178.095101,0
1031,246441.174643,0
1032,370538.215755,0
1033,199723.165312,0
1034,181368.211284,0
1035,438354.192966,0
1036,120262.236978,0
1037,173452.582268,0
1038,169557.005916,0
1039,103729.601132,0
1040,160524.248593,0
1041,178452.671784,0
1042,217281.403256,0
1043,-35012.4171845,1
1044,194076.380098,0
1045,291833.022034,0
1046,106527.679836,0
1047,88052.1508444,0
1048,300636.693789,0
1049,53734.8131815,0
1050,210808.81158,0
1051,331311.720864,0
1052,304673.335958,0
1053,18610.365696,0
1054,173788.786462,0
1055,239561.053293,0
1056,87943.1144605,0
1057,259049.284909,0
1058,361555.297324,0
1059,221136.790669,0
1060,198508.846033,0
1061,117449.987049,0
1062,300316.810062,0
1063,354362.928497,0
1064,118203.151363,0
1065,372183.197567,0
1066,181388.305316,0
1067,18644.0770589,0
1068,193265.50268,0
1069,148486.794396,0
1070,377339.771091,0
1071,133482.760312,0
1072,20437.4830235,0
1073,246757.925525,0
1074,190806.178997,0
1075,329516.057457,0
1076,196888.289724,0
1077,294075.520294,0
1078,315968.074011,0
1079,133929.798243,0
1080,126113.653565,0
1081,169323.69889,0
1082,236003.504815,0
1083,252280.380631,0
1084,185389.230273,0
1085,342891.905379,0
1086,-79879.1626188,1
1087,76905.1885807,0
1088,254734.254728,0
1089,385646.972001,0
1090,185312.24471,0
1091,245570.538018,0
1092,179751.812081,0
1093,122145.882937,0
1094,202880.312338,0
1095,207380.437604,0
1096,219537.385363,0
1097,140340.69388,0
1098,484524.381584,0
1099,153271.691644,0
1100,151805.932601,0
1101,339901.898019,0
1102,161948.924066,0
1103,262684.173594,0
1104,71217.9386739,0
1105,78148.0747916,0
1106,130705.891489,0
1107,224362.753324,0
1108,232349.551189,0
1109,-46000.5951157,1
1110,313381.588428,0
1111,177312.326521,0
1112,139405.271036,0
1113,157031.462629,0
1114,316876.453292,0
1115,139878.049934,0
1116,205908.922618,0
1117,-18036.2602867,1
1118,306657.384318,0
1119,172828.740895,0
1120,135675.851798,0
1121,365387.524187,0
1122,201188.117797,0
1123,275138.28618,0
1124,23064.2321884,0
1125,348622.823808,0
1126,276345.665538,0
1127,248437.485419,0
1128,336265.080802,0
1129,44071.3783509,0
1130,154443.682193,0
1131,100462.088484,0
1132,88545.5938079,0
1133,51701.605902,0
1134,266209.307488,0
1135,200708.101061,0
1136,215036.002094,0
1137,164403.789528,0
1138,180229.052817,0
1139,113694.71811,0
1140,79344.1404241,0
1141,187723.431253,0
1142,401719.051002,0
1143,256624.581862,0
1144,357017.217194,0
1145,422233.941166,0
1146,485547.604886,0
1147,102749.865102,0
1148,180211.945251,0
1149,168838.463968,0
1150,385397.997059,0
1151,336818.129401,0
1152,219588.895044,0
1153,245998.041045,0
1154,52777.366027,0
1155,289738.498719,0
1156,307332.56479,0
1157,168354.763053,0
1158,322503.701195,0
1159,473903.627327,0
1160,265416.816072,0
1161,150451.695931,0
1162,400896.042061,0
1163,175512.411228,0
1164,334642.429876,0
1165,70599.5382456,0
1166,177274.965369,0
1167,268592.406556,0
1168,179827.465086,0
1169,68906.4231715,0
1170,237190.947561,0
1171,243345.629478,0
1172,219888.355107,0
1173,350765.299838,0
1174,263412.675152,0
1175,316794.072816,0
1176,477227.029546,0
1177,121843.095748,0
1178,106119.441033,0
1179,-96962.5262014,1
1180,191264.516431,0
1181,133790.664516,0
1182,47830.8837671,0
1183,375321.710928,0
1184,2539.51141009,0
1185,117179.259466,0
1186,119292.92316,0
1187,210385.197359,0
1188,344379.383921,0
1189,251069.35242,0
1190,254706.653507,0
1191,210715.185163,0
1192,243883.806848,0
1193,189034.999398,0
1194,196382.994038,0
1195,93988.3160756,0
1196,442956.783177,0
1197,297159.199898,0
1198,141509.473324,0
1199,177661.277619,0
1200,282968.453811,0
1201,198187.776164,0
1202,70873.3656949,0
1203,132924.89986,0
1204,202458.504946,0
1205,130483.808694,0
1206,216043.40142,0
1207,188897.328779,0
1208,236871.299805,0
1209,30752.8606979,0
1210,272001.470201,0
1211,91150.4090826,0
1212,267981.066695,0
1213,269044.270232,0
1214,204923.476732,0
1215,166745.011603,0
1216,207362.792178,0
1217,308870.134305,0
1218,431575.954953,0
1219,209407.615862,0
1220,220107.09135,0
1221,216720.733588,0
1222,233079.126153,0
1223,243816.256413,0
1224,266211.018919,0
1225,31641.6826849,0
1226,172304.921801,0
1227,243704.297483,0
1228,511534.19662,0
1229,237801.127853,0
1230,189760.664445,0
1231,184276.345207,0
1232,273541.398578,0
1233,228825.486674,0
1234,216345.421227,0
1235,251584.226009,0
1236,348252.608174,0
1237,321098.366737,0
1238,250020.925545,0
1239,138787.862125,0
1240,104682.683948,0
1241,77751.1256567,0
1242,65331.745831,0
1243,256544.219173,0
1244,49813.7231759,0
1245,78825.1629169,0
1246,240246.46589,0
1247,355765.827309,0
1248,123613.118873,0
1249,194926.11364,0
1250,234258.112461,0
1251,186312.281947,0
1252,334929.973433,0
1253,343268.346298,0
1254,209872.918604,0
1255,128339.236842,0
1256,342859.081115,0
1257,259854.292593,0
1258,197401.993218,0
1259,196371.577771,0
1260,148731.287184,0
1261,5240.33747479,0
1262,160953.569203,0
1263,264869.02586,0
1264,-12594.3472345,1
1265,150042.422374,0
1266,238124.171036,0
1267,162405.725216,0
1268,225513.587864,0
1269,-7997.30369896,1
1270,183762.995631,0
1271,356455.825305,0
1272,327753.566013,0
1273,200516.72643,0
1274,321811.073571,0
1275,178037.351057,0
1276,205727.242608,0
1277,417354.341561,0
1278,252597.284947,0
1279,181607.44472,0
1280,270600.75892,0
1281,330784.054766,0
1282,309022.073186,0
1283,132197.63975,0
1284,208292.498755,0
1285,332298.68068,0
1286,258871.761753,0
1287,323511.858651,0
1288,143917.704741,0
1289,205756.872795,0
1290,-15419.2645689,1
1291,98898.94841,0
1292,343988.941849,0
1293,54017.4247754,0
1294,219488.116502,0
1295,273883.172683,0
1296,327289.931803,0
1297,18604.750953,0
1298,479803.423557,0
1299,300788.021155,0
1300,179218.253233,0
1301,247487.400461,0
1302,338413.639388,0
1303,131679.7306,0
1304,92797.4318204,0
1305,203972.742629,0
1306,219256.681811,0
1307,291567.4403,0
1308,55680.721331,0
1309,185824.661739,0
1310,301552.246857,0
1311,-24446.169656,1
1312,88621.2777843,0
1313,289264.786152,0
1314,-5661.86220768,1
1315,122849.901022,0
1316,292697.016608,0
1317,157141.222548,0
1318,109534.342384,0
1319,218738.967998,0
1320,37372.2151582,0
1321,-124836.674628,1
1322,384297.907179,0
1323,264925.326223,0
1324,107528.596307,0
1325,22336.5227953,0
1326,290652.802047,0
1327,183744.182934,0
1328,271440.853307,0
1329,173163.780654,0
1330,330675.594993,0
1331,2949.06023141,0
1332,148234.257529,0
1333,62988.8542983,0
1334,205547.529455,0
1335,169835.653904,0
1336,220181.859886,0
1337,221287.299171,0
1338,161408.767838,0
1339,61607.4509494,0
1340,404072.514496,0
1341,191072.658556,0
1342,260758.662821,0
1343,87004.9451371,0
1344,420569.334137,0
1345,296409.948895,0
1346,304039.524743,0
1347,-42015.3895873,1
1348,289754.948594,0
1349,127920.51081,0
1350,115661.817349,0
1351,327711.883976,0
1352,183069.113143,0
1353,-79633.6925672,1
1354,75111.6315864,0
1355,383638.759123,0
1356,111997.390154,0
1357,229171.010878,0
1358,298446.916338,0
1359,161551.96844,0
1360,197965.958033,0
1361,48861.5431312,0
1362,371149.705597,0
1363,172808.861722,0
1364,191868.94928,0
1365,356899.556433,0
1366,40945.2209498,0
1367,131503.95382,0
1368,59834.6142845,0
1369,233038.365882,0
1370,248250.845132,0
1371,182755.916634,0
1372,203844.839126,0
1373,80096.6131824,0
1374,233489.899014,0
1375,408412.841501,0
1376,264324.480507,0
1377,147804.149782,0
1378,208946.783207,0
1379,87464.4956267,0
1380,334065.607261,0
1381,274205.876086,0
1382,54639.1498702,0
1383,254210.731725,0
1384,219982.250413,0
1385,130599.729358,0
1386,178449.696683,0
1387,292260.276773,0
1388,230068.080195,0
1389,70759.6355327,0
1390,174378.199335,0
1391,326206.228727,0
1392,358263.451947,0
1393,171620.784872,0
1394,207681.683808,0
1395,152219.005112,0
1396,113799.753716,0
1397,52926.3496296,0
1398,181748.614973,0
1399,112202.978653,0
1400,49211.6593456,0
1401,165985.617318,0
1402,10296.0912143,0
1403,107914.896899,0
1404,105555.564193,0
1405,211411.844143,0
1406,266032.557924,0
1407,165435.281906,0
1408,288335.63612,0
1409,119538.389079,0
1410,434247.286698,0
1411,249236.287441,0
1412,69041.7253343,0
1413,201542.695231,0
1414,150031.846606,0
1415,461484.461441,0
1416,432577.553989,0
1417,314751.791242,0
1418,350313.816642,0
1419,204081.376652,0
1420,376662.684973,0
1421,4984.51006337,0
1422,247383.447452,0
1423,70282.9296763,0
1424,-20288.6097138,1
1425,275865.228626,0
1426,220533.729908,0
1427,276529.720431,0
1428,147675.414369,0
1429,299148.228511,0
1430,39413.8712221,0
1431,224869.96032,0
1432,176173.749348,0
1433,153193.84634,0
1434,288327.753915,0
1435,356250.709421,0
1436,437625.899873,0
1437,305792.537302,0
1438,344806.485288,0
1439,108704.601726,0
1440,13844.9081795,0
1441,381673.659665,0
1442,49706.3515849,0
1443,89589.845163,0
1444,111677.260663,0
1445,174688.606777,0
1446,110253.540371,0
1447,245251.284323,0
1448,186821.811418,0
1449,107393.516513,0
1450,-50845.6957678,1
1451,314904.624152,0
1452,256066.436486,0
1453,137595.771836,0
1454,97621.3291162,0
1455,225233.159669,0
1456,136971.397733,0
1457,50364.2191813,0
1458,460750.353955,0
1459,-65849.7948293,1
1460,219275.466126,0
1461,127270.628854,0
1462,177740.933922,0
1463,248149.111075,0
1464,-36634.367434,1
1465,207587.462422,0
1466,172032.56977,0
1467,303308.641519,0
1468,284673.627465,0
1469,250054.881953,0
1470,298765.478694,0
1471,307481.866876,0
1472,94883.1601894,0
1473,308205.566973,0
1474,-24998.0249239,1
1475,-45763.411797,1
1476,153545.019639,0
1477,124726.51279,0
1478,210994.123139,0
1479,277654.993497,0
1480,-43012.7318274,1
1481,197421.712067,0
1482,247671.643573,0
1483,153839.396287,0
1484,82343.9515056,0
1485,293518.180331,0
1486,52228.127639,0
1487,262469.657682,0
1488,380339.592746,0
1489,257450.285355,0
1490,342339.614535,0
1491,314203.270692,0
1492,371864.09999,0
1493,181377.37311,0
1494,238202.783253,0
1495,291150.211713,0
1496,428043.04896,0
1497,204393.203496,0
1498,219729.07929,0
1499,102530.985117,0
1500,149227.175621,0
1501,293766.066084,0
1502,232955.446888,0
1503,59000.9425004,0
1504,134663.896208,0
1505,188596.134937,0
1506,294676.510104,0
1507,16796.8239757,0
1508,262318.507099,0
1509,261018.743635,0
1510,361283.633328,0
1511,97092.9558276,0
1512,209388.478719,0
1513,290459.655732,0
1514,213885.414564,0
1515,339530.041838,0
1516,263823.826678,0
1517,213002.967411,0
1518,245197.074102,0
1519,114477.243848,0
1520,132712.715303,0
1521,376344.612586,0
1522,14543.3467558,0
1523,148804.494746,0
1524,59530.5163911,0
1525,126523.500239,0
1526,238030.855671,0
1527,180553.141029,0
1528,201297.145124,0
1529,157737.142568,0
1530,351081.78342,0
1531,244451.09336,0
1532,162323.955659,0
1533,324099.075252,0
1534,198936.016336,0
1535,398745.518552,0
1536,292447.331274,0
1537,221895.551373,0
1538,186152.666739,0
1539,281587.690411,0
1540,225042.309566,0
1541,344391.918484,0
1542,162924.624685,0
1543,188210.490071,0
1544,16538.0598767,0
1545,316086.480102,0
1546,167243.993056,0
1547,219801.55572,0
1548,358133.698255,0
1549,159050.843743,0
1550,142788.328317,0
1551,120950.447418,0
1552,195643.116484,0
1553,16820.2371726,0
1554,342902.593142,0
1555,88441.2125465,0
1556,250549.725038,0
1557,370116.68303,0
1558,10974.6086554,0
1559,173316.649351,0
1560,319525.427286,0
1561,188707.445435,0
1562,259292.012182,0
1563,297910.288304,0
1564,86315.7720071,0
1565,160374.520156,0
1566,94721.9214909,0
1567,349521.752897,0
1568,255854.392974,0
1569,275450.185266,0
1570,293261.445501,0
1571,77647.5930317,0
1572,194015.593287,0
1573,286636.044624,0
1574,201285.603764,0
1575,345358.391906,0
1576,108102.092469,0
1577,191475.551078,0
1578,118939.378584,0
1579,270639.92519,0
1580,325755.953236,0
1581,2501.26287696,0
1582,215738.881549,0
1583,318481.399152,0
1584,228841.192351,0
1585,360629.349914,0
1586,74567.1716499,0
1587,124419.906697,0
1588,-98039.2433175,1
1589,304959.398637,0
1590,79426.0894954,0
1591,320162.897457,0
1592,137043.188805,0
1593,163778.503375,0
1594,228428.731856,0
1595,114926.066505,0
1596,285577.336535,0
1597,20175.2400308,0
1598,244845.62525,0
1599,120159.486236,0
1600,100902.572095,0
1601,27205.8210561,0
1602,193507.93578,0
1603,51982.0849997,0
1604,88420.1925486,0
1605,237621.17923,0
1606,107489.330969,0
1607,338229.246502,0
1608,133798.362048,0
1609,212227.157347,0
1610,240893.228321,0
1611,60659.9137022,0
1612,102629.395929,0
1613,161147.916342,0
1614,285968.795488,0
1615,220599.028795,0
1616,226593.846353,0
1617,212792.897341,0
1618,96375.1222072,0
1619,201750.440352,0
1620,200311.635552,0
1621,139174.290276,0
1622,4288.79723273,0
1623,97651.0714311,0
1624,261202.601399,0
1625,201371.795222,0
1626,166499.233617,0
1627,269176.421479,0
1628,98788.8645176,0
1629,298341.555024,0
1630,131664.019975,0
1631,207703.727469,0
1632,417289.44253,0
1633,229208.373768,0
1634,109956.042842,0
1635,25901.6525074,0
1636,355096.012549,0
1637,268270.983047,0
1638,211670.895897,0
1639,191722.839264,0
1640,77798.5604807,0
1641,224224.454274,0
1642,133889.060356,0
1643,129718.146566,0
1644,66527.2250858,0
1645,212318.792997,0
1646,41629.2319243,0
1647,318770.606341,0
1648,169554.56634,0
1649,341042.668057,0
1650,191707.909397,0
1651,-74671.0836338,1
1652,284025.259786,0
1653,294.876145581,0
1654,-3114.97280228,1
1655,315050.59834,0
1656,224043.68451,0
1657,109197.211513,0
1658,124680.555253,0
1659,199603.434646,0
1660,224971.976497,0
1661,-6523.64295515,1
1662,337822.970156,0
1663,282890.098555,0
1664,108925.235845,0
1665,313216.68918,0
1666,87770.5923347,0
1667,58195.016263,0
1668,169498.38031,0
1669,120959.063966,0
1670,319839.4037,0
1671,253704.365422,0
1672,153958.325999,0
1673,175157.114498,0
1674,304506.205925,0
1675,265907.167228,0
1676,293178.731257,0
1677,94794.2116154,0
1678,354390.57942,0
1679,91088.817827,0
1680,210586.101239,0
1681,56929.9709519,0
1682,122642.086375,0
1683,221790.271714,0
1684,125317.253925,0
1685,-49265.1845388,1
1686,101901.568889,0
1687,187916.585197,0
1688,172130.605391,0
1689,119346.08008,0
1690,110114.413811,0
1691,168568.8524,0
1692,315333.26306,0
1693,223320.61914,0
1694,182344.186753,0
1695,86907.1016443,0
1696,95291.8953006,0
1697,-20438.0584047,1
1698,63185.9099008,0
1699,207703.954439,0
1700,219733.63846,0
1701,104508.107762,0
1702,208543.142157,0
1703,195970.610388,0
1704,235386.253892,0
1705,223842.637004,0
1706,113691.333806,0
1707,153500.801302,0
1708,-16849.988407,1
1709,186392.172732,0
1710,190835.16789,0
1711,9775.37717202,0
1712,18788.840545,0
1713,204711.667012,0
1714,36404.2355735,0
1715,245465.821052,0
1716,280785.862128,0
1717,78342.04711,0
1718,349120.780696,0
1719,93704.0896642,0
1720,-7416.21591849,1
1721,252453.714499,0
1722,182835.539959,0
1723,165724.966628,0
1724,80793.1125803,0
1725,154306.400129,0
1726,139329.608616,0
1727,225351.715823,0
1728,228268.599846,0
1729,115326.38825,0
1730,149924.051306,0
1731,-61842.3383993,1
1732,176954.888598,0
1733,100310.765552,0
1734,249903.872998,0
1735,291206.739324,0
1736,267552.130077,0
1737,161185.260047,0
1738,225238.798428,0
1739,383531.456591,0
1740,81912.7718628,0
1741,210673.379814,0
1742,177475.964503,0
1743,223127.698088,0
1744,297069.976349,0
1745,65274.6924787,0
1746,404255.13557,0
1747,205535.319918,0
1748,377479.913667,0
1749,289362.555019,0
1750,238286.226695,0
1751,242227.857291,0
1752,67249.4920236,0
1753,231138.624589,0
1754,271419.325699,0
1755,293243.516645,0
1756,36992.9300548,0
1757,92461.7809024,0
1758,107187.143161,0
1759,218597.924807,0
1760,442870.886725,0
1761,170787.329266,0
1762,220111.195743,0
1763,206782.814541,0
1764,-16950.6758454,1
1765,199146.566851,0
1766,289453.66659,0
1767,313019.302767,0
1768,218461.238161,0
1769,364444.910345,0
1770,157731.880829,0
1771,290106.805409,0
1772,204745.536301,0
1773,275443.453703,0
1774,81568.2107734,0
1775,47032.8545646,0
1776,270875.753978,0
1777,149811.233997,0
1778,202343.926365,0
1779,-71130.6579919,1
1780,-15061.8330748,1
1781,269173.34122,0
1782,109897.535115,0
1783,284139.809622,0
1784,277470.669643,0
1785,173664.54701,0
1786,290948.742088,0
1787,234756.819984,0
1788,70047.0761366,0
1789,246346.600542,0
1790,162233.35211,0
1791,158062.316231,0
1792,96522.7878619,0
1793,396898.241617,0
1794,382537.207553,0
1795,90435.7822445,0
1796,531623.001933,0
1797,271822.507626,0
1798,281890.854833,0
1799,135703.968062,0
1800,51549.3889922,0
1801,58491.1141276,0
1802,203263.502498,0
1803,397671.458311,0
1804,217903.653574,0
1805,246994.584596,0
1806,154909.270994,0
1807,265871.523593,0
1808,284331.022969,0
1809,306165.133406,0
1810,190133.365678,0
1811,332924.643696,0
1812,195019.178647,0
1813,158862.923061,0
1814,290790.106145,0
1815,192313.844354,0
1816,329147.045236,0
1817,-46485.4128924,1
1818,283559.880306,0
1819,202763.212287,0
1820,189807.730248,0
1821,223237.414671,0
1822,155221.594818,0
1823,20687.1501247,0
1824,411911.525513,0
1825,235904.823085,0
1826,155450.884839,0
1827,277527.427533,0
1828,252861.29513,0
1829,128762.688603,0
1830,17241.6873433,0
1831,603868.319008,0
1832,500121.769404,0
1833,253385.423091,0
1834,121908.862126,0
1835,63844.8798618,0
1836,78992.6898348,0
1837,282729.983792,0
1838,-68468.9020235,1
1839,288875.856068,0
1840,249875.943389,0
1841,250906.384848,0
1842,226477.142431,0
1843,397796.967046,0
1844,213605.649004,0
1845,352407.835369,0
1846,170656.080187,0
1847,87564.684579,0
1848,72588.8533178,0
1849,151034.576698,0
1850,204926.757819,0
1851,131820.617106,0
1852,235137.466233,0
1853,344181.618313,0
1854,57980.4371031,0
1855,46277.4243068,0
1856,212473.565427,0
1857,202201.48012,0
1858,233029.071213,0
1859,164956.329426,0
1860,223110.844686,0
1861,112411.996988,0
1862,205176.771232,0
1863,246707.742101,0
1864,169101.74116,0
1865,310692.061941,0
1866,186666.312657,0
1867,211448.732227,0
1868,203818.025497,0
1869,377636.502728,0
1870,137399.27652,0
1871,164543.899341,0
1872,301492.732727,0
1873,338359.596044,0
1874,142980.620037,0
1875,31426.6114763,0
1876,178394.561687,0
1877,237787.440663,0
1878,187683.254946,0
1879,163554.283166,0
1880,164311.90996,0
1881,5995.00611998,0
1882,274037.886158,0
1883,19509.7364109,0
1884,208898.870444,0
1885,93634.5079839,0
1886,333834.33872,0
1887,245820.129202,0
1888,235580.52056,0
1889,197815.577409,0
1890,194492.576797,0
1891,331073.605504,0
1892,132593.502014,0
1893,386169.787033,0
1894,-86699.5337676,1
1895,202256.169479,0
1896,180926.636061,0
1897,197517.866336,0
1898,242533.654411,0
1899,150670.351807,0
1900,185473.014731,0
1901,255314.251687,0
1902,223726.382294,0
1903,253943.466549,0
1904,69655.8024117,0
1905,103532.828087,0
1906,344415.740886,0
1907,-295.929988501,1
1908,91674.9570224,0
1909,190579.752753,0
1910,149028.028056,0
1911,63803.8189603,0
1912,216950.695216,0
1913,393260.96861,0
1914,50942.8450668,0
1915,448391.074516,0
1916,319182.352928,0
1917,172217.737415,0
1918,226266.213097,0
1919,276167.404766,0
1920,226241.90752,0
1921,256335.279724,0
1922,77000.0633454,0
1923,21998.6603641,0
1924,157377.931,0
1925,85896.9193348,0
1926,232169.778121,0
1927,274384.359031,0
1928,236494.246324,0
1929,365519.426468,0
1930,22616.6470163,0
1931,38372.1208774,0
1932,364517.674664,0
1933,209069.913445,0
1934,69397.1725469,0
1935,384339.856985,0
1936,218495.772689,0
1937,46879.7618513,0
1938,108008.138096,0
1939,216985.113483,0
1940,193123.621055,0
1941,94132.2889017,0
1942,94236.9028668,0
1943,245026.899683,0
1944,102561.39247,0
1945,277851.253037,0
1946,178439.397475,0
1947,58085.5097062,0
1948,168459.476821,0
1949,191515.479263,0
1950,93373.9389252,0
1951,291084.228833,0
1952,286158.284425,0
1953,262115.960451,0
1954,80961.5401528,0
1955,310825.700084,0
1956,185592.444387,0
1957,234607.359892,0
1958,307545.619088,0
1959,450183.468474,0
1960,256405.379752,0
1961,193771.145679,0
1962,66717.6912098,0
1963,133261.881925,0
1964,75730.1236947,0
1965,170536.146817,0
1966,298329.226136,0
1967,378819.879406,0
1968,179201.801141,0
1969,67728.3288824,0
1970,271513.738355,0
1971,280304.914987,0
1972,351833.758636,0
1973,379398.883945,0
1974,124312.626138,0
1975,145700.902584,0
1976,368064.791989,0
1977,30806.7598811,0
1978,-10431.0054995,1
1979,223302.55542,0
1980,283455.498166,0
1981,197600.028571,0
1982,198095.4738,0
1983,255948.825618,0
1984,314359.642129,0
1985,136823.477049,0
1986,116092.761727,0
1987,211286.93964,0
1988,215750.854038,0
1989,122518.622113,0
1990,-124458.191473,1
1991,199586.565437,0
1992,185953.234683,0
1993,434206.134067,0
1994,303311.290968,0
1995,150477.639474,0
1996,120032.959425,0
1997,431776.175001,0
1998,80552.4333034,0
1999,132605.820902,0
2000,125188.985651,0
2001,305873.939481,0
2002,144533.871723,0
2003,127884.682262,0
2004,174713.856693,0
2005,230735.919421,0
2006,330424.912713,0
2007,252246.652233,0
2008,235099.457248,0
2009,133192.456384,0
2010,256586.878462,0
2011,205789.961577,0
2012,157467.08356,0
2013,187848.502658,0
2014,301348.917066,0
2015,152991.823327,0
2016,216620.406748,0
2017,43252.6449027,0
2018,177753.987212,0
2019,107937.913564,0
2020,113673.037899,0
2021,70735.3107136,0
2022,54940.4453083,0
2023,252145.467958,0
2024,434153.429768,0
2025,219273.607556,0
2026,258266.242497,0
2027,296507.187692,0
2028,209438.573896,0
2029,104974.787919,0
2030,95479.598933,0
2031,294354.719427,0
2032,41629.8590837,0
2033,289509.742815,0
2034,324631.555791,0
2035,398303.289855,0
2036,336172.193743,0
2037,123963.856374,0
2038,144437.76329,0
2039,54562.6605042,0
2040,41551.4748204,0
2041,46989.8257309,0
2042,150117.569367,0
2043,245292.06763,0
2044,379142.705802,0
2045,149176.346344,0
2046,283438.37967,0
2047,200353.939105,0
2048,243690.121813,0
