time_s,source_value,secondary_value,held_value
1e-05,0.314076425601,0.0013758873022,0
2e-05,0.627986215972,0.00723527698881,0
3e-05,0.941728771611,0.0187532261928,0
4e-05,1.25530307293,0.0329797060379,0
5e-05,1.56870626308,0.0451030292147,0
6e-05,1.8819336228,0.0520622895114,0
7e-05,2.1949799334,0.0547973857588,0
8e-05,2.50784119048,0.0574837730665,0
9e-05,2.82051538677,0.0643708928508,0
0.0001,3.13300179665,0.0766171462414,0
0.00011,3.44529931936,0.0914777753404,0
0.00012,3.75740512984,0.10441183977,0
0.00013,4.06931463656,0.11249201418,0
0.00014,4.38102275646,0.11655739694,0
0.00015,4.69252553633,0.120527126465,0.0451030292147
0.00016,5.00382090787,0.128432167701,0.0451030292147
0.00017,5.31490802854,0.141412313258,0.0451030292147
0.00018,5.62578572197,0.156914648368,0.0451030292147
0.00019,5.93645119378,0.170654260667,0.0451030292147
0.0002,6.24689997439,0.179832374826,0.0766171462414
0.00021,6.55712711134,0.185195533258,0.0766171462414
0.00022,6.86712870314,0.190421722935,0.0766171462414
0.00023,7.17690262711,0.199334115148,0.0766171462414
0.00024,7.48644793256,0.213052214466,0.0766171462414
0.00025,7.79576337291,0.229202359718,0.120527126465
0.00026,8.10484618355,0.243741717943,0.120527126465
0.00027,8.41369201149,0.253995162923,0.120527126465
0.00028,8.72229603016,0.260624328886,0.120527126465
0.00029,9.0306543903,0.267080349368,0.120527126465
0.0003,9.33876492112,0.276988797111,0.179832374826
0.00031,9.64662657216,0.291447457857,0.179832374826
0.00032,9.95423803182,0.308250122475,0.179832374826
0.00033,10.2615965646,0.323582820573,0.179832374826
0.00034,10.5686979291,0.334889305834,0.179832374826
0.00035,10.8755374203,0.342753395465,0.229202359718
0.00036,11.1821112415,0.350412848265,0.229202359718
0.00037,11.4884171799,0.36130536579,0.229202359718
0.00038,11.7944540932,0.376505810477,0.229202359718
0.00039,12.1002206098,0.393964364226,0.229202359718
0.0004,12.4057140227,0.410083397443,0.276988797111
0.00041,12.7109301978,0.422420907376,0.276988797111
0.00042,13.0158645471,0.4314894663,0.276988797111
0.00043,13.3205133273,0.440326163061,0.276988797111
0.00044,13.624874289,0.452190106968,0.276988797111
0.00045,13.9289462056,0.46813223826,0.342753395465
0.00046,14.2327276505,0.48624876473,0.342753395465
0.00047,14.5362159452,0.503146535908,0.342753395465
0.00048,14.8394070578,0.516493289733,0.342753395465
0.00049,15.1422965144,0.526736441728,0.342753395465
0.0005,15.4448806249,0.536724384622,0.410083397443
0.00051,15.7471571088,0.549546484636,0.410083397443
0.00052,16.0491246626,0.566228947377,0.410083397443
0.00053,16.3507818094,0.585004295205,0.410083397443
0.00054,16.6521258986,0.602672621878,0.410083397443
0.00055,16.9531529974,0.617007036726,0.46813223826
0.00056,17.2538587416,0.628395435674,0.46813223826
0.00057,17.5542394951,0.639508798877,0.46813223826
0.00058,17.8542929513,0.6532751869,0.46813223826
0.00059,18.1540177367,0.670695427079,0.46813223826
0.0006,18.4534123288,0.690129259206,0.536724384622
0.00061,18.7524741047,0.708559381426,0.536724384622
0.00062,19.0511992271,0.723860038396,0.536724384622
0.00063,19.3495834382,0.736364823353,0.536724384622
0.00064,19.6476231562,0.748577935614,0.536724384622
0.00065,19.9453160534,0.763274173179,0.617007036726
0.00066,20.2426606928,0.781428493997,0.617007036726
0.00067,20.5396555106,0.801519335046,0.617007036726
0.00068,20.8362979119,0.820701923882,0.617007036726
0.00069,21.1325841514,0.836947536907,0.617007036726
0.0007,21.4285100747,0.850540290141,0.690129259206
0.00071,21.7240721547,0.863827618393,0.690129259206
0.00072,22.019268047,0.879438722648,0.690129259206
0.00073,22.3140962575,0.898322337863,0.690129259206
0.00074,22.6085551853,0.919067619739,0.690129259206
0.00075,22.902642264,0.93899278637,0.763274173179
0.00076,23.1963538368,0.956162173734,0.763274173179
0.00077,23.4896858501,0.970814881581,0.763274173179
0.00078,23.7826348319,0.985151015585,0.763274173179
0.00079,24.0751984252,1.00166148392,0.763274173179
0.0008,24.3673750849,1.02126856863,0.850540290141
0.00081,24.6591631775,1.04266467442,0.850540290141
0.00082,24.9505601646,1.06332197979,0.850540290141
0.00083,25.2415624761,1.08139403812,0.850540290141
0.00084,25.5321661558,1.09707905452,0.850540290141
0.00085,25.8223677872,1.11243869252,0.93899278637
0.00086,26.1121650052,1.12983252594,0.93899278637
0.00087,26.4015562191,1.15015626498,0.93899278637
0.00088,26.6905397669,1.17219857123,0.93899278637
0.00089,26.9791131389,1.19357703617,0.93899278637
0.0009,27.2672728485,1.21253071678,1.02126856863
0.00091,27.5550150349,1.22922072935,1.02126856863
0.00092,27.8423363374,1.24557866472,1.02126856863
0.00093,28.1292343866,1.26383939008,1.02126856863
0.00094,28.4157075518,1.28487202412,1.02126856863
0.00095,28.7017541462,1.30755494157,1.11243869252
0.00096,28.9873716894,1.32964305741,1.11243869252
0.00097,29.2725567761,1.34945734484,1.11243869252
0.00098,29.5573056383,1.36712534338,1.11243869252
0.00099,29.8416149717,1.38445645221,1.11243869252
0.001,30.125482406,1.40356714337,1.21253071678
0.00101,30.408906276,1.42530001292,1.21253071678
0.00102,30.6918848739,1.44861702579,1.21253071678
0.00103,30.974415749,1.47140276536,1.21253071678
0.00104,31.2564955752,1.49205665797,1.21253071678
0.00105,31.5381206753,1.51067590526,1.30755494157
0.00106,31.8192878015,1.5289551349,1.30755494157
0.00107,32.0999945865,1.54889843292,1.30755494157
0.00108,32.3802393353,1.57132202031,1.30755494157
0.00109,32.6600203227,1.59526572419,1.30755494157
0.0011,32.9393351286,1.61873655316,1.40356714337
0.00111,33.218180504,1.64020904571,1.40356714337
0.00112,33.4965528604,1.65975305046,1.40356714337
0.00113,33.774449007,1.67895540897,1.40356714337
0.00114,34.0518665829,1.69971354142,1.40356714337
0.00115,34.328803868,1.72281751095,1.51067590526
0.00116,34.6052591234,1.74737964933,1.51067590526
0.00117,34.8812299599,1.77152253791,1.51067590526
0.00118,35.1567132042,1.79379260595,1.51067590526
0.00119,35.4317053547,1.81423509788,1.51067590526
0.0012,35.7062032777,1.83433564433,1.61873655316
0.00121,35.9802046219,1.85589044377,1.61873655316
0.00122,36.2537076469,1.87966368003,1.61873655316
0.00123,36.5267106034,1.90483517963,1.61873655316
0.00124,36.7992111339,1.92963661455,1.61873655316
0.00125,37.071206139,1.95268320053,1.72281751095
0.00126,37.3426922025,1.97399810734,1.72281751095
0.00127,37.6136662482,1.99497194305,1.72281751095
0.00128,37.8841259373,2.01730486477,1.72281751095
0.00129,38.1540695135,2.04173550935,1.72281751095
0.0013,38.4234952204,2.06750651418,1.83433564433
0.00131,38.6924007331,2.09295251094,1.83433564433
0.00132,38.9607830246,2.11675451195,1.83433564433
0.00133,39.2286387624,2.13891593824,1.83433564433
0.00134,39.4959649284,2.16073819875,1.83433564433
0.00135,39.7627591993,2.18383033783,1.95268320053
0.00136,40.0290198066,2.20890582445,1.95268320053
0.00137,40.2947449906,2.23526572881,1.95268320053
0.00138,40.5599324591,2.26134184417,1.95268320053
0.00139,40.8245792569,2.28587810118,1.95268320053
0.0014,41.0886821335,2.30886030908,2.06750651418
0.00141,41.3522381292,2.33150615704,2.06750651418
0.00142,41.6152449388,2.35533826473,2.06750651418
0.00143,41.8777007863,2.38104535295,2.06750651418
0.00144,42.1396039108,2.40798283329,2.06750651418
0.00145,42.4009520546,2.43467417794,2.18383033783
0.00146,42.6617423325,2.45992346653,2.18383033783
0.00147,42.9219715749,2.483700858,2.18383033783
0.00148,43.1816368809,2.50714547677,2.18383033783
0.00149,43.4407359662,2.53169797639,2.18383033783
0.0015,43.6992670506,2.55802278388,2.30886030908
0.00151,43.9572283757,2.58552582965,2.30886030908
0.00152,44.2146177186,2.61281708108,2.30886030908
0.00153,44.4714322634,2.63875810345,2.30886030908
0.00154,44.7276689202,2.66330520428,2.30886030908
0.00155,44.9833248471,2.68752379228,2.43467417794
0.00156,45.2383977833,2.71277679452,2.43467417794
0.00157,45.4928859481,2.73970482811,2.43467417794
0.00158,45.7467875883,2.76776077166,2.43467417794
0.00159,46.0001005169,2.7956361872,2.43467417794
0.0016,46.2528219864,2.8222475655,2.55802278388
0.00161,46.5049489853,2.84753901067,2.55802278388
0.00162,46.7564787313,2.87250677655,2.55802278388
0.00163,47.0074089895,2.89844009433,2.55802278388
0.00164,47.2577379822,2.9259562798,2.55802278388
0.00165,47.5074639642,2.95455182529,2.68752379228
0.00166,47.7565847851,2.98299525531,2.68752379228
0.00167,48.0050977651,3.0102555261,2.68752379228
0.00168,48.2529999704,3.03626604673,2.68752379228
0.00169,48.5002886785,3.06195820513,2.68752379228
0.0017,48.7469616825,3.08855136805,2.8222475655
0.00171,48.9930172111,3.11664007883,2.8222475655
0.00172,49.2384535298,3.14576133032,2.8222475655
0.00173,49.4832685262,3.17475623147,2.8222475655
0.00174,49.7274595869,3.20264384138,2.8222475655
0.00175,49.9710238552,3.22934825291,2.95455182529
0.00176,50.2139586686,3.25574002105,2.95455182529
0.00177,50.4562618507,3.28297228936,2.95455182529
0.00178,50.6979316395,3.31161737414,2.95455182529
0.00179,50.9389663142,3.34124986279,2.95455182529
0.0018,51.1793638006,3.37077931147,3.08855136805
0.00181,51.419121552,3.39927261381,3.08855136805
0.00182,51.6582367872,3.42664580557,3.08855136805
0.00183,51.8967069048,3.45371240035,3.08855136805
0.00184,52.1345297604,3.48156277868,3.08855136805
0.00185,52.3717036048,3.51074758801,3.22934825291
0.00186,52.6082267329,3.54087629857,3.22934825291
0.00187,52.8440971103,3.57092300437,3.22934825291
0.00188,53.0793122559,3.60000025682,3.22934825291
0.00189,53.313869464,3.62801718276,3.22934825291
0.0019,53.5477661937,3.65573381861,3.37077931147
0.00191,53.7810003355,3.6841810693,3.37077931147
0.00192,54.0135701554,3.71388848127,3.37077931147
0.00193,54.2454739666,3.74449787772,3.37077931147
0.00194,54.4767097753,3.775044197,3.37077931147
0.00195,54.7072751659,3.80468356017,3.51074758801
0.00196,54.9371675071,3.83331923078,3.51074758801
0.00197,55.1663843196,3.8616611181,3.51074758801
0.00198,55.3949235298,3.89068377424,3.51074758801
0.00199,55.6227834222,3.92089621931,3.51074758801
0.002,55.8499623308,3.95197026979,3.65573381861
0.00201,56.0764583031,3.98299821934,3.65573381861
0.00202,56.3022689887,4.01317775618,3.65573381861
0.00203,56.5273918302,4.04240723152,3.65573381861
0.00204,56.7518244099,4.07134957565,3.65573381861
0.00205,56.9755646926,4.10092595392,3.80468356017
0.00206,57.1986109836,4.13162543885,3.80468356017
0.00207,57.4209616396,4.16314764002,3.80468356017
0.00208,57.642614751,4.1946389107,3.80468356017
0.00209,57.863568032,4.2253365868,3.80468356017
0.0021,58.0838189985,4.25513497052,3.95197026979
0.00211,58.3033652951,4.28465297138,3.95197026979
0.00212,58.5222049263,4.31476118457,3.95197026979
0.00213,58.7403362211,4.34592931563,3.95197026979
0.00214,58.9577575613,4.37788271623,3.95197026979
0.00215,59.1744670804,4.40981868671,4.10092595392
0.00216,59.3904625576,4.44101237128,4.10092595392
0.00217,59.6057415815,4.47135480569,4.10092595392
0.00218,59.8203018593,4.50142365789,4.10092595392
0.00219,60.0341414371,4.53204162726,4.10092595392
0.0022,60.2472586696,4.56365963271,4.25513497052
0.00221,60.4596519659,4.59602685663,4.25513497052
0.00222,60.671319504,4.62838860712,4.25513497052
0.00223,60.8822591275,4.66005607473,4.25513497052
0.00224,61.0924684975,4.69091773676,4.25513497052
0.00225,61.3019453841,4.72151263027,4.40981868671
0.00226,61.5106878765,4.75261809771,4.40981868671
0.00227,61.7186943576,4.78466684958,4.40981868671
0.00228,61.9259632659,4.81743011822,4.40981868671
0.00229,62.1324928247,4.85019844427,4.40981868671
0.0023,62.3382809417,4.88231737727,4.56365963271
0.00231,62.5433253505,4.9136734753,4.56365963271
0.00232,62.7476238842,4.94476959662,4.56365963271
0.00233,62.9511746768,4.97634013662,4.56365963271
0.00234,63.1539761415,5.00880017183,4.56365963271
0.00235,63.3560267481,5.04194132607,4.72151263027
0.00236,63.5573247662,5.07509675229,4.72151263027
0.00237,63.7578681679,5.10764474381,4.72151263027
0.00238,63.9576547584,5.1394705154,4.72151263027
0.00239,64.1566824346,5.1710430492,4.72151263027
0.0024,64.3549493764,5.20305608067,4.88231737727
0.00241,64.5524540298,5.23590762162,4.88231737727
0.00242,64.7491948976,5.26940814308,4.88231737727
0.00243,64.9451702966,5.30293093697,4.88231737727
0.00244,65.1403782631,5.33588549455,4.88231737727
0.00245,65.334816674,5.36815620489,5.04194132607
0.00246,65.52848349,5.40018033612,5.04194132607
0.00247,65.7213769387,5.43261313408,5.04194132607
0.00248,65.9134955006,5.46583610859,5.04194132607
0.00249,66.1048377132,5.49967714051,5.04194132607
0.0025,66.2954019418,5.53354732619,5.20305608067
0.00251,66.4851862868,5.56688587594,5.20305608067
0.00252,66.6741886964,5.59957681706,5.20305608067
0.00253,66.8624071957,5.63202773354,5.20305608067
0.00254,67.049840061,5.66485744068,5.20305608067
0.00255,67.2364858093,5.69843150142,5.36815620489
0.00256,67.422343015,5.73259386903,5.36815620489
0.00257,67.6074100922,5.76679124102,5.36815620489
0.00258,67.7916852057,5.80049113229,5.36815620489
0.00259,67.9751663748,5.83357762302,5.36815620489
0.0026,68.1578516894,5.86643051836,5.53354732619
0.00261,68.3397394757,5.89963415648,5.53354732619
0.00262,68.5208282891,5.93353869995,5.53354732619
0.00263,68.7011167424,5.96800293036,5.53354732619
0.00264,68.8806032995,6.00250706731,5.53354732619
0.00265,69.0592861898,6.03654557784,5.69843150142
0.00266,69.2371635034,6.07000296436,5.69843150142
0.00267,69.4142333952,6.10323304141,5.69843150142
0.00268,69.5904942426,6.13678752277,5.69843150142
0.00269,69.7659446414,6.17100170774,5.69843150142
0.0027,69.940583244,6.20574804941,5.86643051836
0.00271,70.1144085654,6.24053832781,5.86643051836
0.00272,70.2874188992,6.27489266933,5.86643051836
0.00273,70.4596124065,6.3086963264,5.86643051836
0.00274,70.6309873076,6.34227880096,5.86643051836
0.00275,70.8015420322,6.37616093954,6.03654557784
0.00276,70.9712752178,6.41066370508,6.03654557784
0.00277,71.1401855584,6.44567214689,6.03654557784
0.00278,71.3082716207,6.48072775474,6.03654557784
0.00279,71.4755317628,6.51537507898,6.03654557784
0.0028,71.6419642165,6.54950041173,6.20574804941
0.00281,71.8075672678,6.58341051673,6.20574804941
0.00282,71.9723393999,6.6175970394,6.20574804941
0.00283,72.1362792936,6.6523671225,6.20574804941
0.00284,72.299385686,6.68761741237,6.20574804941
0.00285,72.4616571962,6.72291736286,6.37616093954
0.00286,72.623092247,6.75783476794,6.37616093954
0.00287,72.7836891409,6.79225721425,6.37616093954
0.00288,72.9434462297,6.8264702042,6.37616093954
0.00289,73.1023620513,6.86093776182,6.37616093954
0.0029,73.2604353313,6.89595371457,6.54950041173
0.00291,73.4176648513,6.9314253778,6.54950041173
0.00292,73.5740492836,6.96694852285,6.54950041173
0.00293,73.7295871158,7.00211306005,6.54950041173
0.00294,73.884276721,7.0368080934,6.54950041173
0.00295,74.0381165174,7.07129924925,6.72291736286
0.00296,74.1911050981,7.10602442769,6.72291736286
0.00297,74.3432412353,7.14126463415,6.72291736286
0.00298,74.4945237563,7.17693699128,6.72291736286
0.00299,74.6449513874,7.21266203515,6.72291736286
0.003,74.7945226813,7.24805071597,6.89595371457
0.00301,74.9432360815,7.28299384883,6.89595371457
0.00302,75.0910900727,7.31773848304,6.89595371457
0.00303,75.2380833046,7.35269781418,6.89595371457
0.00304,75.384214597,7.38814050685,6.89595371457
0.00305,75.5294828244,7.42399269129,7.07129924925
0.00306,75.6738867676,7.45989820403,7.07129924925
0.00307,75.8174250448,7.49548800762,7.07129924925
0.00308,75.9600961698,7.53065479525,7.07129924925
0.00309,76.101898694,7.56562825727,7.07129924925
0.0031,76.2428313246,7.6007982299,7.24805071597
0.00311,76.3828929305,7.63642150588,7.24805071597
0.00312,76.5220824341,7.67243248108,7.24805071597
0.00313,76.6603986723,7.70849691202,7.24805071597
0.00314,76.7978403281,7.74426479281,7.24805071597
0.00315,76.934405986,7.77963083758,7.42399269129
0.00316,77.0700942645,7.81480851953,7.42399269129
0.00317,77.2049039288,7.85016559021,7.42399269129
0.00318,77.3388338981,7.885947427,7.42399269129
0.00319,77.4718831444,7.92209600345,7.42399269129
0.0032,77.6040505607,7.95829769457,7.6007982299
0.00321,77.7353348956,7.99422059023,7.6007982299
0.00322,77.8657348039,8.02976154621,7.6007982299
0.00323,77.9952489714,8.06511888886,7.6007982299
0.00324,78.1238762224,8.10063949277,7.6007982299
0.00325,78.2516155273,8.13655776385,7.77963083758
0.00326,78.3784659089,8.17282261562,7.77963083758
0.00327,78.5044263171,8.20913981487,7.77963083758
0.00328,78.629495566,8.24519465448,7.77963083758
0.00329,78.7536723809,8.28088623254,7.77963083758
0.0033,78.8769555151,8.31639873154,7.95829769457
0.00331,78.9993438526,8.3520592932,7.95829769457
0.00332,79.1208364165,8.38809178327,7.95829769457
0.00333,79.241432281,8.42445146439,7.95829769457
0.00334,79.3611304536,8.46086233893,7.95829769457
0.00335,79.4799298145,8.49702605139,8.13655776385
0.00336,79.597829159,8.53284402454,8.13655776385
0.00337,79.7148273084,8.56848723688,8.13655776385
0.00338,79.830923207,8.60426418092,8.13655776385
0.00339,79.9461159314,8.64038860085,8.13655776385
0.0034,80.0604046087,8.67682156133,8.31639873154
0.00341,80.1737883044,8.71330421073,8.31639873154
0.00342,80.2862659648,8.74955373332,8.31639873154
0.00343,80.3978364553,8.7854739425,8.31639873154
0.00344,80.5084986656,8.82122349317,8.31639873154
0.00345,80.6182516006,8.857093255,8.49702605139
0.00346,80.7270943917,8.89328725656,8.49702605139
0.00347,80.8350262196,8.92977185816,8.49702605139
0.00348,80.9420462086,8.96630432751,8.49702605139
0.00349,81.048153371,9.00261661469,8.49702605139
0.0035,81.1533466428,9.03861497474,8.67682156133
0.00351,81.2576249815,9.07444656363,8.67682156133
0.00352,81.3609874539,9.1103856001,8.67682156133
0.00353,81.4634332469,9.14662679045,8.67682156133
0.00354,81.5649615956,9.18314132217,8.67682156133
0.00355,81.6655716837,9.21970161507,8.857093255
0.00356,81.7652625898,9.25605364742,8.857093255
0.00357,81.86403332,9.29210615343,8.857093255
0.00358,81.9618829006,9.32799556239,8.857093255
0.00359,82.0588104602,9.36398036238,8.857093255
0.0036,82.1548152422,9.40024631826,9.03861497474
0.00361,82.2498965371,9.43676901161,9.03861497474
0.00362,82.3440535884,9.47333510318,9.03861497474
0.00363,82.4372855412,9.50970389647,9.03861497474
0.00364,82.5295914719,9.54578663031,9.03861497474
0.00365,82.6209704752,9.58170973043,9.21970161507
0.00366,82.7114217425,9.61771682542,9.21970161507
0.00367,82.8009445743,9.6539851072,9.21970161507
0.00368,82.8895383174,9.69049415119,9.21970161507
0.00369,82.9772022756,9.72704400085,9.21970161507
0.0037,83.0639356605,9.76340661529,9.40024631826
0.00371,83.1497376189,9.79949575245,9.40024631826
0.00372,83.234607314,9.83542851145,9.40024631826
0.00373,83.3185440004,9.87143448606,9.40024631826
0.00374,83.4015470366,9.90768265147,9.40024631826
0.00375,83.4836158263,9.94415620739,9.58170973043
0.00376,83.5647497342,9.98066777168,9.58170973043
0.00377,83.6449480386,10.0170013212,9.58170973043
0.00378,83.7242099563,10.0530731379,9.58170973043
0.00379,83.8025347194,10.0889916276,9.58170973043
0.0038,83.8799216462,10.1249731301,9.76340661529
0.00381,83.9563701538,10.1611787478,9.76340661529
0.00382,84.0318797035,10.1975949638,9.76340661529
0.00383,84.1064497212,10.234046209,9.76340661529
0.00384,84.1800795521,10.2703278708,9.76340661529
0.00385,84.2527684832,10.306358751,9.94415620739
0.00386,84.3245158153,10.3422391554,9.94415620739
0.00387,84.3953209309,10.3781729079,9.94415620739
0.00388,84.4651833062,10.4143135711,9.94415620739
0.00389,84.534102461,10.4506505962,9.94415620739
0.0039,84.6020778827,10.4870195111,10.1249731301
0.00391,84.6691089836,10.523226535,10.1249731301
0.00392,84.7351951205,10.5591929781,10.1249731301
0.00393,84.8003356633,10.5950116006,10.1249731301
0.00394,84.8645300589,10.63087441,10.1249731301
0.00395,84.9277778434,10.666927749,10.306358751
0.00396,84.9900785955,10.7031637477,10.306358751
0.00397,85.0514318646,10.7394283559,10.306358751
0.00398,85.1118371299,10.775538074,10.306358751
0.00399,85.1712938184,10.8114167023,10.306358751
0.004,85.2298013689,10.8471499742,10.4870195111
0.00401,85.2873592929,10.8829187419,10.4870195111
0.00402,85.3439671872,10.9188624379,10.4870195111
0.00403,85.3996246897,10.9549756035,10.4870195111
0.00404,85.4543314124,10.9911139757,10.4870195111
0.00405,85.5080869014,11.0271038122,10.666927749
0.00406,85.5608906536,11.0628713786,10.666927749
0.00407,85.6127421769,11.0984958669,10.666927749
0.00408,85.6636410478,11.1341475995,10.666927749
0.00409,85.713586924,11.1699593967,10.666927749
0.0041,85.7625795034,11.2059279654,10.8471499742
0.00411,85.8106184607,11.2419182319,10.8471499742
0.00412,85.857703409,11.2777657126,10.8471499742
0.00413,85.9038339152,11.3133991086,10.8471499742
0.00414,85.949009556,11.3488915241,10.8471499742
0.00415,85.9932299733,11.3844033435,11.0271038122
0.00416,86.0364948863,11.420061062,11.0271038122
0.00417,86.0788040532,11.4558633261,11.0271038122
0.00418,86.1201572116,11.491683689,11.0271038122
0.00419,86.1605540417,11.5273664511,11.0271038122
0.0042,86.1999941802,11.5628427146,11.2059279654
0.00421,86.2384772729,11.5981799203,11.2059279654
0.00422,86.276003027,11.6335290739,11.2059279654
0.00423,86.3125712236,11.6690106222,11.2059279654
0.00424,86.3481816817,11.7046249434,11.2059279654
0.00425,86.3828342022,11.7402536882,11.3844033435
0.00426,86.4165285323,11.7757494902,11.3844033435
0.00427,86.4492643783,11.811045814,11.3844033435
0.00428,86.481041455,11.8462048331,11.3844033435
0.00429,86.5118595353,11.8813687039,11.3844033435
0.0043,86.5417184623,11.916652091,11.5628427146
0.00431,86.5706181165,11.9520569134,11.5628427146
0.00432,86.5985583619,11.9874724217,11.5628427146
0.00433,86.6255390129,12.022759153,11.5628427146
0.00434,86.6515598453,12.0578528925,11.5628427146
0.00435,86.6766206429,12.0928109169,11.7402536882
0.00436,86.7007212442,12.1277670339,11.7402536882
0.00437,86.723861555,12.1628303813,11.7402536882
0.00438,86.7460415171,12.1980042443,11.7402536882
0.00439,86.7672610581,12.2331850049,11.7402536882
0.0044,86.7875200597,12.2682406957,11.916652091
0.00441,86.8068183667,12.3031093776,11.916652091
0.00442,86.8251558319,12.3378437764,11.916652091
0.00443,86.8425323597,12.3725698241,11.916652091
0.00444,86.8589479185,12.4073913779,11.916652091
0.00445,86.8744025121,12.442312929,12.0928109169
0.00446,86.8888961318,12.4772375499,12.0928109169
0.00447,86.902428726,12.512040381,12.0928109169
0.00448,86.9150002091,12.5466617114,12.0928109169
0.00449,86.9266105023,12.5811500391,12.0928109169
0.0045,86.9372595759,12.6156238677,12.2682406957
0.00451,86.9469474616,12.6501820104,12.2682406957
0.00452,86.955674225,12.6848300172,12.2682406957
0.00453,86.9634399213,12.7194772374,12.2682406957
0.00454,86.9702445658,12.7540055498,12.2682406957
0.00455,86.9760881418,12.7883574227,12.442312929
0.00456,86.9809706391,12.8225774278,12.442312929
0.00457,86.9848920941,12.8567770632,12.442312929
0.00458,86.9878526014,12.8910503249,12.442312929
0.00459,86.9898522892,12.9254036878,12.442312929
0.0046,86.9908912763,12.9597523884,12.6156238677
0.00461,86.9909696449,12.9939846935,12.6156238677
0.00462,86.990087447,13.028045199,12.6156238677
0.00463,86.9882447409,13.0619748325,12.6156238677
0.00464,86.9854416289,13.0958784857,12.6156238677
0.00465,86.9816782691,13.1298455558,12.7883574227
0.00466,86.9769548518,13.1638833201,12.7883574227
0.00467,86.9712715599,13.1979125357,12.7883574227
0.00468,86.9646285422,13.2318275245,12.7883574227
0.00469,86.9570259193,13.2655749577,12.7883574227
0.0047,86.9484638176,13.2991923814,12.9597523884
0.00471,86.9389424055,13.3327784587,12.9597523884
0.00472,86.9284619043,13.3664181971,12.9597523884
0.00473,86.917022567,13.4001195646,12.9597523884
0.00474,86.9046246405,13.4338084946,12.9597523884
0.00475,86.8912683398,13.4673850475,13.1298455558
0.00476,86.8769538539,13.5007979166,13.1298455558
0.00477,86.8616813773,13.5340815118,13.1298455558
0.00478,86.8454511442,13.567328624,13.1298455558
0.00479,86.8282634395,13.6006200722,13.1298455558
0.0048,86.8101185786,13.6339644129,13.2991923814
0.00481,86.7910168722,13.6672924326,13.2991923814
0.00482,86.770958602,13.7005096293,13.2991923814
0.00483,86.7499440247,13.7335666642,13.2991923814
0.00484,86.7279734026,13.7664950399,13.2991923814
0.00485,86.7050470357,13.7993820123,13.4673850475
0.00486,86.6811652724,13.832304404,13.4673850475
0.00487,86.6563284907,13.8652712679,13.4673850475
0.00488,86.6305370653,13.8982179392,13.4673850475
0.00489,86.6037913436,13.9310550681,13.4673850475
0.0049,86.5760916504,13.9637352289,13.6339644129
0.00491,86.5474383153,13.9962872306,13.6339644129
0.00492,86.5178317041,14.0287931118,13.6339644129
0.00493,86.4872722284,14.0613258842,13.6339644129
0.00494,86.4557603291,14.0938950123,13.6339644129
0.00495,86.4232964444,14.1264400947,13.7993820123
0.00496,86.3898809876,14.1588766623,13.7993820123
0.00497,86.355514351,14.1911591479,13.7993820123
0.00498,86.3201969314,14.2233138654,13.7993820123
0.00499,86.2839291599,14.2554179376,13.7993820123
0.005,51.2558830039,14.1342550035,13.9637352289
0.00501,51.2361079147,13.6669046644,13.9637352289
0.00502,51.2154508352,13.0686124643,13.9637352289
0.00503,51.1939590453,12.7988681481,13.9637352289
0.00504,51.1718376938,13.0650344143,13.9637352289
0.00505,51.1492947324,13.6720857658,14.1264400947
0.00506,51.1263863005,14.1743721134,14.1264400947
0.00507,51.1029776601,14.2114899167,14.1264400947
0.00508,51.0788468785,13.7752042332,14.1264400947
0.00509,51.0538517368,13.2098286673,14.1264400947
0.0051,51.0280345728,12.950132768,14.1342550035
0.00511,51.0015880159,13.1961862827,14.1342550035
0.00512,50.9747093973,13.7682429145,14.1342550035
0.00513,50.9474540413,14.2467602416,14.1342550035
0.00514,50.9196966784,14.2886573296,14.1342550035
0.00515,50.891227942,13.8814838529,13.6720857658
0.00516,50.8619119026,13.3472900243,13.6720857658
0.00517,50.8317863613,13.0974034176,13.6720857658
0.00518,50.8010321709,13.3247446178,13.6720857658
0.00519,50.7698365627,13.8637673618,13.6720857658
0.0052,50.7382539604,14.3195581635,12.950132768
0.00521,50.706167945,14.3655878135,12.950132768
0.00522,50.673381034,13.9856899213,12.950132768
0.00523,50.6397633498,13.4810283511,12.950132768
0.00524,50.6053485338,13.2407039512,12.950132768
0.00525,50.5703063624,13.4506395107,13.8814838529
0.00526,50.5348144631,13.9584809659,13.8814838529
0.00527,50.4989262864,14.3925459757,13.8814838529
0.00528,50.4625336842,14.4421163073,13.8814838529
0.00529,50.425450412,14.0877665455,13.8814838529
0.0053,50.3875524131,13.611069216,14.3195581635
0.00531,50.3488695186,13.3800536271,14.3195581635
0.00532,50.3095610877,13.5738023994,14.3195581635
0.00533,50.2697956189,14.0522126764,14.3195581635
0.00534,50.2296255271,14.465512143,14.3195581635
0.00535,50.1889503923,14.5180820545,13.4506395107
0.00536,50.1475945956,14.1876558489,13.4506395107
0.00537,50.1054396764,13.7374324144,13.4506395107
0.00538,50.062511979,13.5154674243,13.4506395107
0.00539,50.018961068,13.6941660251,13.4506395107
0.0054,49.9749467648,14.1447981996,13.611069216
0.00541,49.9305203969,14.5382531576,13.611069216
0.00542,49.8855887634,14.59332854,13.611069216
0.00543,49.8399862908,14.2852982606,13.611069216
0.00544,49.7935998965,13.860132419,13.611069216
0.00545,49.746452738,13.6469563466,14.5180820545
0.00546,49.6986851712,13.8116643972,14.5180820545
0.00547,49.6504487716,14.2360796858,14.5180820545
0.00548,49.6017937371,14.6105732162,14.5180820545
0.00549,49.5526336087,14.667703429,14.5180820545
0.0055,49.5028123091,14.3806327856,14.1447981996
0.00551,49.4522219215,13.9791788057,14.1447981996
0.00552,49.4008826943,13.7745277144,14.1447981996
0.00553,49.3489263273,13.9262327658,14.1447981996
0.00554,49.2964965609,14.3259054384,14.1447981996
0.00555,49.2436424297,14.6822839168,13.6469563466
0.00556,49.1902837696,14.741058506,13.6469563466
0.00557,49.1362734789,14.4735972591,13.6469563466
0.00558,49.0815086011,14.0945766579,13.6469563466
0.00559,49.0260067327,13.8981854454,13.6469563466
0.0056,48.9698914375,14.0378076009,14.3806327856
0.00561,48.9132990133,14.4141296421,14.3806327856
0.00562,48.8562773043,14.7532039713,14.3806327856
0.00563,48.7987520229,14.8132496162,14.3806327856
0.00564,48.7405845503,14.5641285845,14.3806327856
0.00565,48.681676691,14.2063269485,14.6822839168
0.00566,48.622043627,14.017930323,14.6822839168
0.00567,48.5618012769,14.146326579,14.6822839168
0.00568,48.5010788691,14.50061211,14.6822839168
0.00569,48.4399230379,14.8231589348,14.6822839168
0.0057,48.3782649803,14.8841366076,14.0378076009
0.00571,48.3159740932,14.652162957,14.0378076009
0.00572,48.2529567496,14.3144269029,14.0378076009
0.00573,48.1892259368,14.1337602545,14.0378076009
0.00574,48.1248903896,14.2517285743,14.0378076009
0.00575,48.0600726233,14.5852180484,14.2063269485
0.00576,47.9948180488,14.8919809508,14.2063269485
0.00577,47.9290629803,14.9535832744,14.2063269485
0.00578,47.862684389,14.7376360731,14.2063269485
0.00579,47.7955930292,14.418870342,14.2063269485
0.0058,47.7277998966,14.2456705185,14.8841366076
0.00581,47.6594069777,14.353953656,14.8841366076
0.00582,47.5905304132,14.6678178376,14.8841366076
0.00583,47.5212143829,14.9595085101,14.8841366076
0.00584,47.4513999745,15.0214573028,14.8841366076
0.00585,47.3809713149,14.8204833273,14.5852180484
0.00586,47.3098433594,14.5196480075,14.5852180484
0.00587,47.2380252997,14.3536540021,14.5852180484
0.00588,47.1656127833,14.4529430896,14.5852180484
0.00589,47.0927158996,14.7482868274,14.5852180484
0.0059,47.0193775941,15.0255862241,14.2456705185
0.00591,46.945543406,15.0876302173,14.2456705185
0.00592,46.8711042224,14.9006399967,14.2456705185
0.00593,46.7959790249,14.6167478702,14.2456705185
0.00594,46.7201753741,14.4577014287,14.2456705185
0.00595,46.6437829644,14.5486393429,14.8204833273
0.00596,46.5669061414,14.8265051485,14.8204833273
0.00597,46.4895866174,15.090064611,14.8204833273
0.00598,46.4117740826,15.151977329,14.8204833273
0.00599,46.3333658089,14.9780414137,14.8204833273
0.006,46.2542846359,14.7101554215,15.0255862241
0.00601,46.1745366528,14.5578015754,15.0255862241
0.00602,46.0942059639,14.6409860955,15.0255862241
0.00603,46.0133914638,14.9023575353,15.0255862241
0.00604,45.932133637,15.1527998944,15.0255862241
0.00605,45.8503860425,15.2143776861,14.5486393429
0.00606,45.7680519828,15.0526231286,14.5486393429
0.00607,45.685057993,14.7998539502,14.5486393429
0.00608,45.6014088373,14.6539414821,14.5486393429
0.00609,45.5171833723,14.7299282517,14.5486393429
0.0061,45.43247532,14.9757331627,14.7101554215
0.00611,45.3473239458,15.2136538136,14.7101554215
0.00612,45.2616864143,15.274714025,14.7101554215
0.00613,45.1754717227,15.1243210614,14.7101554215
0.00614,45.0886099444,14.8858248037,14.7101554215
0.00615,45.0011046547,14.7461066519,15.2143776861
0.00616,44.9130297838,14.815411956,15.2143776861
0.00617,44.8244741463,15.0465254942,15.2143776861
0.00618,44.7354758006,15.2724934444,15.2143776861
0.00619,44.64599527,15.3328727235,15.2143776861
0.0062,44.555946929,15.1930716451,14.9757331627
0.00621,44.4652642384,14.9680476367,14.9757331627
0.00622,44.3739497087,14.8342812423,14.9757331627
0.00623,44.2820726465,14.897384612,14.9757331627
0.00624,44.1897172117,15.1146321402,14.9757331627
0.00625,44.0969202699,15.3291910315,14.7461066519
0.00626,44.0036454726,15.3887437556,14.7461066519
0.00627,43.9098122713,15.2588119591,14.7461066519
0.00628,43.8153573682,15.046500645,14.7461066519
0.00629,43.7202823239,14.9184482487,14.7461066519
0.0063,43.6246521061,14.9757949021,15.1930716451
0.00631,43.5285464601,15.179954728,15.1930716451
0.00632,43.4320010755,15.3836238297,15.1930716451
0.00633,43.3349825164,15.4422206477,15.1930716451
0.00634,43.2374150273,15.3214798548,15.1930716451
0.00635,43.1392384114,15.1211607885,15.3291910315
0.00636,43.0404533845,14.99858968,15.3291910315
0.00637,42.9411208436,15.0505928108,15.3291910315
0.00638,42.8413163474,15.2423987795,15.3291910315
0.00639,42.7410744286,15.4356739545,15.3291910315
0.0064,42.6403643624,15.4932004366,14.9757949021
0.00641,42.5391149175,15.3810140735,14.9757949021
0.00642,42.437268863,15.1920040012,14.9757949021
0.00643,42.3348261664,15.0746867267,14.9757949021
0.00644,42.2318439062,15.1217296485,14.9757949021
0.00645,42.1283936717,15.3018735993,15.1211607885
0.00646,42.0245088593,15.4852282422,15.1211607885
0.00647,41.9201612667,15.5415836288,15.1211607885
0.00648,41.8152839327,15.4373543564,15.1211607885
0.00649,41.7098224626,15.2590053902,15.1211607885
0.0065,41.6037761639,15.1467199215,15.4932004366
0.00651,41.4971985338,15.1891580769,15.4932004366
0.00652,41.3901573985,15.3582921703,15.4932004366
0.00653,41.2826850401,15.5321781175,15.4932004366
0.00654,41.1747556031,15.587274161,15.4932004366
0.00655,41.0663061561,15.4904415477,15.3018735993
0.00656,40.9572850154,15.3221394244,15.3018735993
0.00657,40.8476909097,15.2146692925,15.3018735993
0.00658,40.7375739776,15.2528321357,15.3018735993
0.00659,40.6269984786,15.4115710571,15.3018735993
0.0066,40.5159956041,15.5764194688,15.1467199215
0.00661,40.4045416807,15.6301793627,15.1467199215
0.00662,40.2925775795,15.5402176921,15.1467199215
0.00663,40.1800542078,15.3813801129,15.1467199215
0.00664,40.0669697894,15.2785145107,15.1467199215
0.00665,39.9533713144,15.3127072704,15.4904415477
0.00666,39.8393196619,15.4616303167,15.4904415477
0.00667,39.7248449567,15.6178525318,15.4904415477
0.00668,39.6099255542,15.6702099192,15.4904415477
0.00669,39.4945059133,15.5866261246,15.4904415477
0.0067,39.3785394165,15.4367011729,15.5764194688
0.00671,39.2620238508,15.3382350298,15.5764194688
0.00672,39.1450032545,15.36874036,15.5764194688
0.00673,39.0275353038,15.5083934155,15.5764194688
0.00674,38.9096490821,15.6563817787,15.5764194688
0.00675,38.7913248301,15.7072798373,15.3127072704
0.00676,38.6725103913,15.6296115559,15.3127072704
0.00677,38.5531615128,15.4880761903,15.3127072704
0.00678,38.4332756065,15.3938102201,15.3127072704
0.00679,38.3128939442,15.4208897463,15.3127072704
0.0068,38.1920711672,15.5517871532,15.4367011729
0.00681,38.0708353439,15.6919158147,15.4367011729
0.00682,37.9491684661,15.7413064107,15.4367011729
0.00683,37.8270215701,15.6691201514,15.4367011729
0.00684,37.704352661,15.5354787695,15.4367011729
0.00685,37.5811588318,15.4452194967,15.7072798373
0.00686,37.4574787622,15.4691152626,15.7072798373
0.00687,37.3333642185,15.5917415913,15.7072798373
0.00688,37.2088422803,15.7243672806,15.7072798373
0.00689,37.0838965655,15.7722101876,15.7072798373
0.0069,36.958481122,15.7050996056,15.5517871532
0.00691,36.8325561106,15.5788826763,15.5517871532
0.00692,36.7061183568,15.4924424413,15.5517871532
0.00693,36.5792041114,15.5133782631,15.5517871532
0.00694,36.451862418,15.6281899883,15.5517871532
0.00695,36.3241193938,15.7536527604,15.4452194967
0.00696,36.1959601664,15.7999149396,15.4452194967
0.00697,36.0673416239,15.737499211,15.4452194967
0.00698,35.9382259845,15.6182619726,15.4452194967
0.00699,35.8086098528,15.5354589183,15.4452194967
0.007,35.6785272048,15.5536416525,15.7050996056
0.00701,35.548024505,15.6610687382,15.7050996056
0.00702,35.4171269358,15.7796926949,15.7050996056
0.00703,35.2858210252,15.8243476304,15.7050996056
0.00704,35.1540663396,15.7662699236,15.7050996056
0.00705,35.0218270607,15.6535911434,15.7536527604
0.00706,34.8890996144,15.574249186,15.7536527604
0.00707,34.7559158462,15.5898699144,15.7536527604
0.00708,34.6223197785,15.690317315,15.7536527604
0.00709,34.4883356856,15.8024113,15.7536527604
0.0071,34.353951395,15.8454383875,15.5536416525
0.00711,34.2191289979,15.7913644222,15.5536416525
0.00712,34.0838345497,15.6848452169,15.5536416525
0.00713,33.9480643355,15.6087940022,15.5536416525
0.00714,33.8118482058,15.622029141,15.5536416525
0.00715,33.6752278711,15.7158782206,15.6535911434
0.00716,33.538226725,15.82173649,15.6535911434
0.00717,33.400833799,15.863120473,15.6535911434
0.00718,33.2630135654,15.8127371655,15.6535911434
0.00719,33.1247338661,15.7119998774,15.6535911434
0.0072,32.9859908803,15.6390747242,15.8454383875
0.00721,32.846812591,15.6500870614,15.8454383875
0.00722,32.7072385199,15.7376969364,15.8454383875
0.00723,32.5672912067,15.8375998047,15.8454383875
0.00724,32.4269607992,15.8773302565,15.8454383875
0.00725,32.2862140136,15.830344444,15.7158782206
0.00726,32.1450203958,15.7350315725,15.7158782206
0.00727,32.0033760504,15.6650734052,15.7158782206
0.00728,31.861307212,15.6740130696,15.7158782206
0.00729,31.7188513308,15.7557218789,15.7158782206
0.0073,31.5760301194,15.8499363412,15.6390747242
0.00731,31.4328347594,15.8880071883,15.6390747242
0.00732,31.2892340822,15.8441444285,15.6390747242
0.00733,31.1451992585,15.7539176136,15.6390747242
0.00734,31.0007263457,15.6867728846,15.6390747242
0.00735,30.8558399427,15.6937782524,15.830344444
0.00736,30.7105755389,15.7699043583,15.830344444
0.00737,30.5649540466,15.8586846888,15.830344444
0.00738,30.4189676045,15.8950937737,15.830344444
0.00739,30.2725870374,15.8540972156,15.830344444
0.0074,30.1257850645,15.7686362702,15.8499363412
0.00741,29.9785577215,15.7041568742,15.8499363412
0.00742,29.8309280766,15.7093554161,15.8499363412
0.00743,29.6829297639,15.7801985402,15.8499363412
0.00744,29.5345829217,15.8637868686,15.8499363412
0.00745,29.3858805743,15.8985355478,15.6937782524
0.00746,29.2367954247,15.8601648692,15.6937782524
0.00747,29.0873016681,15.7791668597,15.6937782524
0.00748,28.9373953407,15.7172100407,15.6937782524
0.00749,28.7870980791,15.7207191127,15.6937782524
0.0075,28.6364417616,15.7865614096,15.7686362702
0.00751,28.4854457786,15.8651882747,15.7686362702
0.00752,28.3341039733,15.8982810511,15.7686362702
0.00753,28.1823908187,15.8623114592,15.7686362702
0.00754,28.0302819159,15.7854898305,15.7686362702
0.00755,27.8777733218,15.7259180827,15.8985355478
0.00756,27.7248853339,15.7278456657,15.8985355478
0.00757,27.5716481696,15.7889527379,15.8985355478
0.00758,27.4180804969,15.8628376202,15.8985355478
0.00759,27.264176916,15.8942818054,15.8985355478
0.0076,27.1099135669,15.8605030968,15.7865614096
0.00761,26.9552673905,15.7875868411,15.7865614096
0.00762,26.8002344818,15.7302678045,15.7865614096
0.00763,26.6448338863,15.7307131944,15.7865614096
0.00764,26.4890942502,15.7873350519,15.7865614096
0.00765,26.3330335441,15.8566868849,15.7259180827
0.00766,26.1766470676,15.8864922909,15.7259180827
0.00767,26.019912531,15.854707968,15.7259180827
0.00768,25.8628081508,15.7854408338,15.7259180827
0.00769,25.7053300762,15.7302471857,15.7259180827
0.0077,25.547496182,15.7293016374,15.8605030968
0.00771,25.3893336283,15.7816736045,15.8605030968
0.00772,25.2308597129,15.8466912659,15.8605030968
0.00773,25.0720703811,15.8748699233,15.8605030968
0.00774,24.9129448221,15.8448963624,15.8605030968
0.00775,24.7534624673,15.7790361038,15.8566868849
0.00776,24.5936195334,15.7258454466,15.8566868849
0.00777,24.433432801,15.723592776,15.8566868849
0.00778,24.2729280249,15.7719363479,15.8566868849
0.00779,24.1121218544,15.832809131,15.8566868849
0.0078,23.9510108301,15.8593750313,15.7293016374
0.00781,23.789575534,15.8310407016,15.7293016374
0.00782,23.6277965539,15.7683583639,15.7293016374
0.00783,23.4656701861,15.7170531102,15.7293016374
0.00784,23.303212189,15.7135702551,15.7293016374
0.00785,23.1404469881,15.7580939076,15.7790361038
0.00786,22.9773906077,15.8150019737,15.7790361038
0.00787,22.8140401375,15.8399708344,15.7790361038
0.00788,22.6503774706,15.8131155634,15.7790361038
0.00789,22.4863842956,15.7533948048,15.7790361038
0.0079,22.322056999,15.7038620608,15.8593750313
0.00791,22.1574103836,15.6992196044,15.8593750313
0.00792,21.9924676184,15.7401195586,15.8593750313
0.00793,21.8272441256,15.7932343705,15.8593750313
0.00794,21.6617375007,15.816623422,15.8593750313
0.00795,21.4959308711,15.7910977045,15.7580939076
0.00796,21.329806973,15.7341341518,15.7580939076
0.00797,21.1633622917,15.6862655985,15.7580939076
0.00798,20.9966107378,15.6805282578,15.7580939076
0.00799,20.829574292,15.7179892025,15.7580939076
0.008,20.6622677968,15.7674739404,15.7038620608
0.00801,20.4946893135,15.7893017311,15.7038620608
0.00802,20.3268231311,15.7649660808,15.7038620608
0.00803,20.1586529824,15.7105667167,15.7038620608
0.00804,19.9901754594,15.664258491,15.7038620608
0.00805,19.8214036392,15.6574855716,15.7910977045
0.00806,19.6523583792,15.6916813456,15.7910977045
0.00807,19.4830539642,15.7376913059,15.7910977045
0.00808,19.3134888835,15.7579775258,15.7910977045
0.00809,19.1436485197,15.7347018647,15.7910977045
0.0081,18.9735175532,15.682684447,15.7674739404
0.00811,18.8030926893,15.6378370214,15.7674739404
0.00812,18.6323862266,15.6300828421,15.7674739404
0.00813,18.4614179608,15.6611770783,15.7674739404
0.00814,18.2902016402,15.7038600551,15.7674739404
0.00815,18.1187361475,15.7226253759,15.6574855716
0.00816,17.947007894,15.7002884618,15.6574855716
0.00817,17.7750024614,15.6504809708,15.6574855716
0.00818,17.6027166735,15.6069990338,15.6574855716
0.00819,17.4301621024,15.5983133215,15.6574855716
0.0082,17.25735754,15.6264600552,15.682684447
0.00821,17.0843162187,15.6659567059,15.682684447
0.00822,16.9110373823,15.6832226362,15.682684447
0.00823,16.7375084099,15.6617115239,15.682684447
0.00824,16.5637157404,15.6139516383,15.682684447
0.00825,16.38965632,15.571743975,15.7226253759
0.00826,16.2153410428,15.5621722327,15.7226253759
0.00827,16.0407877518,15.587516476,15.7226253759
0.00828,15.8660091838,15.623960671,15.7226253759
0.00829,15.6910049136,15.6397494257,15.7226253759
0.0083,15.5157632306,15.6189589614,15.6264600552
0.00831,15.3402713883,15.5730935605,15.6264600552
0.00832,15.1645264591,15.5320729331,15.6264600552
0.00833,14.9885387039,15.5216567832,15.6264600552
0.00834,14.8123250693,15.5443350665,15.6264600552
0.00835,14.6358978158,15.5778542247,15.571743975
0.00836,14.4592568212,15.5921886069,15.571743975
0.00837,14.282391231,15.5720209528,15.571743975
0.00838,14.1052890728,15.5279056438,15.571743975
0.00839,13.9279475478,15.4879886746,15.571743975
0.0084,13.7503763262,15.4767661771,15.6189589614
0.00841,13.5725915075,15.4969070611,15.6189589614
0.00842,13.3946048942,15.5276224694,15.6189589614
0.00843,13.2164166416,15.5405257646,15.6189589614
0.00844,13.0380167002,15.5208899531,15.6189589614
0.00845,12.8593938331,15.4783886228,15.5778542247
0.00846,12.6805453718,15.4394956768,15.5778542247
0.00847,12.5014804357,15.4275016265,15.5778542247
0.00848,12.3222143233,15.4452261845,15.5778542247
0.00849,12.142758398,15.4732533047,15.5778542247
0.0085,11.9631130684,15.4847491857,15.4767661771
0.00851,11.7832690414,15.4655606999,15.4767661771
0.00852,11.6032157788,15.424545089,15.4767661771
0.00853,11.4229507439,15.3866001588,15.4767661771
0.00854,11.2424825418,15.3738663614,15.4767661771
0.00855,11.0618257147,15.3892886347,15.4783886228
0.00856,10.8809912039,15.414737396,15.4783886228
0.00857,10.6999796492,15.4248498376,15.4783886228
0.00858,10.5187824686,15.4060302182,15.4783886228
0.00859,10.3373897872,15.3663795173,15.4783886228
0.0086,10.1557992006,15.3293101098,15.4847491857
0.00861,9.97401883434,15.3158656379,15.4847491857
0.00862,9.7920625159,15.3290930655,15.4847491857
0.00863,9.60994078153,15.3520681445,15.4847491857
0.00864,9.42765448142,15.3608213476,15.4847491857
0.00865,9.24519570178,15.3422978232,15.3892886347
0.00866,9.06255519763,15.3038982894,15.3892886347
0.00867,8.87973069655,15.267635314,15.3892886347
0.00868,8.69672987704,15.2535067458,15.3892886347
0.00869,8.51356589118,15.2646405694,15.3892886347
0.0087,8.33024888658,15.285241657,15.3293101098
0.00871,8.14677990473,15.2926599815,15.3293101098
0.00872,7.96315165945,15.2743651217,15.3293101098
0.00873,7.7793555036,15.2371097153,15.3293101098
0.00874,7.59538929636,15.2015873738,15.3293101098
0.00875,7.4112602993,15.1867990147,15.3422978232
0.00876,7.22698102635,15.1959346606,15.3422978232
0.00877,7.04256125231,15.2142567175,15.3422978232
0.00878,6.85800219216,15.2203646219,15.3422978232
0.00879,6.67329714914,15.2022360121,15.3422978232
0.0088,6.48843804339,15.166024051,15.285241657
0.00881,6.30342286475,15.1311797303,15.285241657
0.00882,6.11825848604,15.1157538182,15.285241657
0.00883,5.93295681825,15.1229812574,15.285241657
0.00884,5.74752727855,15.139114758,15.285241657
0.00885,5.56197123899,15.143936747,15.1867990147
0.00886,5.37628255617,15.1259166823,15.1867990147
0.00887,5.19045368837,15.0906535154,15.1867990147
0.00888,5.00448275472,15.0564276819,15.1867990147
0.00889,4.81837626566,15.0403845777,15.1867990147
0.0089,4.63214556243,15.0457886657,15.166024051
0.00891,4.44579971927,15.0598198302,15.166024051
0.00892,4.25934025,15.063380408,15.166024051
0.00893,4.07276153061,15.0454156067,15.166024051
0.00894,3.88605652973,15.0110123029,15.166024051
0.00895,3.6992234941,14.9773483993,15.143936747
0.00896,3.51226859628,14.9607067642,15.143936747
0.00897,3.32520263924,14.9643675608,15.143936747
0.00898,3.13803436832,14.9763785773,15.143936747
0.00899,2.95076542501,14.9787022074,15.143936747
0.009,2.76339067264,14.9607435416,15.0457886657
0.00901,2.57590356366,14.9271165957,15.0457886657
0.00902,2.38830247044,14.8939609404,15.0457886657
0.00903,2.20059325056,14.8767378994,15.0457886657
0.00904,2.01278619836,14.8787309702,15.0457886657
0.00905,1.82488974384,14.8888002062,14.9773483993
0.00906,1.63690564307,14.889911276,14.9773483993
0.00907,1.44882921649,14.8719135192,14.9773483993
0.00908,1.2606543751,14.8389845726,14.9773483993
0.00909,1.07237961462,14.8062862607,14.9773483993
0.0091,0.884010499015,14.7884975549,14.9607435416
0.00911,0.695556841999,14.7888942552,14.9607435416
0.00912,0.507026771221,14.7970964594,14.9607435416
0.00913,0.318422145228,14.7970192499,14.9607435416
0.00914,0.129738713056,14.77894084,14.9607435416
0.00915,-0.0590291798033,14.7466364157,14.8888002062
0.00916,-0.247882916835,14.7143472238,14.8888002062
0.00917,-0.436817207777,14.6960073503,14.8888002062
0.00918,-0.625822693113,14.6948750931,14.8888002062
0.00919,-0.81489153504,14.7012815877,14.8888002062
0.0092,-1.00402178376,14.7000402474,14.7884975549
0.00921,-1.19321728852,14.6818430641,14.7884975549
0.00922,-1.38248329232,14.6500943159,14.7884975549
0.00923,-1.57182106054,14.618168608,14.7884975549
0.00924,-1.7612255581,14.5992909506,14.7884975549
0.00925,-1.95068785474,14.5966934581,14.7466364157
0.00926,-2.14020039052,14.6013723219,14.7466364157
0.00927,-2.32976113478,14.5989908451,14.7466364157
0.00928,-2.51937356037,14.5806400013,14.7466364157
0.00929,-2.70904252069,14.5493824755,14.7466364157
0.0093,-2.89876916591,14.5177771122,14.7000402474
0.00931,-3.0885486989,14.4983740611,14.7000402474
0.00932,-3.2783725951,14.4943716024,14.7000402474
0.00933,-3.46823356094,14.4973878454,14.7000402474
0.00934,-3.65812949449,14.4938900534,14.7000402474
0.00935,-3.84806351614,14.4753536998,14.5966934581
0.00936,-4.03804011054,14.4445271093,14.5966934581
0.00937,-4.22806031571,14.4132013593,14.5966934581
0.00938,-4.41811955637,14.3932844226,14.5966934581
0.00939,-4.60820969151,14.3879340365,14.5966934581
0.0094,-4.7983236829,14.3893497661,14.5177771122
0.00941,-4.98845936623,14.3847592923,14.5177771122
0.00942,-5.17861953196,14.3660084333,14.5177771122
0.00943,-5.36880831589,14.3355564441,14.5177771122
0.00944,-5.55902664705,14.3044718979,14.5177771122
0.00945,-5.74927015711,14.2840518034,14.4753536998
0.00946,-5.93953106764,14.2774075092,14.4753536998
0.00947,-6.12980258522,14.2772820882,14.4753536998
0.00948,-6.32008249139,14.271622366,14.4753536998
0.00949,-6.5103732679,14.2526306875,14.4753536998
0.0095,-6.70067872069,14.2225007151,14.3893497661
0.00951,-6.89099967307,14.1916212019,14.3893497661
0.00952,-7.08133194976,14.1707079923,14.3893497661
0.00953,-7.27166811519,14.162820987,14.3893497661
0.00954,-7.46200161068,14.1612111842,14.3893497661
0.00955,-7.65233017117,14.154505437,14.2840518034
0.00956,-7.84265598979,14.1352491453,14.2840518034
0.00957,-8.03298256064,14.1053921627,14.2840518034
0.00958,-8.22331060471,14.0746836687,14.2840518034
0.00959,-8.41363612687,14.0532867882,14.2840518034
0.0096,-8.60395201583,14.0442056328,14.2225007151
0.00961,-8.79425193793,14.0411657664,14.2225007151
0.00962,-8.98453358859,14.0334370006,14.2225007151
0.00963,-9.17479889121,14.0138946703,14.2225007151
0.00964,-9.36505104527,13.9842650253,14.2225007151
0.00965,-9.55529067285,13.9536956154,14.154505437
0.00966,-9.74551394702,13.93182399,14.154505437
0.00967,-9.93571406321,13.9215947845,14.154505437
0.00968,-10.1258849036,13.9171768577,14.154505437
0.00969,-10.3160241306,13.9084478574,14.154505437
0.0097,-10.5061334156,13.8886002894,14.0442056328
0.00971,-10.6962156799,13.859155532,14.0442056328
0.00972,-10.8862714503,13.8286952733,14.0442056328
0.00973,-11.0762970567,13.8063573846,14.0442056328
0.00974,-11.266285985,13.795023932,14.0442056328
0.00975,-11.4562323243,13.7892777631,13.9536956154
0.00976,-11.6461337099,13.7795710869,13.9536956154
0.00977,-11.8359915781,13.759401175,13.9536956154
0.00978,-12.0258085878,13.7301018931,13.9536956154
0.00979,-12.2155851736,13.699722781,13.9536956154
0.0098,-12.4053178124,13.6769267336,13.8886002894
0.00981,-12.5950002648,13.6645306951,13.8886002894
0.00982,-12.7846268183,13.6575040397,13.8886002894
0.00983,-12.9741950868,13.6468420189,13.8886002894
0.00984,-13.1637062875,13.6263346248,13.8886002894
0.00985,-13.3531628313,13.597144289,13.7892777631
0.00986,-13.5425650647,13.5668201755,13.7892777631
0.00987,-13.7319096019,13.5435737591,13.7892777631
0.00988,-13.9211904633,13.530154799,13.7892777631
0.00989,-14.1104021271,13.5218934676,13.7892777631
0.0099,-14.2995421907,13.5102982058,13.6769267336
0.00991,-14.4886116671,13.4894400417,13.6769267336
0.00992,-14.6776127337,13.4603248577,13.6769267336
0.00993,-14.8665456523,13.4300313823,13.6769267336
0.00994,-15.0554071653,13.4063421287,13.6769267336
0.00995,-15.2441915395,13.3919380507,13.597144289
0.00996,-15.4328934359,13.3824860191,13.597144289
0.00997,-15.6215104404,13.3699793935,13.597144289
0.00998,-15.8100433757,13.3487589117,13.597144289
0.00999,-15.9984941993,13.3196876809,13.597144289
0.01,-16.1868630916,13.289402203,13.5102982058
