time_s,receiving_voltage_phase_1_v,sending_current_phase_1_a,receiving_current_phase_1_a,receiving_voltage_phase_2_v,sending_current_phase_2_a,receiving_current_phase_2_a,receiving_voltage_phase_3_v,sending_current_phase_3_a,receiving_current_phase_3_a
0,99922.4591332,1998.94290211,-1998.44918266,-50177.3201481,-1003.03383039,1003.54640296,-49789.6594895,-996.857442434,995.79318979
1e-05,99922.688961,1998.94452341,-1998.45377922,-49851.0087566,-996.503754751,997.020175132,-50116.3026073,-1003.39130313,1002.32605215
2e-05,99921.4986662,1998.91773527,-1998.42997332,-49523.9888719,-989.959516583,990.479777438,-50442.2334615,-1009.91090341,1008.84466923
3e-05,99918.8882657,1998.8625381,-1998.37776531,-49196.2651417,-983.401208899,983.925302835,-50767.4474199,-1016.41615062,1015.3489484
4e-05,99914.8577967,1998.77893266,-1998.29715593,-48867.8422237,-976.828924907,977.356844475,-51091.9398605,-1022.90695231,1021.83879721
5e-05,99909.4073164,1998.66692014,-1998.18814633,-48538.7247855,-970.242758014,970.774495711,-51415.7061716,-1029.38321622,1028.31412343
6e-05,99902.5369022,1998.52650215,-1998.05073804,-48208.9175046,-963.642801824,964.178350092,-51738.7417517,-1035.84485033,1034.77483503
7e-05,99894.2466519,1998.35768067,-1997.88493304,-47878.4250683,-957.029150137,957.568501365,-52061.0420097,-1042.29176278,1041.22084019
8e-05,99884.5366832,1998.16045811,-1997.69073366,-47547.2521735,-950.401896947,950.94504347,-52382.6023651,-1048.72386196,1047.6520473
9e-05,99873.4071342,1997.93483726,-1997.46814268,-47215.403527,-943.761136442,944.308070541,-52703.4182477,-1055.14105645,1054.06836495
0.0001,99860.8581629,1997.68082133,-1997.21716326,-46882.8838452,-937.106963002,937.657676904,-53023.4850981,-1061.54325506,1060.46970196
0.00011,99846.8899478,1997.39841394,-1996.93779896,-46549.6978538,-930.439471199,930.993957076,-53342.7983675,-1067.93036678,1066.85596735
0.00012,99831.5026874,1997.0876191,-1996.63005375,-46215.8502881,-923.758755791,924.317005763,-53661.3535176,-1074.30230085,1073.22707035
0.00013,99814.6966004,1996.74844122,-1996.29393201,-45881.345893,-917.064911726,917.626917859,-53979.146021,-1080.65896671,1079.58292042
0.00014,99796.4719256,1996.38088513,-1995.92943851,-45546.1894223,-910.358034139,910.923788446,-54296.1713614,-1087.00027401,1085.92342723
0.00015,99776.828922,1995.98495604,-1995.53657844,-45210.3856395,-903.638218349,904.207712789,-54612.4250329,-1093.32613263,1092.24850066
0.00016,99755.7678689,1995.56065959,-1995.11535738,-44873.939317,-896.905559859,897.47878634,-54927.902541,-1099.63645266,1098.55805082
0.00017,99733.2890654,1995.10800181,-1994.66578131,-44536.8552365,-890.160154357,890.73710473,-55242.599402,-1105.93114443,1104.85198804
0.00018,99709.3928312,1994.62698912,-1994.18785662,-44199.1381887,-883.402097708,883.982763774,-55556.5111434,-1112.21011847,1111.13022287
0.00019,99684.0795058,1994.11762837,-1993.68159012,-43860.7929733,-876.63148596,877.215859467,-55869.6333038,-1118.47328554,1117.39266608
0.0002,99657.3494489,1993.5799268,-1993.14698898,-43521.824399,-869.848415339,870.43648798,-56181.9614331,-1124.72055663,1123.63922866
0.00021,99629.2030406,1993.01389204,-1992.58406081,-43182.2372832,-863.052982246,863.644745664,-56493.4910923,-1130.95184295,1129.86982185
0.00022,99599.6406807,1992.41953214,-1991.99281361,-42842.0364522,-856.245283259,856.840729045,-56804.217854,-1137.16705594,1136.08435708
0.00023,99568.6627895,1991.79685555,-1991.37325579,-42501.2267411,-849.425415132,850.024534822,-57114.137302,-1143.36610727,1142.28274604
0.00024,99536.2698071,1991.14587112,-1990.72539614,-42159.8129935,-842.593474789,843.196259869,-57423.2450316,-1149.54890884,1148.46490063
0.00025,99502.4621941,1990.4665881,-1990.04924388,-41817.8000615,-835.749559329,836.356001231,-57731.5366499,-1155.71537277,1154.630733
0.00026,99467.2404308,1989.75901614,-1989.34480862,-41475.1928061,-828.893766017,829.503856123,-58039.0077752,-1161.86541143,1160.7801555
0.00027,99430.6050179,1989.0231653,-1988.61210036,-41131.9960964,-822.026192289,822.639921929,-58345.6540378,-1167.99893741,1166.91308076
0.00028,99392.556476,1988.25904604,-1987.85112952,-40788.21481,-815.14693575,815.7642962,-58651.4710795,-1174.11586354,1173.02942159
0.00029,99353.0953458,1987.46666922,-1987.06190692,-40443.8538328,-808.256094169,808.877076656,-58956.4545539,-1180.21610288,1179.12909108
0.0003,99312.2221883,1986.6460461,-1986.24444377,-40098.9180589,-801.35376548,801.978361177,-59260.6001266,-1186.29956875,1185.21200253
0.00031,99269.9375842,1985.79718834,-1985.39875168,-39753.4123906,-794.440047779,795.068247811,-59563.903475,-1192.36617466,1191.2780695
0.00032,99226.2421346,1984.920108,-1984.52484269,-39407.3417383,-787.515039327,788.146834765,-59866.3602886,-1198.41583442,1197.32720577
0.00033,99181.1364604,1984.01481756,-1983.62272921,-39060.7110204,-780.578838544,781.214220408,-60167.9662686,-1204.44846203,1203.35932537
0.00034,99134.6212028,1983.08132988,-1982.69242406,-38713.5251634,-773.631544007,774.270503268,-60468.7171286,-1210.46397177,1209.37434257
0.00035,99086.6970227,1982.11965822,-1981.73394045,-38365.7891015,-766.673254453,767.31578203,-60768.6085943,-1216.46227813,1215.37217189
0.00036,99037.3646014,1981.12981625,-1980.74729203,-38017.5077768,-759.704068776,760.350155537,-61067.6364036,-1222.44329587,1221.35272807
0.00037,98986.6246399,1980.11181804,-1979.7324928,-37668.6861392,-752.724086022,753.373722784,-61365.7963066,-1228.40693999,1227.31592613
0.00038,98934.4778594,1979.06567806,-1978.68955719,-37319.3291462,-745.733405393,746.386582924,-61663.0840658,-1234.35312572,1233.26168132
0.00039,98880.9250009,1977.99141118,-1977.61850002,-36969.4417629,-738.732126241,739.388835258,-61959.495456,-1240.28176857,1239.18990912
0.0004,98825.9668256,1976.88903266,-1976.51933651,-36619.028962,-731.720348071,732.38057924,-62255.0262647,-1246.19278426,1245.10052529
0.00041,98769.6041146,1975.75855817,-1975.39208229,-36268.0957236,-724.698170534,725.361914473,-62549.6722917,-1252.0860888,1250.99344583
0.00042,98711.8376688,1974.60000378,-1974.23675338,-35916.6470354,-717.665693433,718.332940707,-62843.4293494,-1257.96159842,1256.86858699
0.00043,98652.6683094,1973.41338595,-1973.05336619,-35564.687892,-710.623016714,711.29375784,-63136.2932628,-1263.81922963,1262.72586526
0.00044,98592.0968772,1972.19872155,-1971.84193754,-35212.2232958,-703.570240468,704.244465915,-63428.2598697,-1269.65889916,1268.56519739
0.00045,98530.124233,1970.95602784,-1970.60248466,-34859.2582558,-696.507464932,697.185165117,-63719.3250207,-1275.48052403,1274.38650041
0.00046,98466.7512577,1969.68532249,-1969.33502515,-34505.7977887,-689.434790484,690.115955774,-64009.4845791,-1281.2840215,1280.18969158
0.00047,98401.9788519,1968.38662354,-1968.03957704,-34151.8469178,-682.35231764,683.036938356,-64298.7344209,-1287.06930909,1285.97468842
0.00048,98335.8079361,1967.05994946,-1966.71615872,-33797.4106736,-675.26014706,675.948213472,-64587.0704355,-1292.83630457,1291.74140871
0.00049,98268.2394509,1965.70531911,-1965.36478902,-33442.4940933,-668.158379539,668.849881867,-64874.4885247,-1298.58492599,1297.48977049
0.0005,98199.2743564,1964.32275173,-1963.98548713,-33087.1022212,-661.047116008,661.742044424,-65160.984604,-1304.31509164,1303.21969208
0.00051,98128.9136329,1962.91226698,-1962.57827266,-32731.2401081,-653.926457535,654.624802163,-65446.5546013,-1310.02672009,1308.93109203
0.00052,98057.1582804,1961.47388491,-1961.14316561,-32374.9128117,-646.796505318,647.498256234,-65731.1944583,-1315.71973016,1314.62388917
0.00053,97984.0093185,1960.00762594,-1959.68018637,-32018.1253961,-639.657360692,640.362507921,-66014.9001295,-1321.39404094,1320.29800259
0.00054,97909.467787,1958.51351093,-1958.18935574,-31660.882932,-632.509125119,633.21765864,-66297.6675829,-1327.04957178,1325.95335166
0.00055,97833.5347453,1956.99156111,-1956.67069491,-31303.1904967,-625.351900191,626.063809935,-66579.4927996,-1332.68624231,1331.58985599
0.00056,97756.2112724,1955.4417981,-1955.12422545,-30945.0531738,-618.185787629,618.901063476,-66860.3717744,-1338.30397242,1337.20743549
0.00057,97677.4984675,1953.86424394,-1953.54996935,-30586.4760532,-611.010889278,611.729521064,-67140.3005153,-1343.90268227,1342.80601031
0.00058,97597.397449,1952.25892104,-1951.94794898,-30227.4642311,-603.82730711,604.549284621,-67419.2750439,-1349.48229229,1348.38550088
0.00059,97515.9093555,1950.62585222,-1950.31818711,-29868.0228097,-596.635143219,597.360456195,-67697.2913954,-1355.04272318,1353.94582791
0.0006,97433.0353451,1948.96506069,-1948.6607069,-29508.1568977,-589.434499822,590.163137954,-67974.3456185,-1360.58389591,1359.48691237
0.00061,97348.7765956,1947.27657006,-1946.97553191,-29147.8716094,-582.225479256,582.957432189,-68250.4337758,-1366.10573173,1365.00867552
0.00062,97263.1343044,1945.56040431,-1945.26268609,-28787.1720654,-575.008183978,575.743441308,-68525.5519432,-1371.60815216,1370.51103886
0.00063,97176.1096889,1943.81658784,-1943.52219378,-28426.0633919,-567.78271656,568.521267839,-68799.6962109,-1377.09107901,1375.99392422
0.00064,97087.7039857,1942.04514544,-1941.75407971,-28064.5507212,-560.549179693,561.291014424,-69072.8626827,-1382.55443435,1381.45725365
0.00065,96997.9184514,1940.24610227,-1939.95836903,-27702.639191,-553.307676182,554.052783821,-69345.0474761,-1387.99814052,1386.90094952
0.00066,96906.7543619,1938.41948392,-1938.13508724,-27340.3339451,-546.058308943,546.806678902,-69616.246723,-1393.42212017,1392.32493446
0.00067,96814.2130129,1936.56531633,-1936.28426026,-26977.6401325,-538.801181008,539.552802649,-69886.4565688,-1398.82629621,1397.72913138
0.00068,96720.2957197,1934.68362587,-1934.40591439,-26614.5629079,-531.536395515,532.291258157,-70155.6731735,-1404.21059183,1403.11346347
0.00069,96625.003817,1932.77443926,-1932.50007634,-26251.1074314,-524.264055713,525.022148628,-70423.8927107,-1409.57493051,1408.47785421
0.0007,96528.3386591,1930.83778366,-1930.56677318,-25887.2788686,-516.984264959,517.745577372,-70691.1113685,-1414.91923601,1413.82222737
0.00071,96430.3016198,1928.87368657,-1928.6060324,-25523.0823903,-509.697126714,510.461647805,-70957.3253492,-1420.24343237,1419.14650698
0.00072,96330.8940925,1926.88217592,-1926.61788185,-25158.5231724,-502.402744544,503.170463448,-71222.5308692,-1425.54744393,1424.45061738
0.00073,96230.11749,1924.86328001,-1924.6023498,-24793.6063963,-495.101222119,495.872127926,-71486.7241594,-1430.83119531,1429.73448319
0.00074,96127.9732445,1922.81702753,-1922.55946489,-24428.3372481,-487.79266321,488.566744963,-71749.901465,-1436.09461141,1434.9980293
0.00075,29.8112992418,2844.85332019,-2981.72615017,-43471.3775481,-832.322182437,869.427550963,-84659.5283296,-1677.05103789,1693.19056659
0.00076,45.3201372152,4678.6693243,-4532.92012426,-66534.3517828,-1395.33700708,1330.68703566,-104224.408892,-2118.10654299,2084.48817783
0.00077,60.59660787,5948.36840236,-6060.87271916,-80240.5840729,-1559.92099964,1604.81168146,-118889.515979,-2362.93416712,2377.79031957
0.00078,71.3757344254,7232.63121963,-7139.00095722,-82715.6104371,-1693.7850418,1654.31220874,-124926.036365,-2519.95977441,2498.5207273
0.00079,83.3448000376,8267.54758612,-8336.14689977,-87469.3618835,-1720.96742666,1749.38723767,-129710.254742,-2582.8625477,2594.20509483
0.0008,93.1466610514,9368.95511822,-9316.52903836,-87133.1166207,-1764.27953711,1742.66233241,-131286.188228,-2638.61859842,2625.72376456
0.00081,103.779773867,10342.3438257,-10380.0529821,-88799.5525635,-1759.84964414,1775.99105127,-133207.683767,-2657.74991559,2664.15367535
0.00082,113.344877847,11364.7602509,-11336.7546823,-88149.4424779,-1774.32056746,1762.98884956,-133751.212097,-2682.68727423,2675.02424194
0.00083,123.354508885,12317.8779365,-12337.9179786,-88659.6929489,-1764.17844392,1773.19385898,-134712.476905,-2691.26497466,2694.24953809
0.00084,132.812287375,13298.6394252,-13283.8849833,-88077.6238087,-1767.35240233,1761.55247617,-135030.792132,-2705.31568684,2700.61584263
0.00085,142.480234053,14240.3278078,-14250.87301,-88111.8910646,-1757.09685484,1762.23782129,-135616.940682,-2711.35806258,2712.33881364
0.00086,151.845032534,15195.2945068,-15187.5401541,-87607.4332179,-1755.00222067,1752.14866436,-135886.565042,-2720.81912136,2717.73130085
0.00087,161.29510812,16127.1951408,-16132.7367141,-87424.4640297,-1745.43052574,1748.48928059,-136303.109581,-2726.17745947,2726.06219161
0.00088,170.566215631,17064.1117991,-17060.0328874,-86964.8051731,-1740.56634972,1739.29610346,-136557.527668,-2733.38113523,2731.15055336
0.00089,179.859075139,17986.5865577,-17989.5046954,-86672.4770609,-1731.51205387,1733.44954122,-136886.844652,-2738.42996136,2737.73689304
0.0009,189.037240797,18909.6515789,-18907.5048245,-86233.4376625,-1725.07873312,1724.66875325,-137130.1919,-2744.38423697,2742.603838
0.00091,198.205731304,19822.9936548,-19824.537245,-85881.115926,-1716.28929857,1717.62231852,-137409.41879,-2749.178735,2748.18837579
0.00092,207.293959308,20734.6688962,-20733.54181,-85449.01508,-1708.91874951,1708.9803016,-137641.344276,-2754.3719827,2752.82688552
0.00093,216.357484826,21639.2520006,-21640.0756323,-85061.2107225,-1700.21564004,1701.22421445,-137888.888659,-2758.91797989,2757.77777319
0.00094,225.359842578,22541.0775641,-22540.4914547,-84628.9879414,-1692.25771085,1692.57975883,-138109.192275,-2763.60555296,2762.18384551
0.00095,234.330751982,23437.314493,-23437.7618133,-84218.6767534,-1683.53709548,1684.37353507,-138334.881043,-2767.91159815,2766.69762086
0.00096,243.251492337,24330.3113057,-24330.0142635,-83782.9400379,-1675.19131943,1675.65880076,-138543.932337,-2772.23477926,2770.87864674
0.00097,252.138163711,25218.607364,-25218.8591344,-83357.3380358,-1666.3996455,1667.14676072,-138753.342619,-2776.31585119,2775.06685238
0.00098,260.981284122,26103.4889813,-26103.3480379,-82916.6333248,-1657.78253241,1658.3326665,-138951.832274,-2780.35696342,2779.03664548
0.00099,269.789720075,26984.2163607,-26984.3678019,-82479.923466,-1648.89580224,1649.59846932,-139148.309485,-2784.2306687,2782.9661897
0.001,278.558791414,27861.5055419,-27861.4503173,-82033.784231,-1640.07712977,1640.67568462,-139337.024481,-2788.0403224,2786.74048963
0.00101,287.293492032,28734.9937678,-28735.095073,-81588.491356,-1631.0874083,1631.76982712,-139522.685628,-2791.72390302,2790.45371256
0.00102,295.991624109,29605.0891007,-29605.0822433,-81136.9301129,-1622.11028556,1622.73860226,-139702.385308,-2795.33498912,2794.04770616
0.00103,304.65608824,30471.624326,-30471.7019458,-80684.6458051,-1613.01777548,1613.6929161,-139878.641684,-2798.8438983,2797.57283368
0.00104,313.285956198,31334.8397099,-31334.861339,-80227.8880981,-1603.90986555,1604.55776196,-140050.005027,-2802.27898008,2801.00010054
0.00105,321.882982431,32194.6680507,-32194.7359027,-79769.6640887,-1594.71852217,1595.39328177,-140217.844654,-2805.62646661,2804.35689308
0.00106,330.446875499,33051.2569927,-33051.2964874,-79308.0134357,-1585.49836955,1586.16026871,-140381.456175,-2808.90179636,2807.6291235
0.00107,338.978750918,33904.5892823,-33904.6546668,-78844.5797007,-1576.21358764,1576.89159401,-140541.601559,-2812.09897918,2810.83203117
0.00108,347.478625398,34754.7604549,-34754.8121123,-78378.3520983,-1566.89421779,1567.56704197,-140697.955163,-2815.22675451,2813.95910325
0.00109,355.947249206,35601.7771417,-35601.8438656,-77910.2401428,-1557.52167368,1558.20480286,-140850.954468,-2818.28288452,2817.01908936
0.0011,364.384777987,36445.7047593,-36445.7654942,-77439.7347178,-1548.1126663,1548.79469436,-141000.464182,-2821.27256649,2820.00928364
0.00111,372.79174594,37286.5604004,-37286.6304289,-76967.3487833,-1538.65778134,1539.34697567,-141146.745927,-2824.19532834,2822.93491855
0.00112,381.16836181,38124.3914237,-38124.4595482,-76492.8366792,-1529.16648504,1529.85673358,-141289.758176,-2827.05444622,2825.79516352
0.00113,389.515026208,38959.2185917,-38959.2929213,-76016.495946,-1519.63421135,1520.32991892,-141429.66538,-2829.85023864,2828.5933076
0.00114,397.831958555,39791.07792,-39791.1524947,-75538.2180095,-1510.06647181,1510.76436019,-141566.470513,-2832.58490444,2831.32941026
0.00115,406.11947239,40619.9905087,-40620.0696284,-75058.1823908,-1500.46123817,1501.16364782,-141700.28292,-2835.25907934,2834.0056584
0.00116,414.377777821,41445.984849,-41446.0653377,-74576.3507993,-1490.82184709,1491.52701599,-141831.125189,-2837.874332,2836.62250378
0.00117,422.607128266,42269.0808341,-42269.1649692,-74092.8372722,-1481.147579,1481.85674544,-141959.074333,-2840.43139055,2839.18148666
0.00118,430.807715982,43089.3016669,-43089.3877525,-73607.6386703,-1471.44056042,1472.15277341,-142084.160194,-2842.9314359,2841.68320387
0.00119,438.979750448,43906.6654001,-43906.7546398,-73120.8320177,-1461.70073028,1462.41664035,-142206.439998,-2845.37518628,2844.12879997
0.0012,447.12340325,44721.1913074,-44721.2827931,-72632.4309942,-1451.92952989,1452.64861988,-142325.944888,-2847.76357038,2846.51889777
0.00121,455.238850087,45532.8954204,-45532.9897857,-72142.491152,-1442.12721562,1442.84982304,-142442.719375,-2850.09725401,2848.85438749
0.00122,463.326241807,46341.7939493,-46341.8907055,-71651.033539,-1432.2948309,1433.02067078,-142556.793195,-2852.37699217,2851.1358639
0.00123,471.385727032,47147.9009393,-47148.0004177,-71158.1008099,-1422.43277278,1423.1620162,-142668.202245,-2854.60338433,2853.3640449
0.00124,479.417437042,47951.2301175,-47951.332053,-70663.7166047,-1412.54184569,1413.27433209,-142776.97378,-2856.77705951,2855.53947561
0.00125,1570021.72673,33642.3878443,-31400.4345345,247168.018536,4350.12315877,-4943.36037071,63905.8512448,995.069288972,-1278.1170249
0.00126,777222.015937,12035.6987002,-15544.4403187,470837.889732,10786.5827287,-9416.75779463,275228.3777,6177.07330914,-5504.567554
0.00127,408962.312293,10696.6789526,-8179.24624587,434152.331161,7562.57795728,-8683.04662322,303232.147358,5600.6030857,-6064.64294717
0.00128,462819.553079,7434.77504121,-9256.39106159,286524.158218,6481.95903089,-5730.48316437,212224.10356,4573.1047881,-4244.48207119
0.00129,303378.836384,7221.73383373,-6067.57672768,274641.063821,4976.0323533,-5492.82127643,173418.377266,3204.13401173,-3468.36754532
0.0013,317391.663382,5609.6998476,-6347.83326764,194697.372622,4196.0303594,-3893.94745245,113602.522665,2422.95877338,-2272.0504533
0.00131,244144.855013,5304.47040405,-4882.89710025,175720.965805,3318.49675856,-3514.41931609,85292.8589174,1588.26172079,-1705.85717835
0.00132,234352.877989,4427.13513026,-4687.05755979,135354.275284,2811.94535737,-2707.08550569,50425.4224789,1065.24515333,-1008.50844958
0.00133,199793.707653,4133.24349806,-3995.87415306,116830.613243,2266.25859596,-2336.61226487,29937.73553,550.767071364,-598.7547106
0.00134,185988.4504,3631.81083879,-3719.76900801,94926.3124373,1934.22094552,-1898.52624875,8964.60509208,196.836825898,-179.292101842
0.00135,167544.283326,3393.93220076,-3350.88566651,80748.6374231,1587.90552966,-1614.97274846,-5541.29116545,-130.368407481,110.825823309
0.00136,156133.071486,3091.14260547,-3122.66142972,67599.3410523,1365.49761716,-1351.98682105,-18801.0041273,-372.519555643,376.020082546
0.00137,144922.703335,2912.27279048,-2898.4540667,57741.4039233,1142.94551314,-1154.82807847,-28907.4498234,-586.765859575,578.148996469
0.00138,136629.886212,2719.73301956,-2732.59772425,49282.7137847,991.712029768,-985.654275693,-37669.2131932,-754.283692475,753.384263863
0.00139,129220.47105,2589.04169636,-2584.409421,42626.3615932,846.829764833,-852.527231864,-44705.1736808,-898.543007132,894.103473616
0.0014,123356.096681,2461.09745537,-2467.12193362,37001.9138058,743.16738058,-740.038276116,-50694.8374961,-1015.88965608,1013.89674992
0.00141,118232.474547,2366.1441882,-2364.64949093,32514.9205172,647.60178093,-650.298410344,-55645.5579119,-1115.68410274,1112.91115824
0.00142,114051.488805,2277.9156306,-2281.0297761,28724.7494153,576.303251978,-574.494988306,-59852.7890159,-1199.12324429,1197.05578032
0.00143,110405.655165,2208.44054308,-2208.11310331,25682.6793372,512.559568761,-513.653586743,-63395.9808933,-1269.97043044,1267.91961787
0.00144,107365.952242,2145.59671514,-2147.31904483,23115.8943888,463.514523264,-462.317887775,-66423.5666065,-1330.35642793,1328.47133213
0.00145,104706.810063,2094.02715338,-2094.13620125,21045.5802155,420.696484167,-420.911604311,-69011.1042487,-1381.92203366,1380.22208497
0.00146,102446.18458,2047.91162147,-2048.92369161,19307.2450617,387.079570001,-386.144901233,-71241.4920294,-1426.50946153,1424.82984059
0.00147,100457.632122,2008.90315254,-2009.15264243,17901.3143206,358.295804551,-358.026286413,-73172.8215869,-1464.96201107,1463.45643174
0.00148,98736.1192432,1974.08714045,-1974.72238486,16731.1394325,335.465852125,-334.622788651,-74854.9710501,-1498.61044322,1497.099421
0.00149,97210.1451826,1943.93202827,-1944.20290365,15786.8490791,316.277324146,-315.736981581,-76329.6190746,-1527.97624554,1526.59238149
0.0015,95866.8708582,1916.90966714,-1917.33741716,15011.7043188,301.062352134,-300.234086377,-77628.5370502,-1553.95618433,1552.570741
0.00151,94664.7965015,1893.04612747,-1893.29593003,14392.9488526,288.555345039,-287.858977053,-78780.7695765,-1576.91565217,1575.61539153
0.00152,93590.3838703,1871.49924844,-1871.80767741,13896.564692,278.775186647,-277.931293841,-79807.4705627,-1597.44432047,1596.14941125
0.00153,92618.5588553,1852.1527133,-1852.37117711,13510.5942432,271.002372726,-270.211884865,-80728.6565108,-1615.81249931,1614.57313022
0.00154,91737.7139966,1834.51767667,-1834.75427993,13213.9570172,265.147880817,-264.279140345,-81558.8753791,-1632.40738952,1631.17750758
0.00155,90932.0132052,1818.45119282,-1818.6402641,12996.7585554,260.785647889,-259.935171109,-82311.920273,-1647.43188165,1646.23840546
0.00156,90192.3143195,1803.6546879,-1803.84628639,12845.4568275,257.803187441,-256.909136549,-82998.0231196,-1661.14308725,1659.96046239
0.00157,89508.2003727,1789.99872252,-1790.16400745,12752.3281467,255.937516825,-255.046562933,-83626.7564754,-1673.69327448,1672.53512951
0.00158,88872.7395103,1777.29219089,-1777.45479021,12708.3750934,255.084253601,-254.167501868,-84205.4310386,-1685.25620709,1684.10862077
0.00159,88278.8421414,1765.42941594,-1765.57684283,12707.7321096,255.07441645,-254.154642193,-84740.7673034,-1695.94584566,1694.81534607
0.0016,87721.3331796,1754.28297235,-1754.42666359,12744.2418228,255.821000589,-254.884836456,-85238.0527621,-1705.88202899,1704.76105524
0.00161,87195.2521458,1743.77032518,-1743.90504292,12813.5000559,257.211303344,-256.270001117,-85702.07126,-1715.14995675,1714.0414252
0.00162,86696.7496278,1733.8035296,-1733.93499256,12911.1840592,259.176191065,-258.223681183,-86136.688219,-1723.83400267,1722.73376438
0.00163,86222.2749016,1724.31933808,-1724.44549803,13033.9944434,261.637951293,-260.679888868,-86545.3593236,-1731.9979736,1730.90718647
0.00164,85768.9564755,1715.25529169,-1715.37912951,13178.8284044,264.542844847,-263.576568088,-86930.9399725,-1739.70246428,1738.61879945
0.00165,85334.2032172,1706.56321913,-1706.68406434,13343.2065683,267.835709648,-266.864131366,-87295.9634771,-1746.99546922,1745.91926954
0.00166,84915.8591011,1698.19769348,-1698.31718202,13524.8578796,271.47512698,-270.497157592,-87642.5615569,-1753.92131798,1752.85123114
0.00167,84512.0011058,1690.12198898,-1690.24002212,13721.9072957,275.420953427,-274.438145913,-87972.6181675,-1760.51634628,1759.45236335
0.00168,84120.9964108,1682.30239696,-1682.41992822,13932.6633018,279.64129109,-278.653266036,-88287.7420848,-1766.81354032,1765.7548417
0.00169,83741.3961098,1674.7107743,-1674.8279222,14155.6959617,284.106294618,-283.113919234,-88589.3537587,-1772.84063107,1771.78707517
0.0017,83371.9515175,1667.32167299,-1667.43903035,14389.7253665,288.791303568,-287.794507331,-88878.6807185,-1778.62254856,1777.57361437
0.00171,83011.5557956,1660.11336528,-1660.23111591,14633.6505323,293.673714717,-292.673010646,-89156.8080575,-1784.18064911,1783.13616115
0.00172,82659.2441663,1653.06634696,-1653.18488333,14886.4889072,298.734335718,-297.729778143,-89424.6827558,-1789.53404425,1788.49365512
0.00173,82314.1602682,1646.16369604,-1646.28320536,15147.3840766,303.955768599,-302.947681532,-89683.1440725,-1794.69933999,1793.66288145
0.00174,81975.5508885,1639.39026081,-1639.51101777,15415.5716342,309.322952379,-308.311432683,-89932.9305173,-1799.69138014,1798.65861035
0.00175,81642.7455706,1632.73273858,-1632.85491141,15690.3783931,314.822301403,-313.807567862,-90174.6988619,-1804.52320475,1803.49397724
0.00176,81315.1502079,1626.17921427,-1626.30300416,15971.2022399,320.441888002,-319.424044798,-90409.0311455,-1809.20648265,1808.18062291
0.00177,80992.2340638,1619.71913082,-1619.84468128,16257.5084541,326.170964816,-325.150169082,-90636.4470373,-1813.75155449,1812.72894075
0.00178,80673.523845,1613.34301323,-1613.4704769,16548.8172322,331.999995195,-330.976344643,-90857.40994,-1818.16769602,1817.1481988
0.00179,80358.5950654,1607.04240481,-1607.17190131,16844.6994646,337.920375743,-336.893989292,-91072.3353278,-1822.46318608,1821.44670656
0.0018,80047.0670735,1600.80969324,-1600.94134147,17144.7686383,343.924408198,-342.895372765,-91281.5957411,-1826.64547461,1825.63191482
0.00181,79738.5970834,1594.63804292,-1594.77194167,17448.6769625,350.005129805,-348.97353925,-91485.5265956,-1830.72125111,1829.71053191
0.00182,79432.8761812,1588.52127989,-1588.65752362,17756.1098834,356.1562676,-355.122197667,-91684.4301475,-1834.69655667,1833.68860295
0.00183,79129.6250677,1582.45383125,-1582.59250135,18066.7828217,362.372129186,-361.335656434,-91878.5796546,-1838.57684416,1837.57159309
0.00184,78828.5909151,1576.43064566,-1576.5718183,18380.4373173,368.647556239,-367.608746347,-92068.222479,-1842.36705602,1841.36444958
0.00185,78529.5442532,1570.44714274,-1570.59088506,18696.8383882,374.977850711,-373.936767763,-92253.5831378,-1846.07167411,1845.07166276
0.00186,78232.276515,1564.49915616,-1564.6455303,19015.7717367,381.358733619,-380.315434733,-92434.8657174,-1849.69477556,1848.69731435
0.00187,77936.5977119,1558.58289272,-1558.73195424,19337.0416504,387.786293056,-386.740833008,-92612.2561539,-1853.24007294,1852.24512308
0.00188,77642.3345216,1552.6948904,-1552.84669043,19660.4689283,394.256949745,-393.209378566,-92785.9241114,-1856.71095548,1855.71848223
0.00189,77349.3285223,1546.83198574,-1546.98657045,19985.8892238,400.767419142,-399.717784476,-92956.0247132,-1860.11052103,1859.12049426
0.0019,77057.4346994,1540.99128223,-1541.14869399,20313.1514749,407.314683416,-406.263029498,-93122.700008,-1863.44160709,1862.45400016
0.00191,76766.5200869,1535.17012441,-1535.33040174,20642.1165985,413.895963072,-412.84233197,-93286.0803025,-1866.70681624,1865.72160605
0.00192,76476.462595,1529.36607367,-1529.5292519,20972.6562827,420.508694427,-419.453125654,-93446.2853107,-1869.90853985,1868.92570621
0.00193,76187.1499526,1523.57688767,-1523.74299905,21304.6519557,427.150507916,-426.093039114,-93603.4251912,-1873.04897828,1872.06850382
0.00194,75898.4787819,1517.80050151,-1517.96957564,21637.9938446,433.819210058,-432.759876893,-93757.6014548,-1876.13015933,1875.1520291
0.00195,75610.3537663,1512.03501136,-1512.20707533,21972.5801574,440.512766588,-439.451603147,-93908.9077795,-1879.15395431,1878.17815559
0.00196,75322.6869158,1506.27865963,-1506.45373832,22308.3163411,447.229288016,-446.166326822,-94057.4307311,-1882.12209253,1881.14861462
0.00197,75035.3969062,1500.5298219,-1500.70793812,22645.1144298,453.967016337,-452.902288596,-94203.2504108,-1885.03617416,1884.06500822
0.00198,74748.4084914,1494.78699509,-1494.96816983,22982.8924543,460.72431343,-459.657849087,-94346.4410304,-1887.89768181,1886.92882061
0.00199,74461.6519745,1489.048787,-1489.23303949,23321.5739185,467.499650468,-466.431478371,-94487.0714312,-1890.70799076,1889.74142862
0.002,74175.0627352,1483.31390675,-1483.5012547,23661.0873263,474.291598555,-473.221746526,-94625.2055467,-1893.46837833,1892.50411093
