time_s,BUS2_voltage,BUS1_voltage,output_fixed_1,output_fixed_2,switch_voltage_switch_fixed_1,switch_current_switch_fixed_1
0,1,1,1,1,0,0
5e-05,0.999822352331,0.999822352381,0.999822352381,0.999822352331,4.99955632449e-11,0.0499955349777
0.0001,0.999289472541,0.99928947264,0.99928947264,0.999289472541,9.99733629214e-11,0.0999733306122
0.00015,0.998401549959,0.998401550109,0.998401550109,0.998401549959,1.49915524439e-10,0.149915606196
0.0002,0.997158900061,0.99715890026,0.99715890026,0.997158900061,1.99804506273e-10,0.199804617476
0.00025,0.995561964353,0.995561964603,0.995561964603,0.995561964353,2.49622544857e-10,0.249622639124
0.0003,0.99361131022,0.99361131052,0.99361131052,0.99361131022,2.9935187662e-10,0.299351971035
0.00035,0.99130763072,0.991307631069,0.991307631069,0.99130763072,3.4897496004e-10,0.348974944614
0.0004,0.988651744339,0.988651744738,0.988651744738,0.988651744339,3.98473809504e-10,0.398473929053
0.00045,0.985644594701,0.985644595149,0.985644595149,0.985644594701,4.47831327577e-10,0.447831337601
0.0005,0.982287250231,0.982287250728,0.982287250728,0.982287250231,4.97029639668e-10,0.497029633804
0.00055,0.978580903779,0.978580904325,0.978580904325,0.978580903779,5.46051426298e-10,0.546051337743
0.0006,0.974526872191,0.974526872786,0.974526872786,0.974526872191,5.94879034921e-10,0.594879032239
0.00065,0.970126595846,0.970126596489,0.970126596489,0.970126595846,6.4349525708e-10,0.643495369045
0.0007,0.965381638141,0.965381638833,0.965381638833,0.965381638141,6.91883106363e-10,0.691883075008
0.00075,0.960293684936,0.960293685676,0.960293685676,0.960293684936,7.40024930224e-10,0.740024958206
0.0008,0.954864543958,0.954864544746,0.954864544746,0.954864543958,7.87903964294e-10,0.787903914058
0.00085,0.949096144154,0.949096144989,0.949096144989,0.949096144154,8.35503000118e-10,0.835502931398
0.0009,0.942990535009,0.942990535892,0.942990535892,0.942990535009,8.82805162306e-10,0.882805098523
0.00095,0.936549885817,0.936549886747,0.936549886747,0.936549885817,9.29793686488e-10,0.929793609197
0.001,0.929776484911,0.929776485887,0.929776485887,0.929776484911,9.76451808299e-10,0.976451768627
0.00105,0.922672738846,0.922672739869,0.922672739869,0.922672738846,1.02276309644e-09,1.02276299939
0.0011,0.915241171551,0.91524117262,0.91524117262,0.915241171551,1.06871089756e-09,1.06871084733
0.00115,0.907484423426,0.90748442454,0.90748442454,0.907484423426,1.11427911342e-09,1.11427898739
0.0012,0.899405250406,0.899405251565,0.899405251565,0.899405250406,1.15945120172e-09,1.15945122942
0.00125,0.891006522983,0.891006524187,0.891006524187,0.891006522983,1.20421150829e-09,1.20421152396
0.0013,0.882291225185,0.882291226434,0.882291226434,0.882291225185,1.24854393491e-09,1.24854396787
0.00135,0.873262453516,0.873262454809,0.873262454809,0.873262453516,1.29243282743e-09,1.29243281005
0.0014,0.863923415856,0.863923417192,0.863923417192,0.863923415856,1.3358625317e-09,1.33586245701
0.00145,0.854277430319,0.854277431698,0.854277431698,0.854277430319,1.37881750462e-09,1.3788174784
0.0015,0.844327924079,0.844327925501,0.844327925501,0.844327924079,1.42128253611e-09,1.42128261249
0.00155,0.834078432148,0.834078433612,0.834078433612,0.834078432148,1.46324274919e-09,1.46324277164
0.0016,0.823532596122,0.823532597627,0.823532597627,0.823532596122,1.50468304483e-09,1.5046830476
0.00165,0.812694162886,0.812694164432,0.812694164432,0.812694162886,1.54558876808e-09,1.54558871683
0.0017,0.801566983283,0.801566984869,0.801566984869,0.801566983283,1.58594515298e-09,1.58594524575
0.00175,0.790155010748,0.790155012374,0.790155012374,0.790155010748,1.62573832174e-09,1.62573829588
0.0018,0.7784622999,0.778462301565,0.778462301565,0.7784622999,1.66495373044e-09,1.66495372892
0.00185,0.766493005104,0.766493006808,0.766493006808,0.766493005104,1.70357761231e-09,1.70357761183
0.0019,0.754251378993,0.754251380734,0.754251380734,0.754251378993,1.74159620059e-09,1.74159622173
0.00195,0.741741770958,0.741741772737,0.741741772737,0.741741770958,1.77899606157e-09,1.77899605077
0.002,0.728968625604,0.72896862742,0.72896862742,0.728968625604,1.81576387259e-09,1.81576381099
0.00205,0.715936481168,0.71593648302,0.71593648302,0.715936481168,1.85188642199e-09,1.85188643897
0.0021,0.70264996791,0.702649969797,0.702649969797,0.70264996791,1.88735116424e-09,1.88735110052
0.00215,0.689113806463,0.689113808385,0.689113808385,0.689113806463,1.92214522077e-09,1.9221451952
0.0022,0.675332806163,0.675332808119,0.675332808119,0.675332806163,1.95625637911e-09,1.95625636084
0.00225,0.661311863332,0.661311865322,0.661311865322,0.661311863332,1.98967242682e-09,1.98967247791
0.0023,0.647055959545,0.647055961567,0.647055961567,0.647055959545,2.02238170655e-09,2.02238167383
0.00235,0.632570159857,0.632570161911,0.632570161911,0.632570159857,2.05437244993e-09,2.05437232716
0.0024,0.617859611003,0.617859613088,0.617859613088,0.617859611003,2.08563299964e-09,2.08563307178
0.00245,0.602929539571,0.602929541687,0.602929541687,0.602929539571,2.11615280854e-09,2.1161528009
0.0025,0.587785250144,0.58778525229,0.58778525229,0.587785250144,2.14592066339e-09,2.145920671
0.00255,0.572432123418,0.572432125592,0.572432125592,0.572432123418,2.17492612808e-09,2.17492610571
0.0026,0.556875614283,0.556875616486,0.556875616486,0.556875614283,2.20315865551e-09,2.20315879952
0.00265,0.541121249894,0.541121252125,0.541121252125,0.541121249894,2.23060869775e-09,2.2306087215
0.0027,0.525174627702,0.525174629959,0.525174629959,0.525174627702,2.25726615177e-09,2.25726611882
0.00275,0.509041413465,0.509041415748,0.509041415748,0.509041413465,2.28312158068e-09,2.28312152024
0.0028,0.492727339238,0.492727341546,0.492727341546,0.492727339238,2.30816576963e-09,2.30816573944
0.00285,0.476238201333,0.476238203666,0.476238203666,0.476238201333,2.33238989233e-09,2.33238987835
0.0029,0.459579858263,0.459579860619,0.459579860619,0.459579858263,2.35578534458e-09,2.35578533024
0.00295,0.442758228658,0.442758231037,0.442758231037,0.442758228658,2.37834379968e-09,2.37834378281
0.003,0.425779289163,0.425779291563,0.425779291563,0.425779289163,2.40005726404e-09,2.40005722116
0.00305,0.408649072313,0.408649074734,0.408649074734,0.408649072313,2.42091791058e-09,2.42091793061
0.0031,0.391373664394,0.391373666835,0.391373666835,0.391373664394,2.44091852286e-09,2.44091849944
0.00315,0.373959203275,0.373959205735,0.373959205735,0.373959203275,2.46005182891e-09,2.46005182154
0.0032,0.356411876232,0.356411878711,0.356411878711,0.356411876232,2.47831111189e-09,2.47831109895
0.00325,0.338737917747,0.338737920243,0.338737920243,0.338737917747,2.49568987698e-09,2.49568984422
0.0033,0.320943607293,0.320943609805,0.320943609805,0.320943607293,2.51218190694e-09,2.51218188277
0.00335,0.303035267103,0.30303526963,0.30303526963,0.303035267103,2.52778137311e-09,2.52778135506
0.0034,0.285019259925,0.285019262467,0.285019262467,0.285019259925,2.54248272435e-09,2.54248271866
0.00345,0.266901986762,0.266901989318,0.266901989318,0.266901986762,2.55628074264e-09,2.55628075026
0.0035,0.248689884593,0.248689887162,0.248689887162,0.248689884593,2.56917054298e-09,2.56917054748
0.00355,0.230389424093,0.230389426674,0.230389426674,0.230389424093,2.58114751794e-09,2.58114753063
0.0036,0.212007107327,0.21200710992,0.21200710992,0.212007107327,2.59220744869e-09,2.59220744436
0.00365,0.193549465446,0.193549468048,0.193549468048,0.193549465446,2.60234633842e-09,2.60234635912
0.0037,0.175023056361,0.175023058973,0.175023058973,0.175023056361,2.61156068992e-09,2.6115606726
0.00375,0.156434462418,0.156434465038,0.156434465038,0.156434462418,2.61984711702e-09,2.61984711102
0.0038,0.137790288055,0.137790290682,0.137790290682,0.137790288055,2.62720273314e-09,2.62720273022
0.00385,0.119097157459,0.119097160092,0.119097160092,0.119097157459,2.63362491537e-09,2.63362491681
0.0039,0.10036171221,0.100361714849,0.100361714849,0.10036171221,2.63911137388e-09,2.63911138899
0.00395,0.0815906089219,0.0815906115656,0.0815906115656,0.0815906089219,2.64366019354e-09,2.64366019747
0.004,0.0627905168794,0.0627905195267,0.0627905195267,0.0627905168794,2.64726972288e-09,2.64726972606
0.00405,0.0439681156653,0.0439681183152,0.0439681183152,0.0439681156653,2.64993869209e-09,2.64993869232
0.0041,0.0251300927891,0.0251300954407,0.0251300954407,0.0251300927891,2.65166615054e-09,2.65166614799
0.00415,0.00628314131048,0.00628314396293,0.00628314396293,0.00628314131048,2.65245147894e-09,2.65245147929
0.0042,-0.0125660425383,-0.012566039886,-0.012566039886,-0.0125660425383,2.65229440841e-09,2.65229440721
0.00425,-0.031410761732,-0.0314107590808,-0.0314107590808,-0.031410761732,2.65119498577e-09,2.65119498755
0.0043,-0.0502443208315,-0.0502443181823,-0.0502443181823,-0.0502443208315,2.64915361176e-09,2.64915361093
0.00435,-0.0690600283632,-0.069060025717,-0.069060025717,-0.0690600283632,2.64617099066e-09,2.64617100265
0.0044,-0.0878511991956,-0.0878511965533,-0.0878511965533,-0.0878511991956,2.64224822577e-09,2.64224822241
0.00445,-0.106611156915,-0.106611154278,-0.106611154278,-0.106611156915,2.63738667017e-09,2.63738666396
0.0045,-0.125333236198,-0.125333233567,-0.125333233567,-0.125333236198,2.63158805858e-09,2.63158805457
0.00455,-0.14401078518,-0.144010782555,-0.144010782555,-0.14401078518,2.62485444491e-09,2.62485445449
0.0046,-0.162637167815,-0.162637165197,-0.162637165197,-0.162637167815,2.6171882439e-09,2.6171882561
0.00465,-0.181205766238,-0.18120576363,-0.18120576363,-0.181205766238,2.6085921756e-09,2.6085921832
0.0047,-0.199709983116,-0.199709980517,-0.199709980517,-0.199709983116,2.59906929312e-09,2.5990692899
0.00475,-0.218143243988,-0.218143241399,-0.218143241399,-0.218143243988,2.58862295488e-09,2.58862295966
0.0048,-0.236498999603,-0.236498997026,-0.236498997026,-0.236498999603,2.57725690789e-09,2.57725690401
0.00485,-0.254770728251,-0.254770725686,-0.254770725686,-0.254770728251,2.5649751767e-09,2.56497516125
0.0049,-0.272951938072,-0.27295193552,-0.27295193552,-0.272951938072,2.55178211894e-09,2.55178209503
0.00495,-0.291036169368,-0.291036166831,-0.291036166831,-0.291036169368,2.53768234204e-09,2.53768239277
0.005,-0.3090169969,-0.309016994377,-0.309016994377,-0.3090169969,2.52268106404e-09,2.52268106404
0.00505,-0.326888032164,-0.326888029657,-0.326888029657,-0.326888032164,2.50678344749e-09,2.50678343874
0.0051,-0.344642925667,-0.344642923177,-0.344642923177,-0.344642925667,2.48999515451e-09,2.48999516522
0.00515,-0.362275369179,-0.362275366707,-0.362275366707,-0.362275369179,2.47232223582e-09,2.47232220827
0.0052,-0.379779097978,-0.379779095524,-0.379779095524,-0.379779097978,2.45377085317e-09,2.45377084701
0.00525,-0.397147893072,-0.397147890637,-0.397147890637,-0.397147893072,2.43434766789e-09,2.43434767265
0.0053,-0.41437558341,-0.414375580996,-0.414375580996,-0.41437558341,2.41405961887e-09,2.41405958615
0.00535,-0.431456048076,-0.431456045683,-0.431456045683,-0.431456048076,2.39291375603e-09,2.39291379577
0.0054,-0.448383218463,-0.448383216092,-0.448383216092,-0.448383218463,2.37091779542e-09,2.37091781451
0.00545,-0.465151080428,-0.46515107808,-0.46515107808,-0.465151080428,2.3480794531e-09,2.34807945743
0.0055,-0.481753676428,-0.481753674104,-0.481753674104,-0.481753676428,2.32440683368e-09,2.32440683891
0.00555,-0.498185107642,-0.498185105342,-0.498185105342,-0.498185107642,2.29990837486e-09,2.2999083697
0.0056,-0.514439536058,-0.514439533784,-0.514439533784,-0.514439536058,2.27459273638e-09,2.27459275399
0.00565,-0.530511186557,-0.530511184309,-0.530511184309,-0.530511186557,2.24846896657e-09,2.24846898631
0.0057,-0.546394348958,-0.546394346736,-0.546394346736,-0.546394348958,2.22154639129e-09,2.2215463483
0.00575,-0.562083380048,-0.562083377854,-0.562083377854,-0.562083380048,2.19383433642e-09,2.19383440545
0.0058,-0.57757270559,-0.577572703424,-0.577572703424,-0.57757270559,2.165343016e-09,2.16534300368
0.00585,-0.592856822299,-0.592856820163,-0.592856820163,-0.592856822299,2.13608220001e-09,2.13608226585
0.0059,-0.607930299803,-0.607930297697,-0.607930297697,-0.607930299803,2.1060626576e-09,2.10606258815
0.00595,-0.622787782565,-0.62278778049,-0.62278778049,-0.622787782565,2.07529460283e-09,2.07529463645
0.006,-0.637423991794,-0.637423989751,-0.637423989751,-0.637423991794,2.04378924895e-09,2.04378934244
0.00605,-0.651833727314,-0.651833725303,-0.651833725303,-0.651833727314,2.01155792023e-09,2.0115578998
0.0061,-0.666011869415,-0.666011867436,-0.666011867436,-0.666011869415,1.97861182993e-09,1.97861176022
0.00615,-0.679953380669,-0.679953378724,-0.679953378724,-0.679953380669,1.94496263539e-09,1.9449626293
0.0062,-0.693653307725,-0.693653305815,-0.693653305815,-0.693653307725,1.91062243804e-09,1.91062246242
0.00625,-0.707106783064,-0.707106781188,-0.707106781188,-0.707106783064,1.87560345033e-09,1.87560346047
0.0063,-0.72030902673,-0.72030902489,-0.72030902489,-0.72030902673,1.83991810676e-09,1.83991806554
0.00635,-0.733255348028,-0.733255346224,-0.733255346224,-0.733255348028,1.80357906387e-09,1.80357895648
0.0064,-0.745941147192,-0.745941145426,-0.745941145426,-0.745941147192,1.76659897821e-09,1.7665990444
0.00645,-0.758361917019,-0.75836191529,-0.75836191529,-0.758361917019,1.72899150552e-09,1.72899146809
0.0065,-0.770513244468,-0.770513242777,-0.770513242777,-0.770513244468,1.69076952439e-09,1.69076958935
0.00655,-0.78239081223,-0.782390810578,-0.782390810578,-0.78239081223,1.6519469126e-09,1.65194698821
0.0066,-0.793990400262,-0.793990398649,-0.793990398649,-0.793990400262,1.61253743691e-09,1.61253745818
0.00665,-0.805307887285,-0.805307885713,-0.805307885713,-0.805307887285,1.57255497513e-09,1.57255500126
0.0067,-0.816339252251,-0.816339250719,-0.816339250719,-0.816339252251,1.53201384911e-09,1.53201382303
0.00675,-0.827080575767,-0.827080574276,-0.827080574276,-0.827080575767,1.49092826973e-09,1.49092832759
0.0068,-0.837528041493,-0.837528040044,-0.837528040044,-0.837528041493,1.44931311397e-09,1.44931311241
0.00685,-0.847677937494,-0.847677936086,-0.847677936086,-0.847677937494,1.40718292574e-09,1.40718296317
0.0069,-0.85752665756,-0.857526656195,-0.857526656195,-0.85752665756,1.36455291511e-09,1.36455284853
0.00695,-0.867070702487,-0.867070701166,-0.867070701166,-0.867070702487,1.32143795906e-09,1.32143791476
0.007,-0.876306681323,-0.876306680045,-0.876306680045,-0.876306681323,1.27785360071e-09,1.27785348038
0.00705,-0.885231312567,-0.885231311334,-0.885231311334,-0.885231312567,1.23381505013e-09,1.23381503075
0.0071,-0.893841425342,-0.893841424152,-0.893841424152,-0.893841425342,1.18933818349e-09,1.18933821251
0.00715,-0.902133960514,-0.902133959369,-0.902133959369,-0.902133960514,1.14443876598e-09,1.14443882806
0.0072,-0.910105971785,-0.910105970686,-0.910105970686,-0.910105971785,1.09913278479e-09,1.09913282994
0.00725,-0.917754626738,-0.917754625685,-0.917754625685,-0.917754626738,1.05343633816e-09,1.05343631516
0.0073,-0.925077207843,-0.925077206835,-0.925077206835,-0.925077207843,1.00736552433e-09,1.00736551947
0.00735,-0.93207111342,-0.932071112459,-0.932071112459,-0.93207111342,9.60936885619e-10,0.960936811604
0.0074,-0.938733858569,-0.938733857655,-0.938733857655,-0.938733858569,9.14166742305e-10,0.914166687463
0.00745,-0.945063076048,-0.945063075181,-0.945063075181,-0.945063076048,8.67071747734e-10,0.867071764249
0.0075,-0.951056517116,-0.951056516296,-0.951056516296,-0.951056517116,8.19668777297e-10,0.819668774562
0.00755,-0.956712052332,-0.95671205156,-0.95671205156,-0.956712052332,7.71974595359e-10,0.771974560461
0.0076,-0.962027672311,-0.962027671587,-0.962027671587,-0.962027672311,7.24006077313e-10,0.724006067472
0.00765,-0.967001488439,-0.967001487763,-0.967001487763,-0.967001488439,6.75780320591e-10,0.675780338572
0.0077,-0.971631733543,-0.971631732915,-0.971631732915,-0.971631733543,6.27314533652e-10,0.627314508133
0.00775,-0.975916762518,-0.975916761939,-0.975916761939,-0.975916762518,5.78625702907e-10,0.578625795833
0.0078,-0.979855052914,-0.979855052385,-0.979855052385,-0.979855052914,5.29731480903e-10,0.529731500541
0.00785,-0.983445205476,-0.983445204996,-0.983445204996,-0.983445205476,4.80648965073e-10,0.480648994167
0.0079,-0.98668594464,-0.986685944208,-0.986685944208,-0.98668594464,4.31395696943e-10,0.431395715491
0.00795,-0.989576118985,-0.989576118603,-0.989576118603,-0.989576118985,3.81989107012e-10,0.38198916397
0.008,-0.992114701647,-0.992114701315,-0.992114701315,-0.992114701647,3.32446958851e-10,0.332446893514
0.00805,-0.99430079068,-0.994300790397,-0.994300790397,-0.99430079068,2.82786571937e-10,0.282786506258
0.0081,-0.996133609376,-0.996133609143,-0.996133609143,-0.996133609376,2.33025598817e-10,0.233025646301
0.00815,-0.997612506545,-0.997612506361,-0.997612506361,-0.997612506545,1.83182025104e-10,0.183181993438
0.0082,-0.998736956739,-0.998736956606,-0.998736956606,-0.998736956739,1.33273170277e-10,0.133273256883
0.00825,-0.999506560449,-0.999506560366,-0.999506560366,-0.999506560449,8.33172419945e-11,0.0833171689712
0.0083,-0.999921044237,-0.999921044204,-0.999921044204,-0.999921044237,3.33314487122e-11,0.033331478864
0.00835,-0.999980260839,-0.999980260856,-0.999980260856,-0.999980260839,-1.66660019119e-11,0
0.0084,1.66662336496,-0.999684189283,-0.999684189283,1.66662336496,-2.66630755424,0
0.00845,-1.66662336496,-0.999032934678,-0.999032934678,-1.66662336496,0.667590430278,0
0.0085,1.66662336496,-0.998026728428,-0.998026728428,1.66662336496,-2.66465009338,0
0.00855,-1.66662336496,-0.996665928034,-0.996665928034,-1.66662336496,0.669957436922,0
0.0086,1.66662336496,-0.994951016981,-0.994951016981,1.66662336496,-2.66157438194,0
0.00865,-1.66662336496,-0.99288260457,-0.99288260457,-1.66662336496,0.673740760386,0
0.0087,1.66662336496,-0.990461425697,-0.990461425697,1.66662336496,-2.65708479065,0
0.00875,-1.66662336496,-0.987688340595,-0.987688340595,-1.66662336496,0.678935024361,0
0.0088,1.66662336496,-0.984564334529,-0.984564334529,1.66662336496,-2.65118769949,0
0.00885,-1.66662336496,-0.981090517443,-0.981090517443,-1.66662336496,0.685532847513,0
0.0089,1.66662336496,-0.977268123568,-0.977268123568,1.66662336496,-2.64389148852,0
0.00895,-1.66662336496,-0.973098510982,-0.973098510982,-1.66662336496,0.693524853974,0
0.009,1.66662336496,-0.968583161129,-0.968583161129,1.66662336496,-2.63520652608,0
0.00905,-1.66662336496,-0.96372367829,-0.96372367829,-1.66662336496,0.702899686666,0
0.0091,1.66662336496,-0.958521789017,-0.958521789017,1.66662336496,-2.62514515397,0
0.00915,-1.66662336496,-0.952979341517,-0.952979341517,-1.66662336496,0.713644023439,0
0.0092,1.66662336496,-0.947098304995,-0.947098304995,1.66662336496,-2.61372166995,0
0.00925,-1.66662336496,-0.940880768954,-0.940880768954,-1.66662336496,0.725742596002,0
0.0093,1.66662336496,-0.934328942457,-0.934328942457,1.66662336496,-2.60095230741,0
0.00935,-1.66662336496,-0.927445153335,-0.927445153335,-1.66662336496,0.739178211622,0
0.0094,1.66662336496,-0.920231847366,-0.920231847366,1.66662336496,-2.58685521232,0
0.00945,-1.66662336496,-0.912691587404,-0.912691587404,-1.66662336496,0.753931777553,0
0.0095,1.66662336496,-0.904827052466,-0.904827052466,1.66662336496,-2.57145041742,0
0.00955,-1.66662336496,-0.896641036785,-0.896641036785,-1.66662336496,0.769982328171,0
0.0096,1.66662336496,-0.888136448814,-0.888136448814,1.66662336496,-2.55475981377,0
0.00965,-1.66662336496,-0.879316310191,-0.879316310191,-1.66662336496,0.787307054766,0
0.0097,1.66662336496,-0.87018375467,-0.87018375467,1.66662336496,-2.53680711963,0
0.00975,-1.66662336496,-0.860742027004,-0.860742027004,-1.66662336496,0.805881337952,0
0.0098,1.66662336496,-0.850994481795,-0.850994481795,1.66662336496,-2.51761784675,0
0.00985,-1.66662336496,-0.840944582298,-0.840944582298,-1.66662336496,0.825678782658,0
0.0099,1.66662336496,-0.830595899196,-0.830595899196,1.66662336496,-2.49721926415,0
0.00995,-1.66662336496,-0.819952109325,-0.819952109325,-1.66662336496,0.846671255631,0
0.01,1.66662336496,-0.809016994375,-0.809016994375,1.66662336496,-2.47564035933,0
