time_s,receiving_voltage_phase_1_minimum_v,receiving_voltage_phase_1_maximum_v,sending_current_phase_1_minimum_a,sending_current_phase_1_maximum_a,receiving_current_phase_1_minimum_a,receiving_current_phase_1_maximum_a,receiving_voltage_phase_2_minimum_v,receiving_voltage_phase_2_maximum_v,sending_current_phase_2_minimum_a,sending_current_phase_2_maximum_a,receiving_current_phase_2_minimum_a,receiving_current_phase_2_maximum_a,receiving_voltage_phase_3_minimum_v,receiving_voltage_phase_3_maximum_v,sending_current_phase_3_minimum_a,sending_current_phase_3_maximum_a,receiving_current_phase_3_minimum_a,receiving_current_phase_3_maximum_a,terminal_power_minimum_w,terminal_power_maximum_w,cumulative_supplied_energy_minimum_j,cumulative_supplied_energy_maximum_j,maximum_kcl_residual_a
0,99617.7867343,99617.7879194,1993.0047002,1993.00612071,977.201352993,977.201366883,-50847.1693677,-50847.1689972,-1016.35517528,-1016.35447306,-1992.35575839,-1992.35573469,-48860.0683442,-48860.0676497,-978.460305694,-978.45963125,1016.94337994,1016.94338735,1111692.08988,1111900.36162,0,0,0
1e-05,99621.3865001,99621.3876558,1993.07184195,1993.07326191,983.752182022,983.752195149,-50523.2489317,-50523.2485974,-1009.87195623,-1009.87125784,-1992.42775312,-1992.42773,-49187.6097574,-49187.6091011,-985.010882581,-985.010202788,1010.46497195,1010.46497863,1111613.49047,1111821.74895,11.1165279018,11.1186105528,1.5916157281e-12
2e-05,99623.5704255,99623.5715519,1993.11065775,1993.11207713,990.289029755,990.289042119,-50198.6104484,-50198.6101503,-1003.37438467,-1003.37369011,-1992.47143104,-1992.47140851,-49514.4521059,-49514.4514877,-991.547460284,-991.546775151,1003.97220301,1003.97220897,1111524.92615,1111733.17135,22.2322199849,22.2363851543,1.5916157281e-12
3e-05,99624.3384794,99624.3395764,1993.12114702,1993.12256582,996.811803288,996.811814889,-49873.2585318,-49873.2582699,-996.862552934,-996.861862214,-1992.48679153,-1992.48676959,-49840.5907444,-49840.5901644,-998.069945902,-998.069255439,997.465165397,997.465170636,1111426.40196,1111634.63386,33.3469766255,33.3532241804,1.5916157281e-12
4e-05,99623.690651,99623.6917186,1993.10330964,1993.10472783,1003.32040992,1003.32042076,-49547.1978058,-49547.19758,-990.336553576,-990.335866709,-1992.47383437,-1992.47381302,-50166.0210378,-50166.020496,-1004.57824674,-1004.57755095,990.943951601,990.943956115,1111317.92348,1111526.14214,44.4606982527,44.4690280604,1.5916157281e-12
5e-05,99621.6269494,99621.6279876,1993.05714584,1993.0585634,1009.81475715,1009.81476722,-49220.4329044,-49220.4327149,-983.796479344,-983.795796339,-1992.43255975,-1992.43253899,-50490.738361,-50490.7378574,-1011.07227029,-1011.0715692,984.408654297,984.408658088,1111199.49689,1111407.7023,55.5732853546,55.5836972826,1.81898940355e-12
6e-05,99618.147404,99618.1484127,1992.98265629,1992.9840732,1016.29475267,1016.29476198,-48892.9684717,-48892.9683184,-977.242423186,-977.241744054,-1992.36296825,-1992.36294808,-50814.7380991,-50814.7376336,-1017.55192427,-1017.55121788,977.859366368,977.859369435,1111071.12891,1111279.3211,66.6846384836,66.6971323996,1.81898940355e-12
7e-05,99613.2520642,99613.2530435,1992.87984205,1992.88125829,1022.7603044,1022.76031294,-48564.8091617,-48564.8090446,-970.67447825,-970.673803,-1992.26506087,-1992.26504128,-51138.0156472,-51138.0152199,-1024.01711659,-1024.0164049,971.296180893,971.296183235,1110932.82685,1111141.00584,77.7946582624,77.8092340342,2.50111042988e-12
8e-05,99606.9409996,99606.9419494,1992.74870457,1992.75012012,1029.21132044,1029.21132822,-48235.9596383,-48235.9595574,-964.092737882,-964.092066523,-1992.13883899,-1992.13881999,-51460.566411,-51460.5660219,-1030.46775535,-1030.46703839,964.719191148,964.719192767,1110784.59856,1110992.76437,88.9032453894,88.9199028853,2.50111042988e-12
9e-05,99599.2142999,99599.2152202,1992.58924572,1992.59066056,1035.64770911,1035.64771612,-47906.4245752,-47906.4245305,-957.497295621,-957.496628163,-1991.9843044,-1991.984286,-51782.3858062,-51782.3854553,-1036.90374889,-1036.90302665,958.128490609,958.128491503,1110626.45248,1110834.60513,100.010300645,100.029039733,2.72848410532e-12
0.0001,99590.0720749,99590.0729657,1992.40146777,1992.40288187,1042.06937893,1042.06938518,-47576.2086557,-47576.2086472,-950.888245205,-950.887581658,-1991.80145931,-1991.8014415,-52103.469259,-52103.4689463,-1043.32500573,-1043.32427823,951.524172943,951.524173113,1110458.39759,1110666.5371,111.115724895,111.136545444,2.72848410532e-12
0.00011,99579.5144545,99579.5153158,1992.18537338,1992.18678674,1048.47623864,1048.47624412,-47245.3166006,-47245.3165729,-944.265680562,-944.265020934,-1991.59030632,-1991.59028909,-52423.8122062,-52423.8119318,-1049.73143461,-1049.73070187,944.906331458,944.906332012,1110280.44344,1110488.56985,122.2194191,122.242320979,2.72848410532e-12
0.00012,99567.5415888,99567.5424206,1991.94096563,1991.94237821,1054.86819718,1054.8682019,-46913.7530936,-46913.7530296,-937.629695813,-937.629040115,-1991.35084841,-1991.35083178,-52743.4100951,-52743.4098588,-1056.12294448,-1056.1222065,938.275060593,938.275061871,1110092.60016,1110300.71348,133.321284318,133.346267395,2.72848410532e-12
0.00013,99554.1536479,99554.1544502,1991.66824799,1991.66965978,1061.24516371,1061.24516767,-46581.5228382,-46581.5227381,-930.980385271,-930.979733511,-1991.083089,-1991.08307296,-53062.2583833,-53062.2581853,-1062.49944451,-1062.4987013,931.630454762,931.630456764,1109894.87843,1110102.97867,144.421221711,144.448285856,2.72848410532e-12
0.00014,99539.3508222,99539.3515949,1991.36722434,1991.36863531,1067.60704759,1067.60705079,-46248.6305563,-46248.63042,-924.317843437,-924.317195625,-1990.7870319,-1990.78701644,-53380.3525394,-53380.3523796,-1068.86084407,-1068.86009564,924.9726084,924.972611127,1109687.28947,1109895.37668,155.51913255,155.548277633,2.72848410532e-12
0.00015,99523.1333219,99523.1340651,1991.03789894,1991.03930909,1073.95375842,1073.95376085,-45915.080979,-45915.0808065,-917.642165001,-917.641521146,-1990.4626813,-1990.46266644,-53697.6880425,-53697.6879209,-1075.20705275,-1075.20629912,918.30161613,918.301619581,1109469.8451,1109677.9193,166.614918223,166.646144113,2.72848410532e-12
0.00016,99505.5013776,99505.5020913,1990.6802765,1990.68168579,1080.28520598,1080.28520765,-45580.8788468,-45580.8786381,-910.953444838,-910.952804949,-1990.11004183,-1990.11002755,-54014.2603825,-54014.2602992,-1081.53798036,-1081.53722153,911.617572762,911.617576936,1109242.55768,1109450.61888,177.708480237,177.741786804,2.72848410532e-12
0.00017,99486.4552399,99486.455924,1990.29436208,1990.2957705,1086.60130031,1086.60130121,-45246.0289094,-45246.0286645,-904.25177801,-904.251142096,-1989.72911848,-1989.7291048,-54330.0650604,-54330.0650153,-1087.85353692,-1087.85277291,904.920573289,904.920578188,1109005.44012,1109213.48837,188.799720226,188.83510734,2.72848410532e-12
0.00018,99465.9951795,99465.995834,1989.88016117,1989.8815687,1092.90195162,1092.90195176,-44910.5359258,-44910.5356446,-897.537259763,-897.536627834,-1989.31991668,-1989.31990359,-54645.0975879,-54645.097581,-1094.15363268,-1094.15286349,898.210712893,898.210718515,1108758.5059,1108966.54122,199.888539956,199.926007488,2.72848410532e-12
0.00019,99444.1214871,99444.122112,1989.43767966,1989.43908628,1099.18706975,1099.18707038,-44574.404664,-44574.4043467,-890.809985524,-890.809357588,-1988.88244224,-1988.88242974,-54959.3535188,-54959.3534875,-1100.43817809,-1100.43740373,891.488086934,891.48809328,1108501.76908,1108709.79149,210.974841331,211.014389151,2.72848410532e-12
0.0002,99420.8344736,99420.8350689,1988.96692383,1988.96832952,1105.45656586,1105.45656725,-44237.6399013,-44237.6395478,-884.070050904,-884.069426971,-1988.41670138,-1988.41668947,-55272.8283626,-55272.828293,-1106.70708384,-1106.70630433,884.752790956,884.752798026,1108235.24423,1108443.25376,222.058526398,222.100154378,2.72848410532e-12
0.00021,99396.13447,99396.1350357,1988.46790039,1988.46930513,1111.71035099,1111.71035314,-43900.2464238,-43900.2460341,-877.317551692,-877.316931769,-1987.92270071,-1987.9226894,-55585.5176572,-55585.5175493,-1112.96026083,-1112.95947618,878.004920682,878.004928476,1107958.94651,1108166.9432,233.139497351,233.183205362,2.72848410532e-12
0.00022,99370.0218273,99370.0223634,1987.94061641,1987.94202018,1117.94833625,1117.94833917,-43562.2290266,-43562.2286008,-870.552583855,-870.551967953,-1987.40044727,-1987.40043655,-55897.4169585,-55897.4168124,-1119.19762019,-1119.19683041,871.244572015,871.244580532,1107672.89162,1107880.87551,244.217656542,244.263444456,2.72848410532e-12
0.00023,99342.4969166,99342.4974231,1987.3850794,1987.38648217,1124.17043299,1124.17043667,-43223.5925137,-43223.5920517,-863.775243539,-863.774631665,-1986.84994846,-1986.84993833,-56208.5218337,-56208.5216495,-1125.41907327,-1125.41827837,864.471841034,864.471850275,1107377.09584,1107585.06694,255.292906479,255.340774168,2.72848410532e-12
0.00024,99313.5601291,99313.560606,1986.80129724,1986.80269901,1130.37655278,1130.37655723,-42884.3416979,-42884.3411997,-856.985627065,-856.985019229,-1986.27121212,-1986.27120258,-56518.8278615,-56518.827639,-1131.62453166,-1131.62373165,857.686823995,857.686833959,1107071.57598,1107279.53433,266.365149838,266.415097175,2.72848410532e-12
0.00025,99283.2118762,99283.2123234,1986.18927825,1986.19067898,1136.56660742,1136.56661263,-42544.4814007,-42544.4808664,-850.183830928,-850.183227138,-1985.66424647,-1985.66423752,-56828.3306316,-56828.3303709,-1137.81390716,-1137.81310206,850.889617327,850.889628014,1106756.34939,1106964.29503,277.434289465,277.486316321,2.72848410532e-12
0.00026,99251.452589,99251.4530066,1985.5490311,1985.55043078,1142.74050893,1142.74051491,-42204.0164522,-42204.0158818,-843.369951798,-843.369352062,-1985.02906013,-1985.02905178,-57137.0257453,-57137.0254464,-1143.98711181,-1143.98630162,844.080317635,844.080329045,1106431.43401,1106639.36697,288.500228382,288.554334631,2.72848410532e-12
0.00027,99218.282719,99218.2831069,1984.88056491,1984.88196352,1148.89816957,1148.89817631,-41862.9516913,-41862.9510846,-836.544086513,-836.54349084,-1984.36566214,-1984.36565438,-57444.9088155,-57444.9084783,-1150.14405786,-1150.1432426,837.259021693,837.259033826,1106096.84831,1106304.76862,299.562869794,299.619055309,2.72848410532e-12
0.00028,99183.7027376,99183.7030958,1984.18388917,1984.18528669,1155.03950182,1155.03950933,-41521.2919651,-41521.2913223,-829.706332085,-829.705740484,-1983.67406192,-1983.67405475,-57751.9754663,-57751.975091,-1156.28465783,-1156.2838375,830.425826447,830.425839302,1105752.6113,1105960.519,310.622117092,310.680381747,2.72848410532e-12
0.00029,99147.7131362,99147.7134648,1983.45901379,1983.4604102,1161.1644184,1161.16442667,-41179.0421295,-41179.0414506,-822.856785694,-822.856198172,-1982.9542693,-1982.95426272,-58058.2213337,-58058.2209202,-1162.40882442,-1162.40799905,823.580829012,823.580842589,1105398.74256,1105606.63768,321.677873861,321.738217531,2.72848410532e-12
0.0003,99110.3144263,99110.3147253,1982.70594906,1982.70734434,1167.27283227,1167.27284131,-40836.2070485,-40836.2063335,-815.995544686,-815.994961253,-1982.20629451,-1982.20628853,-58363.6420653,-58363.6416136,-1168.51647062,-1168.51564021,816.72412667,816.72414097,1105035.2622,1105243.14477,332.730043885,332.792466443,2.72848410532e-12
0.00031,99071.5071395,99071.5074088,1981.9247057,1981.92609983,1173.36465661,1173.36466641,-40492.7915946,-40492.7908435,-809.122706575,-809.122127239,-1981.43014818,-1981.43014279,-58668.2333203,-58668.2328304,-1174.60750961,-1174.60667417,809.85581687,809.855831892,1104662.19088,1104870.06096,343.77853115,343.843032472,2.72848410532e-12
0.00032,99031.2918273,99031.2920669,1981.11529479,1981.11668775,1179.43980484,1179.4398154,-40148.8006486,-40148.7998614,-802.23836904,-802.237793808,-1980.62584134,-1980.62583655,-58971.9907699,-58971.9902418,-1180.68185483,-1180.68101437,802.975997227,802.976012971,1104279.54982,1104487.40743,354.823239854,354.889819813,2.72848410532e-12
0.00033,98989.6690612,98989.6692712,1980.27772786,1980.27911963,1185.49819061,1185.49820194,-39804.2390992,-39804.2382759,-795.342629922,-795.342058803,-1979.79338542,-1979.79338122,-59274.910097,-59274.9095307,-1186.73941995,-1186.73857449,796.084765518,796.084781983,1103887.36076,1104095.20595,365.864074407,365.93273288,2.72848410532e-12
0.00034,98946.6394328,98946.6396131,1979.41201679,1979.41340735,1191.53972784,1191.53973993,-39459.1118434,-39459.1109841,-788.435587224,-788.435020227,-1978.93279226,-1978.93278866,-59576.9869964,-59576.9863919,-1192.78011887,-1192.77926842,789.182219681,789.182236868,1103485.64601,1103693.47881,376.900939441,376.971676304,2.72848410532e-12
0.00035,98902.2035537,98902.2037043,1978.5181739,1978.51956323,1197.56433065,1197.5643435,-39113.4237863,-39113.4228909,-781.517339112,-781.516776244,-1978.04407409,-1978.04407107,-59878.2171749,-59878.2165323,-1198.80386574,-1198.80301031,782.268457819,782.268475727,1103074.42839,1103282.24885,387.933739813,388.006554942,2.72848410532e-12
0.00036,98856.3620553,98856.3621762,1977.59621188,1977.59759996,1203.57191341,1203.57192703,-38767.179841,-38767.1789095,-774.587983908,-774.587425177,-1977.12724352,-1977.12724111,-60178.5963514,-60178.5956706,-1204.81057496,-1204.80971457,775.34357819,775.343596819,1102653.73129,1102861.53944,398.962380611,399.037273884,2.72848410532e-12
0.00037,98809.1155892,98809.1156804,1976.64614385,1976.64753066,1209.56239076,1209.56240514,-38420.3849281,-38420.3839606,-767.647620094,-767.647065509,-1976.18231361,-1976.18231178,-60478.1202569,-60478.119538,-1210.80016116,-1210.79929581,768.407679213,768.407698562,1102223.57862,1102431.37451,409.986767161,410.063738454,2.72848410532e-12
0.00038,98760.4648268,98760.4648884,1975.6679833,1975.66936882,1215.53567755,1215.53569269,-38073.0439766,-38073.0429731,-760.696346309,-760.695795876,-1975.20929777,-1975.20929654,-60776.7846344,-60776.7838773,-1216.7725392,-1216.77166891,761.460859462,761.460879532,1101783.99484,1101991.77851,421.006805028,421.085854219,2.72848410532e-12
0.00039,98710.4104597,98710.4104915,1974.66174413,1974.66312834,1221.49168888,1221.49170478,-37725.1619228,-37725.1608833,-753.734261345,-753.733715073,-1974.20820983,-1974.20820919,-61074.5852392,-61074.5844441,-1222.72762422,-1222.72674899,754.503217666,754.503238456,1101335.00494,1101542.77643,432.022400027,432.103526993,2.72848410532e-12
0.0004,98658.9531991,98658.9532012,1973.62744065,1973.62882353,1227.43034012,1227.43035678,-37376.743711,-37376.7426355,-746.761464148,-746.760922045,-1973.17906402,-1973.17906398,-61371.517839,-61371.5170058,-1228.66533156,-1228.66445142,747.53485271,747.534874219,1100876.63443,1101084.39379,443.033458224,443.116662844,2.72848410532e-12
0.00041,98606.0937488,98606.0937764,1972.56508755,1972.56646909,1233.35154685,1233.35156427,-37027.7942929,-37027.7931814,-739.778053818,-739.777515891,-1972.12187553,-1972.12187498,-61667.5782137,-61667.5773424,-1234.58557685,-1234.58469181,740.555863628,740.555885858,1100408.90938,1100616.65665,454.039885943,454.125168097,2.72848410532e-12
0.00042,98551.8328856,98551.8329428,1971.47469994,1971.47608011,1239.25522492,1239.25524311,-36678.3186279,-36678.3174805,-732.784129605,-732.783595862,-1971.03665886,-1971.03665771,-61962.7621557,-61962.7612462,-1240.48827595,-1240.48738601,733.566349609,733.566372557,1099931.85638,1100139.5916,465.041589772,465.128949338,2.72848410532e-12
0.00043,98496.1713826,98496.1714695,1970.35629331,1970.35767209,1245.14129044,1245.14130939,-36328.3216828,-36328.3204994,-725.779790906,-725.779261355,-1969.92342939,-1969.92342765,-62257.0654696,-62257.064522,-1246.37334497,-1246.37245015,726.566409988,726.566433655,1099445.50255,1099653.22577,476.038476566,476.127913425,2.72848410532e-12
0.00044,98439.1100311,98439.1101477,1969.20988355,1969.21126093,1251.00965974,1251.00967946,-35977.8084318,-35977.8072125,-718.765137271,-718.764611919,-1968.78220295,-1968.78220062,-62550.4839728,-62550.4829872,-1252.24070026,-1252.23980057,719.55614425,719.556168636,1098949.87553,1099157.5868,487.030453457,487.121967488,2.72848410532e-12
0.00045,98380.6496419,98380.6497882,1968.03548697,1968.03686291,1256.86024943,1256.8602699,-35626.7838565,-35626.7826013,-711.740268392,-711.739747246,-1967.61299576,-1967.61299284,-62843.0134951,-62843.0124715,-1258.09025844,-1258.0893539,712.535652027,712.535677131,1098445.0035,1098652.70287,498.017427852,498.111018936,2.72848410532e-12
0.00046,98320.7910459,98320.7912218,1966.83312024,1966.83449474,1262.69297635,1262.69299758,-35275.2529458,-35275.2516547,-704.705284108,-704.704767177,-1966.41582444,-1966.41582092,-63134.6498792,-63134.6488175,-1263.92193637,-1263.92102699,705.505033095,705.505058916,1097930.91517,1098138.60268,508.999307445,509.094975464,2.72848410532e-12
0.00047,98259.5350938,98259.5352994,1965.60280046,1965.6041735,1268.50775761,1268.5077796,-34923.2206957,-34923.2193687,-697.660284403,-697.659771692,-1965.19070599,-1965.19070188,-63425.3889801,-63425.3878804,-1269.73565117,-1269.73473696,698.464387374,698.464413913,1097407.63975,1097615.31545,519.97600022,520.073745054,2.72848410532e-12
0.00048,98196.8826562,98196.8828915,1964.34454511,1964.34591666,1274.30451056,1274.30453332,-34570.6921092,-34570.6907464,-690.6053694,-690.604860918,-1963.93765783,-1963.93765312,-63715.2266658,-63715.2255282,-1275.53132022,-1275.53040119,691.413814929,691.413842185,1096875.207,1097082.87094,530.947414454,531.047235986,2.72848410532e-12
0.00049,98132.8346236,98132.8348886,1963.05837208,1963.05974213,1280.08315283,1280.08317634,-34217.6721968,-34217.6707981,-683.540639367,-683.540135121,-1962.65669777,-1962.65669247,-64004.1588172,-64004.1576415,-1281.30886115,-1281.30793732,684.353415963,684.353443935,1096333.64718,1096541.29941,541.913458724,542.015356838,2.95585778076e-12
0.0005,98067.3919062,98067.3922008,1961.74429965,1961.74566817,1285.84360228,1285.84362655,-33864.1659754,-33864.164541,-676.466194708,-676.465694705,-1961.34784402,-1961.34783812,-64292.1813277,-64292.1801141,-1287.06819184,-1287.06726322,677.28329082,677.283319508,1095782.99109,1095990.63166,552.874041916,552.978016493,2.95585778076e-12
0.00051,98000.555434,98000.5557583,1960.40234648,1960.40371346,1291.58577705,1291.58580208,-33510.1784693,-33510.1769991,-669.382135967,-669.381640214,-1960.01111517,-1960.01110868,-64579.2901041,-64579.2888526,-1292.80923044,-1292.80829704,670.203539982,670.203569387,1095223.27001,1095430.89897,563.829073221,563.935124147,2.95585778076e-12
0.00052,97932.3261571,97932.326511,1959.03253166,1959.03389708,1297.30959553,1297.30962132,-33155.7147094,-33155.7132034,-662.288563824,-662.288072328,-1958.64653022,-1958.64652314,-64865.4810658,-64865.4797763,-1298.53189536,-1298.5309572,663.114264068,663.114294188,1094654.51578,1094862.13319,574.77846215,574.886589307,2.95585778076e-12
0.00053,97862.705045,97862.7054286,1957.63487465,1957.63623849,1303.01497636,1303.01500291,-32800.7797334,-32800.7781917,-655.185579095,-655.185091863,-1957.25410857,-1957.2541009,-65150.7501455,-65150.7488181,-1304.23610527,-1304.23516236,656.015563833,656.015594668,1094076.76073,1094284.36663,585.722118533,585.832321806,2.95585778076e-12
0.00054,97791.6930872,97791.6935005,1956.20939532,1956.21075755,1308.70183847,1308.70186577,-32445.3785857,-32445.3770083,-648.073282728,-648.072799767,-1955.83387001,-1955.83386174,-65435.0932887,-65435.0919234,-1309.92177909,-1309.92083145,648.907540165,648.907571715,1093490.0377,1093697.63215,596.659952525,596.7722318,2.95585778076e-12
0.00055,97719.2912931,97719.291736,1954.75611392,1954.75747453,1314.37010103,1314.37012909,-32089.5163174,-32089.5147042,-640.951775806,-640.951297123,-1954.38583472,-1954.38582586,-65718.5064545,-65718.5050513,-1315.58883603,-1315.58788367,641.790294084,641.790326348,1092894.38005,1093101.9631,607.591874614,607.706229777,2.95585778076e-12
0.00056,97645.5006915,97645.501164,1953.27505111,1953.27641008,1320.01968348,1320.0197123,-31733.197986,-31733.1963371,-633.82115954,-633.820685142,-1952.91002328,-1952.91001383,-66000.9856148,-66000.9841738,-1321.23719554,-1321.23623847,634.663926743,634.66395972,1092289.82163,1092497.39334,618.517795622,618.634226559,2.95585778076e-12
0.00057,97570.3223312,97570.3228334,1951.76622793,1951.76758525,1325.65050552,1325.6505351,-31376.4286556,-31376.4269711,-626.681535272,-626.681065165,-1951.40645667,-1951.40644662,-66282.526755,-66282.5252761,-1326.86677735,-1326.86581558,627.528539422,627.528573113,1091676.39682,1091883.95724,629.437626714,629.556133312,2.95585778076e-12
0.00058,97493.7572806,97493.7578124,1950.22966584,1950.23102148,1331.26248714,1331.26251748,-31019.2133967,-31019.2116766,-619.533004473,-619.532538664,-1949.87515625,-1949.87514561,-66563.1258738,-66563.1243571,-1332.47750144,-1332.47653498,620.384233532,620.384267935,1091054.14049,1091261.68968,640.351279401,640.471861546,2.95585778076e-12
0.00059,97415.806628,97415.8071894,1948.66538667,1948.66674061,1336.85554858,1336.85557966,-30661.5572862,-30661.5555304,-612.375668738,-612.375207234,-1948.31614379,-1948.31613256,-66842.7789832,-66842.7774288,-1338.06928807,-1338.06831695,613.231110608,613.231145724,1090423.08801,1090630.62602,651.258665543,651.381323125,2.95585778076e-12
0.0006,97336.4714811,97336.4720721,1947.07341265,1947.07476487,1342.42961033,1342.42964218,-30303.465407,-30303.4636157,-605.209629789,-605.209172597,-1946.72944144,-1946.72942962,-67121.4821088,-67121.4805166,-1343.64205778,-1343.64108201,606.069272313,606.06930814,1089783.27526,1089990.80215,662.15969736,662.284430266,2.95585778076e-12
0.00061,97255.7529675,97255.7535881,1945.45376641,1945.45511689,1347.98459319,1347.98462579,-29944.9428485,-29944.9410216,-598.034989473,-598.034536598,-1945.11507176,-1945.11505935,-67399.2312895,-67399.2296596,-1349.19573136,-1349.19475095,598.898820433,598.898856971,1089134.73861,1089342.25444,673.054287429,673.181095549,2.95585778076e-12
0.00062,97173.6522343,97173.6528846,1943.80647096,1943.80781969,1353.52041821,1353.52045156,-29585.9947061,-29585.9928437,-590.851849755,-590.851401204,-1943.47305769,-1943.47304469,-67676.022578,-67676.0209103,-1354.73022989,-1354.72924484,591.719856874,591.719894123,1088477.51493,1088685.01976,683.942348697,684.07123192,2.95585778076e-12
0.00063,97090.1704485,97090.1711283,1942.13154972,1942.13289667,1359.0370067,1359.03704081,-29226.6260813,-29226.6241833,-583.660312724,-583.659868504,-1941.80342257,-1941.80340897,-67951.8520404,-67951.850335,-1360.24547469,-1360.24448504,584.532483666,584.532521625,1087811.64157,1088019.13546,694.823794479,694.954752696,2.95585778076e-12
0.00064,97005.3087965,97005.3095058,1940.42902649,1940.43037165,1364.53428027,1364.53431513,-28866.8420813,-28866.8401479,-576.460480589,-576.460040706,-1940.10619012,-1940.10617593,-68226.7157566,-68226.7140135,-1365.7413874,-1365.74039315,577.336802958,577.336841627,1087137.15641,1087344.63941,705.698538469,705.83157157,2.95585778076e-12
0.00065,96919.0684842,96919.0692232,1938.69892547,1938.70026881,1370.01216079,1370.0121964,-28506.6478197,-28506.6458508,-569.252455674,-569.252020134,-1938.38138446,-1938.38136968,-68500.6098201,-68500.6080394,-1371.21788991,-1371.21689107,570.132917016,570.132956394,1086454.09777,1086661.56995,716.56649474,716.701602617,2.95585778076e-12
0.00066,96831.4507375,96831.451506,1936.94127125,1936.94261276,1375.4705704,1375.47060677,-28146.0484155,-28146.0464112,-562.036340421,-562.035909231,-1936.62903012,-1936.62901475,-68773.5303384,-68773.52852,-1376.67490436,-1376.67390096,562.920928223,562.920968309,1085762.50449,1085969.96591,727.427577751,727.564760296,2.95585778076e-12
0.00067,96742.4568016,96742.4575996,1935.1560888,1935.15742846,1380.90943153,1380.90946865,-27785.0489936,-27785.0469539,-554.812237388,-554.811810554,-1934.84915199,-1934.84913603,-69045.4734325,-69045.4715766,-1382.11235323,-1382.11134526,555.700939078,555.700979872,1085062.41589,1085269.8666,738.281702353,738.420959459,2.95585778076e-12
0.00068,96652.0879412,96652.0887687,1933.3434035,1933.34474129,1386.32866688,1386.32870475,-27423.6546847,-27423.6526096,-547.580249246,-547.579826772,-1933.04177537,-1933.04175882,-69316.4352376,-69316.4333441,-1387.53015921,-1387.52914671,548.473052192,548.473093694,1084353.87176,1084561.31183,749.128783791,749.270115351,2.95585778076e-12
0.00069,96560.3454406,96560.3462977,1931.50324112,1931.50457702,1391.72819943,1391.72823806,-27061.8706249,-27061.8685145,-540.340478775,-540.34006067,-1931.20692595,-1931.20690881,-69586.4119028,-69586.4099717,-1392.92824532,-1392.92722829,541.23737029,541.237412499,1083636.91239,1083844.34188,759.968737712,760.11214362,2.95585778076e-12
0.0007,96467.2306039,96467.2314904,1929.63562779,1929.63696179,1397.10795245,1397.10799182,-26699.7019561,-26699.6998104,-533.093028871,-533.092615139,-1929.34462981,-1929.34461208,-69855.399591,-69855.3976224,-1398.30653484,-1398.3055133,533.993996208,533.994039122,1082911.57853,1083118.99751,770.801480167,770.946960317,2.95585778076e-12
0.00071,96372.7447542,96372.7456703,1927.74059008,1927.74192214,1402.46784947,1402.46788959,-26337.1538254,-26337.1516444,-525.838002534,-525.837593182,-1927.45491341,-1927.45489508,-70123.3944793,-70123.3924733,-1403.66495133,-1403.66392528,526.743032888,526.743076508,1082177.91141,1082385.31994,781.626927616,781.774481904,2.95585778076e-12
0.00072,96276.8892346,96276.8901801,1925.8181549,1925.81948502,1407.80781431,1407.80785518,-25974.2313855,-25974.2291692,-518.575502876,-518.575097909,-1925.5378036,-1925.53778469,-70390.392759,-70390.3907155,-1409.00341863,-1409.0023881,519.484583384,519.484627709,1081435.95275,1081643.3509,792.444996937,792.594625258,2.95585778076e-12
0.00073,96179.6654072,96179.6663822,1923.86834958,1923.86967774,1413.12777109,1413.12781271,-25610.9397942,-25610.9375427,-511.305633112,-511.305232535,-1923.59332764,-1923.59330814,-70656.3906354,-70656.3885545,-1414.32186087,-1414.32082587,512.218750854,512.218795884,1080685.74473,1080893.13255,803.255605425,803.407307675,2.95585778076e-12
0.00074,96081.0746539,96081.0756583,1921.89120184,1921.89252801,1418.4276442,1418.42768656,-25247.2842148,-25247.2819281,-504.028496563,-504.028100383,-1921.62151317,-1921.62149308,-70921.3843281,-70921.3822098,-1419.62020247,-1419.61916302,504.945638562,504.945684295,1079927.32999,1080134.70755,814.058670798,814.212446876,2.95585778076e-12
0.00075,24.3217539477,24.32495811,2107.94621772,2108.20508144,1574.10842922,1574.3518177,-33117.5432226,-33105.9914025,-554.144266978,-553.932987639,-2432.98231017,-2432.66182985,-78717.590885,-78705.4214609,-1467.21080748,-1466.98296054,662.119828049,662.350864451,175615907.168,175672880.27,1697.69265626,1697.8227088,2.95585778076e-12
0.00076,24.3901632148,24.3980506163,2644.68210691,2645.56058923,1518.21880325,1518.77257568,-31493.9279157,-31468.4210164,-704.67930918,-704.01435872,-2440.29302264,-2439.50412474,-75938.6287838,-75910.9401626,-1590.84790985,-1590.13123373,629.368420328,629.878558313,250242041.644,250374948.505,3826.98240032,3828.06185267,2.95585778076e-12
0.00077,30.9629679987,30.9788599757,3086.67532445,3088.09521208,1697.70261562,1698.82406887,-40995.8425582,-40943.583951,-819.260893472,-818.327745,-3098.50557477,-3096.91605923,-84941.2034434,-84885.130781,-1697.99556752,-1696.98607409,818.87167902,819.916851165,260122109.859,260439191.699,6378.80315783,6382.13255369,2.95585778076e-12
0.00078,35.7043080652,35.7264229831,3451.74326902,3453.97061442,1809.54940628,1810.90625853,-46536.1037641,-46473.9014947,-900.952007869,-899.645308154,-3573.35682677,-3571.14489268,-90545.3129267,-90477.4703142,-1785.01135597,-1783.58739297,929.478029894,930.722075283,273671944.08,274112673.16,9047.77342753,9054.89187798,3.18323145621e-12
0.00079,37.6568599851,37.6859510342,3955.42850474,3958.49629487,1813.83059395,1815.47671434,-46731.3925496,-46656.0431118,-996.791981943,-995.149161059,-3769.34882245,-3766.43913571,-90773.8357172,-90691.5296973,-1875.63175965,-1873.84025953,933.120862237,934.627850991,329144262.547,329708828.384,12061.8544607,12073.9993857,3.18323145621e-12
0.0008,44.0576192741,44.0991257226,4258.71267502,4262.47552751,1978.34998491,1980.48034954,-54402.3377009,-54304.1169933,-1037.148116,-1035.37410827,-4410.79455477,-4406.6430798,-99024.0174771,-98917.4992453,-1933.41037891,-1931.47661407,1086.08233987,1088.04675402,316025522.654,316838557.423,15287.7033867,15306.7363147,3.18323145621e-12
0.00081,46.2713126917,46.3169041901,4695.47370012,4700.41104112,1970.22204369,1972.40179164,-53685.4679807,-53586.3212139,-1110.29149973,-1108.12425747,-4632.61675709,-4628.05669543,-98620.089582,-98511.1021843,-2011.3889416,-2009.01489108,1071.72642428,1073.70935961,367771567.481,368662499.7,18706.6888374,18734.2416003,3.63797880709e-12
0.00082,50.1844543822,50.2440912044,5056.95932091,5062.70445943,2049.14680015,2051.64323227,-56884.1513504,-56769.6921638,-1138.20370348,-1135.90242218,-5025.41400226,-5019.44912731,-102582.161614,-102457.340007,-2051.53403506,-2049.02033338,1135.39384328,1137.68302701,382282343.319,383366128.554,22456.9583914,22494.3847416,4.54747350886e-12
0.00083,54.8736942132,54.9424919797,5391.11052447,5397.87589862,2122.62811565,2125.46512274,-60082.8259915,-59952.9139132,-1176.7276673,-1174.28727997,-5495.3480478,-5488.4668952,-106273.256137,-106131.405782,-2106.29170701,-2103.6227818,1199.05827826,1201.65651983,395511254.838,396819502.824,26345.9263821,26395.3128985,4.54747350886e-12
0.00084,56.6745858941,56.751348795,5785.30989639,5793.32791364,2102.83453007,2105.58379948,-58346.1769951,-58221.0346003,-1212.08521211,-1209.32708803,-5676.26990647,-5668.59208113,-105279.189974,-105141.726504,-2150.13457981,-2147.10962779,1164.42069201,1166.9235399,444729551.551,446078888.649,30547.1304141,30609.8048559,4.54747350886e-12
0.00085,61.7720662999,61.8646573535,6097.4331356,6106.28442189,2211.13460652,2214.29711671,-63108.9929228,-62964.0801332,-1221.26136421,-1218.51269325,-6187.7030285,-6178.44207132,-110714.855836,-110556.730326,-2176.53928059,-2173.53810821,1259.28160266,1262.17985846,440809196.804,442433535.215,34974.8241559,35052.3669752,4.54747350886e-12
0.00086,64.1844454527,64.2838979622,6449.71011568,6459.87304237,2188.05438365,2191.28637241,-61329.1089827,-61181.520528,-1253.14304497,-1250.19748598,-6429.67547418,-6419.72823418,-109564.31862,-109402.719182,-2221.20118314,-2217.97103135,1223.63041056,1226.58217965,487014382.043,488745211.227,39613.9420501,39708.2607074,4.54747350886e-12
0.00087,67.6582875209,67.7707486325,6791.89752696,6803.1982146,2238.70311041,2241.91883757,-63077.4730678,-62930.874582,-1260.54423889,-1257.42837282,-6778.43027822,-6767.18191784,-112095.941878,-111935.155521,-2240.78945603,-2237.37764835,1258.61749164,1261.54946136,504717639.621,506558566.741,44572.6021584,44684.7795972,4.54747350886e-12
0.00088,71.4909509078,71.6169871721,7098.51179454,7110.82345203,2276.87424225,2280.45806866,-64404.4441302,-64240.3365657,-1269.95978703,-1266.88704201,-7163.13105695,-7150.52490979,-114022.903433,-113843.712113,-2267.07367934,-2263.71462811,1284.80673131,1288.0888826,522978747.233,525067697.93,49711.0840927,49842.9109206,4.54747350886e-12
0.00089,73.8854069285,74.0192390049,7446.85238179,7460.56908763,2262.90581551,2266.36616214,-62964.9997005,-62807.1678959,-1287.83599109,-1284.54343646,-7403.40428527,-7390.01840099,-113318.308107,-113145.290775,-2295.54387393,-2291.93161032,1256.14335792,1259.29999401,564408640.219,566547379.921,55148.0210299,55300.9863098,4.54747350886e-12
0.0009,77.8425531128,77.9921891939,7749.44057154,7764.20079038,2323.94631362,2327.53799894,-65334.8729091,-65170.9035547,-1282.28058894,-1278.96864331,-7800.77876317,-7785.81216234,-116376.899947,-116197.315681,-2305.6452213,-2302.02387245,1303.41807109,1306.69745818,572573035.044,574890049.877,60832.9294063,61008.1734588,5.45696821064e-12
0.00091,80.6051841179,80.7652281719,8072.69643209,8088.6780815,2313.19116844,2316.97898682,-64187.5688384,-64014.2272612,-1295.79472787,-1292.46929567,-8078.13812175,-8062.13051547,-115848.949341,-115659.558422,-2332.13415127,-2328.49340254,1280.28454522,1283.75137677,609767398.462,612253998.574,66744.6315738,66943.8937011,5.45696821064e-12
0.00092,83.721697382,83.8928829337,8388.59033856,8405.90657916,2336.73532278,2340.36849703,-64603.8032927,-64438.1447606,-1295.04786846,-1291.56172624,-8390.96615102,-8373.84417215,-117018.424851,-116836.766139,-2344.13124009,-2340.31012917,1288.76289521,1292.07606585,632867483.137,635416807.206,72957.8059818,73182.24773,7.27595761418e-12
0.00093,87.1513205813,87.3375110661,8690.33409035,8708.71278839,2363.67439558,2367.52326834,-65369.9612183,-65194.0319091,-1293.72482316,-1290.29089898,-8735.49785683,-8716.87508454,-118376.163417,-118183.719779,-2357.40628509,-2353.65339971,1303.88063818,1307.39922437,652765797.282,655511505.4,79385.9723839,79636.889293,7.27595761418e-12
0.00094,89.774725575,89.9704358035,9006.9730749,9026.69490715,2353.730611,2357.58683036,-64168.380861,-63992.0435939,-1299.59688585,-1296.09394868,-8998.84298906,-8979.26805201,-117879.341518,-117686.53055,-2375.28950211,-2371.45058314,1279.84087188,1283.36761722,688308003.093,691160095.626,86091.3413858,86370.2472982,7.27595761418e-12
0.00095,93.2080368055,93.4174274651,9304.97928879,9325.92209863,2388.40778467,2392.20068585,-65244.2084106,-65071.1985072,-1292.52345553,-1288.94942858,-9343.61109505,-9322.66784129,-119610.034293,-119420.389234,-2382.06675891,-2378.15557426,1301.42397014,1304.88416821,704459344.602,707413585.481,93055.1781242,93363.1157037,7.27595761418e-12
0.00096,96.0293656289,96.2515982239,9610.02600287,9632.13068748,2385.96779948,2389.93964478,-64509.5251471,-64327.814324,-1293.91101048,-1290.38878206,-9627.08485435,-9604.8571502,-119496.982239,-119298.389974,-2396.43272202,-2392.58056587,1286.55628648,1290.19050294,735368852.694,738493547.472,100254.319111,100592.651368,7.27595761418e-12
0.00097,99.0267265925,99.2596331379,9911.66564529,9935.11020182,2397.56546577,2401.44874642,-64389.8710434,-64212.4385639,-1291.0485822,-1287.44279446,-9927.94850645,-9904.65319378,-120072.437321,-119878.273288,-2406.09583821,-2402.14562042,1284.24877128,1287.79742087,760535760.195,763745212.346,107733.842175,108103.845168,7.27595761418e-12
0.00098,102.168999712,102.416047331,10205.6860726,10230.2995444,2415.2065812,2419.1227279,-64668.8342715,-64490.0303489,-1285.00332552,-1281.39814053,-10243.6530541,-10218.9433512,-120956.136395,-120760.32906,-2413.6696595,-2409.72777093,1289.80060698,1293.37668543,782153847.333,785490071.768,115447.290213,115850.021588,7.27595761418e-12
0.00099,104.907397956,105.165890723,10507.0043487,10532.8604366,2411.66846875,2415.66823097,-63833.3134179,-63650.2642996,-1284.32345174,-1280.73597218,-10518.6923901,-10492.8379436,-120783.411548,-120583.423437,-2425.12557835,-2421.19961396,1273.00528599,1276.66626836,812715620.795,816189374.131,123421.637553,123858.418818,7.27595761418e-12
0.001,108.046173844,108.316835049,10797.152557,10824.290699,2430.5460309,2434.45611531,-64130.6426648,-63952.072851,-1276.93571676,-1273.28985975,-10833.8498416,-10806.7783078,-121722.805766,-121527.301545,-2430.99278597,-2427.0022818,1279.04145702,1282.6128533,833299375.629,836859272.78,131651.712536,132123.662052,7.27595761418e-12
0.00101,110.868397662,111.152311207,11092.1296596,11120.4426762,2432.66664332,2436.64968945,-63625.2565416,-63443.180687,-1273.09021152,-1269.47435014,-11117.4541669,-11089.0571341,-121832.484473,-121633.332166,-2439.71513844,-2435.76217681,1268.86361374,1272.50513083,860595990.314,864288425.572,140121.189365,140629.400544,9.09494701773e-12
0.00102,113.77592089,114.071179315,11383.2561594,11412.8377991,2439.57896558,2443.56300438,-63309.3499625,-63127.0673315,-1267.86883066,-1264.24454717,-11409.3993551,-11379.8676074,-122178.150219,-121978.948279,-2447.01710222,-2443.05052459,1262.54134663,1266.18699925,885665740.165,889471817.261,148852.498018,149398.201758,9.09494701773e-12
0.00103,116.756625572,117.064678552,11670.7524543,11701.563646,2450.88717464,2454.82425642,-63264.5868804,-63084.7497298,-1260.84709002,-1257.19866666,-11708.8091488,-11677.9976897,-122741.212821,-122544.358732,-2452.95488621,-2448.96498894,1261.6949946,1265.29173761,908411049.794,912310992.603,157822.881967,158407.115807,9.09494701773e-12
0.00104,119.513753309,119.83414878,11961.5719787,11993.5824218,2451.35356935,2455.35075262,-62650.3533989,-62467.4703053,-1256.08064365,-1252.46312222,-11985.811561,-11953.7656059,-122767.537631,-122567.678467,-2460.39777244,-2456.4422241,1249.34940611,1253.00706798,935585852.298,939613438.412,167042.866478,167666.737962,9.09494701773e-12
0.00105,122.486510341,122.818679708,12245.5772114,12278.840385,2462.50356846,2466.46325136,-62577.3576336,-62396.263308,-1248.63784395,-1245.00331403,-12284.3243444,-12251.1007643,-123323.162568,-123125.178423,-2465.75558921,-2461.77965635,1247.92526616,1251.54715267,957860258.933,961987131.571,176510.097034,177174.740812,9.09494701773e-12
0.00106,125.279026938,125.623832574,12531.9957405,12566.4631166,2465.79803002,2469.74910561,-62128.0057749,-61947.4038195,-1242.41368547,-1238.78099261,-12564.895734,-12530.4082744,-123487.455281,-123289.901501,-2471.95447225,-2467.98339953,1238.94807639,1242.5601155,983209846.729,987437853.873,186215.447562,186921.86574,9.09494701773e-12
0.00107,128.114490396,128.471236142,12815.9829305,12851.6596982,2471.29135077,2475.27012374,-61766.2173795,-61584.1080339,-1235.64611362,-1232.03401995,-12849.6930389,-12814.0113294,-123763.506187,-123564.567539,-2477.53960489,-2473.59005232,1231.68216068,1235.32434759,1007403213.53,1011749420.38,196168.512864,196917.802111,9.09494701773e-12
0.00108,130.987534752,131.356313964,13097.0442037,13133.9481421,2478.74963855,2482.6870476,-61527.7253052,-61347.6756181,-1228.10827815,-1224.48370522,-13138.2585226,-13101.3732259,-124134.35238,-123937.481928,-2482.65493828,-2478.69203632,1226.95351236,1230.5545061,1030400501.45,1034838716.05,206357.531439,207150.742793,9.09494701773e-12
0.00109,133.730331779,134.111372311,13380.043034,13418.1392267,2481.04287479,2484.98935183,-61017.4455118,-60836.9089153,-1221.45825798,-1217.84828248,-13413.8194585,-13375.7077846,-124249.467592,-124052.14374,-2488.16143305,-2484.21593479,1216.73817831,1220.34891024,1055451917.91,1059996060.57,216786.793535,217624.916676,9.09494701773e-12
0.0011,136.588134796,136.981034466,13658.4907339,13697.7916745,2488.56155985,2492.5078902,-60773.8574839,-60593.2295798,-1213.52975344,-1209.93104765,-13700.8430673,-13661.5452423,-124625.39451,-124428.077992,-2492.75673291,-2488.82280457,1211.8645916,1215.47714968,1077939873.69,1082590889.49,227453.752493,228337.851426,9.09494701773e-12
0.00111,139.345019277,139.749908483,13937.8280555,13978.3336833,2491.94269315,2495.85866952,-60331.1902316,-60152.0737064,-1206.31519852,-1202.71257996,-13977.7858465,-13937.2888281,-124792.933476,-124597.134657,-2497.83689788,-2493.89965952,1203.04147413,1206.62380463,1101973852.34,1106715479.08,238353.321123,239284.383269,9.09494701773e-12
0.00112,142.115296771,142.532193302,14215.6173263,14257.304888,2496.67740577,2500.60336359,-59945.1414416,-59765.4391414,-1198.57393844,-1194.98974906,-14256.0699741,-14214.3719831,-125030.16818,-124833.870289,-2502.32532707,-2498.40870633,1195.30878283,1198.90282883,1125219195.65,1130067155.25,249489.286363,250468.296441,9.09494701773e-12
0.00113,144.90785696,145.336534669,14491.0723612,14533.953339,2502.20249711,2506.11286781,-59613.522542,-59434.5422742,-1190.61992223,-1187.04142288,-14536.5601976,-14493.6838531,-125305.64339,-125110.124855,-2506.77988543,-2502.8694494,1188.69084548,1192.27045084,1147815846.1,1152760636.67,260854.461572,261882.435401,9.09494701773e-12
0.00114,147.62076584,148.061289759,14767.26484,14811.33102,2505.02141063,2508.91343278,-59138.085674,-58959.9783418,-1183.04154017,-1179.46740028,-14809.0902017,-14765.0289993,-125445.671639,-125251.070531,-2511.32029166,-2507.41534542,1179.19956684,1182.76171348,1171404313.51,1176441560.9,272450.56237,273528.446388,9.09494701773e-12
0.00115,150.391988842,150.844353823,15040.6071189,15085.8435839,2510.71757964,2514.61302227,-58811.3536663,-58632.9894148,-1174.7129397,-1171.15600175,-15087.4522694,-15042.2067239,-125730.651114,-125535.878982,-2515.28643448,-2511.40064058,1172.6597883,1176.22707333,1193488180.82,1198627636.16,284275.024842,285403.792374,9.09494701773e-12
0.00116,153.10696664,153.570965792,15313.7504074,15360.1671624,2513.99305829,2517.86762319,-58367.9158639,-58190.5485426,-1166.86438357,-1163.31144727,-15360.1679985,-15313.7588033,-125893.381159,-125699.652915,-2519.62867185,-2515.74743597,1163.81097085,1167.35831728,1216369230.79,1221599243.07,296324.3119,297504.92677,9.09494701773e-12
0.00117,155.820232873,156.295962426,15585.8384766,15633.4211196,2518.08157403,2521.94578809,-57959.041252,-57782.1195959,-1158.64096929,-1155.09825828,-15632.7221619,-15585.1396919,-126097.289404,-125904.078701,-2523.51944255,-2519.6499698,1155.64239192,1159.18082504,1238714294.29,1244038264.1,308599.729525,309833.114306,9.09494701773e-12
0.00118,158.544422229,159.031806148,15856.0768585,15904.8189685,2522.59473246,2526.45456904,-57580.9703915,-57404.1993336,-1150.28187103,-1146.75323592,-15906.3612509,-15857.6131113,-126322.728452,-126129.736623,-2527.37975766,-2523.52602997,1148.08398667,1151.61940783,1260596077.25,1266015911.62,321096.281383,322383.385184,9.09494701773e-12
0.00119,161.220095555,161.718972811,16126.2533517,16176.1599831,2525.50031892,2529.33989943,-57117.8140421,-56941.9956654,-1142.18611976,-1138.66249895,-16175.1316606,-16125.2339574,-126466.994972,-126275.015946,-2531.33498625,-2527.48693873,1138.83991331,1142.35628084,1282976533.23,1288484284.32,333814.144435,335155.886164,9.09494701773e-12
0.0012,163.921249238,164.431743133,16394.5398449,16445.5945522,2530.06140788,2533.89416402,-56740.4368177,-56564.8859831,-1133.58318128,-1130.07284031,-16446.4629482,-16395.4033488,-126694.708201,-126503.070394,-2534.85712234,-2531.02420574,1131.29771966,1134.80873635,1304414213.42,1310014992.89,346751.098169,348148.38255,9.09494701773e-12
0.00121,166.59023805,167.112171674,16662.1545186,16714.3580856,2533.24428446,2537.06656427,-56297.7533574,-56122.6632994,-1125.2724205,-1121.77305297,-16714.5594109,-16662.3556097,-126853.328213,-126662.214223,-2538.61760068,-2534.79693296,1122.45326599,1125.95506715,1326198485.3,1331889319.23,359904.161662,361357.904111,1.09139364213e-11
0.00122,169.251397264,169.784729521,16928.808429,16982.1582321,2536.78399514,2540.58910434,-55869.3065995,-55695.0047395,-1116.75679203,-1113.26487781,-16981.8686466,-16928.5247544,-127029.455217,-126839.199757,-2542.11459739,-2538.30236522,1113.90009479,1117.38613199,1347637235.54,1353414907.4,373273.340266,374784.425244,1.09139364213e-11
0.00123,171.915057066,172.459840371,17194.0286356,17248.511702,2540.64553561,2544.44404944,-55463.1117151,-55289.072635,-1108.10328284,-1104.6251435,-17249.4332339,-17194.9440077,-127222.202472,-127032.27678,-2545.51787185,-2541.7213021,1105.7814527,1109.2622343,1368689039.73,1374556711.04,386854.971643,388424.283336,1.09139364213e-11
0.00124,174.548396357,175.10443596,17458.70799,17514.3274072,2543.51102216,2547.2955122,-55005.2157894,-54831.8097619,-1099.62851393,-1096.15953325,-17513.9456847,-17458.3306036,-127364.77561,-127175.551108,-2549.00629265,-2545.21986399,1096.63619524,1100.10431579,1389955220.6,1395908788.56,400648.192944,402276.610834,1.45519152284e-11
0.00125,699245.549043,701392.085569,16351.9338435,16402.5737847,1448.20897415,1453.57042162,5394.48226961,5667.02103054,-672.673118859,-669.471373008,-14027.8417114,-13984.9109809,-72678.5210808,-72410.4487077,-2243.95164995,-2240.88757023,-113.340420611,-107.889645392,-8291631956.44,-8236457308.45,366415.682505,367797.994994,1.45519152284e-11
0.00126,706883.333102,708929.804198,12672.9044623,12708.2573661,1885.13342114,1886.68338191,-2616.49630383,-2483.83025027,490.794350383,494.120999291,-14178.596084,-14137.666662,-94334.1690957,-94256.6710571,-1381.13240308,-1379.07010526,49.6766050055,52.3299260765,-8985783644.18,-8931095337.51,280577.919275,281410.916991,1.45519152284e-11
0.00127,527441.730279,528741.312326,10002.4298145,10027.4576639,901.388682324,902.005941849,54266.6342588,54381.5642104,1294.37330556,1298.2059135,-10574.8262465,-10548.8346056,-45100.2970925,-45069.4341162,-710.298776222,-708.173981675,-1087.63128421,-1085.33268518,-4747269730.29,-4721648796.14,212314.198607,212745.650119,1.45519152284e-11
0.00128,399083.523411,399905.119857,8802.51258451,8821.56538273,197.178193492,198.85619806,89958.2054776,90130.0826963,1591.99421931,1594.54907652,-7998.10239715,-7981.67046822,-9942.80990298,-9858.90967459,-385.250212653,-384.378522975,-1802.60165393,-1799.16410955,-2555547544.5,-2543436354.09,175988.772856,176231.563745,1.45519152284e-11
0.00129,399725.332615,400519.244791,6886.92144665,6897.94344915,439.589097211,439.801524874,78416.4950044,78493.4464506,1923.65257702,1925.28375562,-8010.38489583,-7994.50665231,-21990.0762437,-21979.4548606,-105.938219211,-105.710514621,-1569.86892901,-1568.32990009,-2729600031.8,-2717630321.07,149683.43948,149805.825864,1.45519152284e-11
0.0013,294147.484107,294442.345402,6350.52945677,6359.88083387,-124.183530403,-122.968911669,104285.907058,104302.79275,1899.90171627,1901.14321341,-5888.84690804,-5882.94968214,6148.44558346,6209.17652016,-51.1074957312,-50.9043661889,-2086.055855,-2085.71814115,-1393172775.99,-1390484428.61,129142.865732,129191.961825,1.45519152284e-11
0.00131,277353.520185,277667.483031,5431.25556028,5435.55483568,59.4038898076,60.4861309232,94056.0787076,94074.4315786,2007.05206896,2007.37994188,-5553.34966063,-5547.0704037,-3024.30654616,-2970.19449038,75.8653313598,77.6251307835,-1881.48863157,-1881.12157415,-1252987203.54,-1249955787.24,115940.664652,115961.161927,1.45519152284e-11
0.00132,259387.039475,259543.062809,4850.86389656,4853.21728952,27.6820935536,29.8455909717,92653.2624871,92704.9123134,1882.82744809,1883.97243089,-5190.86125617,-5187.74078951,-1492.27954858,-1384.10467768,-16.5487571433,-14.1986301287,-1854.09824627,-1853.06524974,-1096009340.44,-1094985462.7,104215.958403,104216.179207,1.45519152284e-11
0.00133,207735.232593,207778.025717,4519.55126757,4520.81726149,-71.9614770567,-68.5885074765,96952.136738,97067.02273,1838.74512268,1840.08231988,-4155.56051434,-4154.70465186,3429.42537383,3598.07385283,-10.5048794686,-8.2634706018,-1941.3404546,-1939.04273476,-659189474.765,-658058787.101,95445.0837154,95445.8385694,1.45519152284e-11
0.00134,220785.897528,220835.527299,4073.09757516,4074.68484324,221.477646486,224.173429338,80059.5056354,80154.4910535,1762.00360457,1764.98056167,-4416.71054599,-4415.71795055,-11208.6714669,-11073.8823243,-73.4864041604,-69.5951603801,-1603.08982107,-1601.19011271,-746595647.248,-746589771.091,88416.1581053,88422.5957784,1.45519152284e-11
0.00135,184335.470637,184485.243556,3828.70266632,3830.28883745,51.0169177875,54.9914828738,87787.8208136,87951.2247453,1612.85904946,1615.75715157,-3689.70487112,-3686.70941273,-2749.57414369,-2550.84588937,-196.398554164,-192.865617944,-1759.02449491,-1755.75641627,-486860839.577,-485033715.304,82248.8756712,82264.4783464,1.45519152284e-11
0.00136,182457.779311,182588.696108,3617.30408727,3619.91852451,318.55786875,323.136929139,73656.0354224,73856.0645649,1562.48627451,1565.86778013,-3651.77392217,-3649.15558622,-16156.8464569,-15927.8934375,-225.986755751,-222.080061228,-1477.1212913,-1473.12070845,-448090513.784,-446579442.444,77574.1189044,77606.4125577,1.45519152284e-11
0.00137,172424.605607,172563.649461,3379.93060583,3383.90372341,323.241401229,326.837646792,72441.7559077,72600.3189797,1436.24835492,1440.66153763,-3451.27298923,-3448.49211215,-16341.8823396,-16162.0700614,-350.158559712,-345.228921135,-1452.00637959,-1448.83511815,-383205806.833,-381820551.295,73417.6373013,73464.412589,1.45519152284e-11
0.00138,159448.918182,159682.814574,3253.64464582,3257.03555926,391.297164861,396.660779061,69116.8946116,69365.060608,1333.58234777,1337.49245612,-3193.65629147,-3188.97836365,-19833.038953,-19564.8582431,-437.430740961,-433.233174231,-1387.30121216,-1382.33789223,-294249402.938,-292210613.052,70030.3612525,70094.2567673,1.45519152284e-11
0.00139,157750.714043,157940.822779,3095.95921634,3100.4138026,558.69019662,563.306379934,60210.1522127,60427.4622451,1276.12801896,1280.74918913,-3158.81645558,-3155.01428086,-28165.3189967,-27934.509831,-496.355398427,-491.42171062,-1208.5492449,-1204.20304425,-276482462.026,-274975301.544,67176.7019276,67258.3271943,1.45519152284e-11
0.0014,147625.253055,147844.83121,2975.95458673,2980.65633306,548.425318214,552.966206042,60796.2994274,61011.6878929,1155.45606392,1160.35929291,-2956.89662421,-2952.5050611,-27648.3103021,-27421.2659107,-614.916480926,-609.769651248,-1220.23375786,-1215.92598855,-215723203.979,-214112415.379,64715.6735976,64812.8886097,1.45519152284e-11
0.00141,144230.502672,144486.480833,2867.5546098,2871.83409795,689.461127806,695.096318763,53906.4327328,54178.5564218,1101.88412569,1106.34302733,-2889.72961667,-2884.61005343,-34754.8159382,-34473.0563903,-669.823294605,-665.23976745,-1083.57112844,-1078.12865466,-193689701.023,-191987147.987,62668.6090726,62782.3907928,1.45519152284e-11
0.00142,138772.184489,138988.134816,2778.8704642,2783.95161279,748.420972057,752.913678322,50892.30818,51111.1404805,1026.25738797,1031.38044704,-2779.76269632,-2775.44368978,-37645.6839161,-37421.0486028,-749.383113246,-744.086043995,-1022.22280961,-1017.8461636,-161079205.177,-159751597.786,60894.7645416,61023.697064,1.45519152284e-11
0.00143,134267.368478,134514.952186,2680.03397949,2684.80058387,798.090187203,803.178677232,48915.7173163,49164.0540291,950.34408091,955.206897841,-2690.29904372,-2685.34736957,-40158.9338616,-39904.5093602,-830.428543067,-825.478046062,-983.281080582,-978.314346326,-138073681.989,-136647105.684,59399.0001058,59541.7035466,1.45519152284e-11
0.00144,131022.026756,131272.603577,2614.48558845,2619.0983832,898.406549563,903.650177245,43991.0827664,44249.9161794,904.252633987,908.947967002,-2625.45207153,-2620.44053511,-45182.5088622,-44920.3274782,-881.962749473,-877.216948763,-884.998323589,-879.821655329,-121361780.418,-120051464.623,58101.8227937,58258.2106951,1.45519152284e-11
0.00145,126543.851003,126765.051725,2539.50498569,2544.57386844,933.790562936,938.237218063,42674.0194986,42893.8780512,841.470328722,846.539411281,-2535.3010345,-2530.87702005,-46911.8609032,-46689.5281468,-952.26906688,-947.116967975,-857.877561024,-853.480389972,-99365121.7689,-98277133.2765,56998.1882828,57166.5677056,1.45519152284e-11
0.00146,124385.813821,124634.851609,2471.48821817,2476.02903253,1000.80280642,1005.89288482,39714.7588825,39967.0773002,790.547704612,795.167658536,-2492.69703217,-2487.71627643,-50294.6442411,-50040.1403211,-1010.7513405,-1006.12482279,-799.341546003,-794.29517765,-91088940.2279,-89949912.9042,56045.9179728,56225.4324747,1.45519152284e-11
0.00147,120525.281346,120756.365209,2420.95675617,2425.57750272,1059.76054997,1064.45394852,37100.6944585,37334.9244075,752.036794691,756.689825879,-2415.12730418,-2410.50562692,-53222.6974259,-52988.0274983,-1057.37491079,-1052.70444554,-746.698488151,-742.01388917,-74373279.6647,-73403658.9977,55218.6068734,55408.6646152,1.45519152284e-11
0.00148,118316.921705,118533.871187,2360.4061738,2365.11219474,1099.91321687,1104.26515899,35637.2904438,35854.3135079,703.396030455,708.110050603,-2370.67742374,-2366.3384341,-55213.2579493,-54995.6608434,-1114.73699527,-1110.00143928,-717.086270157,-712.745808876,-66154604.7322,-65293646.5125,54515.9674514,54715.1780876,1.45519152284e-11
0.00149,115848.7751,116082.824244,2311.61401469,2315.84870961,1153.40549806,1158.13514142,33334.9145129,33571.5027648,669.380620287,673.684094773,-2321.65648488,-2316.97550199,-57906.7570708,-57670.274903,-1158.13458125,-1153.85901266,-671.430055297,-666.698290259,-57942827.7493,-57083858.0855,53895.480289,54103.2905646,1.45519152284e-11
0.0015,113103.740901,113311.342746,2270.0754191,2274.46583676,1196.53575981,1200.71583663,31685.0698271,31894.8913553,636.304480392,640.703454965,-2266.22685492,-2262.07481801,-60035.7918315,-59826.7879903,-1199.83784717,-1195.44008762,-637.897827106,-633.701396541,-48057664.0909,-47351189.8938,53365.4778298,53581.1153247,1.45519152284e-11
0.00151,111542.721747,111749.783009,2220.84258038,2225.0543984,1233.50399636,1237.63985963,30333.1345895,30540.5604464,602.18391144,606.423887267,-2234.99566019,-2230.85443494,-61881.9929813,-61675.1998179,-1244.2110783,-1239.98757973,-610.811208929,-606.662691789,-44203557.5165,-43536423.0619,52904.1717217,53126.6772599,1.45519152284e-11
0.00152,109139.45084,109348.837745,2186.23866401,2190.14465821,1274.82081588,1279.03424945,28712.7689592,28924.6737137,576.938920845,580.896045756,-2186.97675491,-2182.78901679,-63951.7124725,-63741.0407942,-1278.72074885,-1274.80176545,-578.493474273,-574.255379183,-36819676.8711,-36197552.9527,52499.0555498,52728.0073799,1.45519152284e-11
0.00153,107411.038313,107597.503951,2148.20852693,2152.21463339,1309.5050201,1313.2391734,27528.6263974,27716.7226617,551.369602632,555.380928062,-2151.95007902,-2148.22076627,-65661.95867,-65475.251005,-1314.13890887,-1310.14223986,-554.334453235,-550.572527947,-32510565.3364,-31991456.6812,52152.4043388,52387.0623317,1.45519152284e-11
0.00154,105855.863518,106047.081684,2111.93975767,2115.65231744,1340.15247393,1343.96279878,26464.6530286,26656.4928536,526.913128717,530.666430062,-2120.94163369,-2117.11727036,-67198.139939,-67007.6236964,-1348.8576799,-1345.14087824,-533.129857072,-529.293060572,-28876927.4118,-28373938.254,51845.466875,52085.235357,1.45519152284e-11
0.00155,103971.263154,104153.833076,2083.01306478,2086.57232327,1373.87738575,1377.54720715,25298.4529933,25483.645631,508.732482918,512.324948354,-2083.07666151,-2079.42526308,-68877.3603575,-68693.8692877,-1376.70955932,-1373.15497349,-509.672912621,-505.969059865,-24313068.1253,-23870511.6937,51579.5168973,51824.0131073,1.45519152284e-11
0.00156,102701.98171,102869.908265,2051.08088263,2054.63193072,1401.05484888,1404.39901397,24461.4709174,24630.3188254,488.970291728,492.533776815,-2057.39816531,-2054.0396342,-70219.9506986,-70052.7424438,-1406.77387658,-1403.23552379,-492.606376508,-489.229418348,-22013059.1968,-21627171.1691,51347.8862607,51596.524693,1.45519152284e-11
0.00157,101218.176942,101389.274107,2023.08572947,2026.34614571,1427.12899298,1430.54285667,23654.0953248,23826.4312618,472.362656506,475.664873635,-2027.78548214,-2024.36353885,-71527.1428334,-71356.4496491,-1433.62593382,-1430.36740776,-476.528625236,-473.081906496,-18910323.4442,-18541599.5673,51143.2693475,51395.6808393,1.45519152284e-11
0.00158,99845.4823034,100003.507036,1998.29152576,2001.48597326,1454.52162018,1457.68929512,22818.6173231,22978.8432582,458.790864152,462.006717142,-2000.07014072,-1996.90964607,-72884.4647559,-72726.081009,-1457.1541854,-1453.97305834,-459.576865163,-456.372346462,-16526557.3541,-16210775.7243,50966.0849435,51221.9189628,1.45519152284e-11
0.00159,98724.8104754,98875.3347733,1971.86531746,1974.95708066,1475.9110453,1478.90051938,22260.3130686,22411.4840469,444.485195985,447.597894232,-1977.50669547,-1974.49620951,-73945.0259688,-73795.5522649,-1481.98765798,-1478.90733384,-448.229680939,-445.206261372,-14722615.4426,-14435537.1367,50809.8390795,51068.6873985,1.45519152284e-11
0.0016,97473.8855061,97623.4536365,1949.58675593,1952.4500534,1498.81250546,1501.8024893,21634.7278772,21785.9718562,433.341301543,436.240043967,-1952.46907273,-1949.47771012,-75090.1244649,-74940.625273,-1503.25545114,-1500.39960271,-435.719437125,-432.694557544,-12671621.9979,-12406216.2026,50672.8678923,50934.4786318,1.45519152284e-11
0.00161,96398.1466353,96535.1363621,1927.86788456,1930.6895712,1520.23894109,1522.97401463,21090.6286997,21229.1840866,423.464427133,426.302965452,-1930.70272724,-1927.96293271,-76148.7007317,-76011.9470543,-1523.42885165,-1520.62245039,-424.583681733,-421.812573994,-11254280.4069,-11026103.2762,50553.2383803,50817.3170344,1.45519152284e-11
0.00162,95401.9527303,95535.453557,1906.38479473,1909.05370707,1538.24530177,1540.89772141,20706.2306547,20840.5046938,413.643436225,416.337577425,-1910.70907114,-1908.03905461,-77044.8860703,-76912.2650885,-1543.67751138,-1541.01904411,-416.810093875,-414.124613094,-9864236.79107,-9652382.46483,50447.6457943,50713.9246057,1.45519152284e-11
0.00163,94372.2166657,94501.1759951,1887.66457978,1890.1759856,1557.79777014,1560.37661006,20254.4909246,20385.1486788,406.490189627,409.029470423,-1890.0235199,-1887.44433331,-78018.8305031,-77889.888507,-1561.04071421,-1558.53997245,-407.702973575,-405.089818493,-8615588.51228,-8425535.51179,50355.2466678,50623.5350158,1.45519152284e-11
0.00164,93477.7400589,93596.8699191,1868.92835598,1871.386976,1574.7045742,1577.07585124,19930.9472808,20051.1778934,399.535557063,402.010134942,-1871.93739838,-1869.55480118,-78853.7925621,-78735.2287102,-1578.38623342,-1575.94214123,-401.023557867,-398.618945615,-7619452.41883,-7452746.36666,50274.0714632,50544.1436065,1.45519152284e-11
0.00165,92606.0638702,92723.0097908,1851.105693,1853.40385811,1590.4701721,1592.79731886,19664.5358571,19782.4563712,393.462874126,395.786774585,-1854.46019582,-1852.1212774,-79639.865943,-79523.5086049,-1594.82282385,-1592.53443583,-395.649127423,-393.290717142,-6668270.74079,-6513308.77847,50202.6328474,50474.3133307,1.45519152284e-11
0.00166,91746.6965098,91857.2216438,1835.0300933,1837.22494044,1606.66137836,1608.86921536,19377.9096226,19489.9023537,389.056701586,391.272838567,-1837.14443288,-1834.9339302,-80443.4607682,-80333.0689182,-1609.49934761,-1607.31658644,-389.798047075,-387.558192451,-5852192.76539,-5715565.7452,50140.0305298,50413.1689581,1.45519152284e-11
0.00167,90980.5534909,91084.2824319,1818.80054772,1820.92154064,1620.55669808,1622.61870592,19205.1219923,19309.7233447,384.706235512,386.843890185,-1821.68564864,-1819.61106982,-81130.9352962,-81027.8349041,-1624.25095319,-1622.14255141,-386.194466895,-384.102439845,-5149164.6299,-5026582.22774,50085.0237428,50359.4582182,1.45519152284e-11
0.00168,90219.0133226,90320.3234148,1803.79271936,1805.7730254,1634.3595437,1636.37820498,19036.3213468,19138.7004251,381.462669621,383.466293824,-1806.4064683,-1804.38026645,-81818.910249,-81717.9771849,-1637.80100676,-1635.8302754,-382.774008502,-380.726426936,-4510392.81613,-4397674.59952,50036.7259556,50312.3369341,1.45519152284e-11
0.00169,89488.2857712,89582.9435155,1789.65319851,1791.56073974,1647.68034933,1649.56841995,18891.103838,18986.9477545,379.147038061,381.071509823,-1791.65887031,-1789.76571542,-82478.4209975,-82384.0174665,-1650.42763886,-1648.5320297,-379.73895509,-377.82207676,-3945519.28686,-3846459.87295,49994.4463951,50271.1162618,1.45519152284e-11
0.0017,88819.974011,88910.1520899,1775.60407967,1777.42348676,1659.5433517,1661.3358367,18819.0078477,18909.9687554,376.999862263,378.836300181,-1778.2030418,-1776.39948022,-83066.7918348,-82977.167585,-1662.92172484,-1661.11300002,-378.199375108,-376.380156955,-3464163.10524,-3373790.30809,49957.3979831,50235.0150108,1.45519152284e-11
0.00171,88148.840704,88235.8896634,1762.63471674,1764.3431019,1671.47528442,1673.21107398,18741.0308778,18829.1297305,375.883583932,377.611750338,-1764.71779327,-1762.97681408,-83660.553699,-83573.764221,-1674.31901523,-1672.61997793,-376.582594609,-374.820617555,-3016586.57239,-2934689.03204,49924.9942348,50203.4726141,1.45519152284e-11
0.00172,87519.0288256,87600.2601329,1750.06338445,1751.71140608,1682.59876312,1684.21690177,18704.1521092,18786.3261828,375.219653702,376.882027978,-1752.00520266,-1750.38057651,-84210.8450886,-84129.9381558,-1685.27676029,-1683.63966294,-375.726523656,-374.083042185,-2628354.33359,-2555820.03711,49896.7695302,50176.0200688,1.45519152284e-11
0.00173,86923.0344716,87001.1295739,1737.78970592,1739.34722346,1692.91905014,1694.47231059,18706.1922726,18785.0391811,374.907791842,376.481865008,-1740.02259148,-1738.46068943,-84723.6155297,-84645.9525072,-1695.88072851,-1694.332286,-375.700783623,-374.123845452,-2291400.64341,-2224751.63112,49872.1707553,50152.1172105,1.45519152284e-11
0.00174,86329.3691192,86403.8309598,1726.3310201,1727.80520306,1703.1831116,1704.66818472,18708.9891345,18784.4048956,375.366172318,376.856543003,-1728.0766192,-1726.58738238,-85233.4092361,-85159.15558,-1705.66513189,-1704.19993431,-375.688097912,-374.17978269,-1973380.91917,-1913678.00768,49850.8468475,50131.4250623,1.45519152284e-11
0.00175,85775.1358806,85845.0082471,1715.04815874,1716.46484782,1712.65539622,1714.04609857,18752.2367581,18822.8739761,376.083170827,377.51284182,-1716.90016494,-1715.50271761,-85702.3049283,-85632.769811,-1715.2026209,-1713.79540482,-376.457479521,-375.044735162,-1707305.5895,-1653720.69233,49832.443415,50113.5880688,1.45519152284e-11
0.00176,85235.7852587,85303.1000259,1704.19484402,1705.52870931,1721.71153691,1723.05156777,18813.6079837,18881.6518359,377.228696189,378.57770761,-1706.06200052,-1704.71570517,-86152.5783883,-86085.5768453,-1724.28561201,-1722.95967001,-377.633036717,-376.272159674,-1462368.51136,-1413224.46424,49816.5950445,50098.253343,1.45519152284e-11
0.00177,84707.084273,84770.7083703,1693.85889978,1695.12968603,1730.56315709,1731.8317986,18884.5978904,18949.0453016,378.896697271,380.180772489,-1695.41416741,-1694.14168546,-86591.5899302,-86528.1578547,-1732.8148158,-1731.55234825,-378.980906032,-377.691957808,-1239899.23655,-1196065.8307,49803.0837057,50085.2068915,1.45519152284e-11
0.00178,84208.2295584,84268.4053703,1683.66677892,1684.8807629,1738.77592263,1739.97332824,18987.0385507,19047.8623112,380.763912227,381.989930728,-1685.36810741,-1684.16459117,-86998.6664121,-86938.7961317,-1741.14335894,-1739.93740942,-380.957246223,-379.740771013,-1051337.77787,-1011502.58271,49791.6275207,50074.1690494,1.45519152284e-11
0.00179,83715.9650031,83773.7544949,1673.90122192,1675.04515465,1746.76170223,1747.91308784,19098.3298614,19156.8103713,383.052492413,384.209684748,-1675.4750899,-1674.31930006,-87395.6543922,-87338.0851115,-1749.01780171,-1747.88092184,-383.136207426,-381.966597227,-872203.690407,-835919.702614,49782.0098133,50064.931938,1.45519152284e-11
0.0018,83239.3443799,83293.76899,1664.44402657,1665.53755752,1754.45003867,1755.5348067,19224.3436555,19279.4594003,385.672741927,386.777443955,-1665.8753798,-1664.7868876,-87776.7403349,-87722.5019334,-1756.53689396,-1755.45080842,-385.589188006,-384.486873111,-716673.386692,-684202.946889,49774.0654279,50057.3313248,1.45519152284e-11
0.00181,82781.7369484,82833.5527548,1655.1516367,1656.19067302,1761.67768588,1762.70904009,19371.767439,19424.1580881,388.494804826,389.544953256,-1656.6710551,-1655.63473897,-88135.4520046,-88083.8842942,-1763.84254096,-1762.81029438,-388.483161762,-387.435348781,-578129.202366,-548402.978142,49767.591415,50051.1682951,1.45519152284e-11
0.00182,82329.4642566,82378.9567677,1646.21574118,1647.198161,1768.74681287,1769.73348364,19525.3852673,19575.5094586,391.670185622,392.663900579,-1647.57913535,-1646.58928513,-88486.6741821,-88437.3406433,-1770.75940261,-1769.7833163,-391.510189173,-390.507705347,-448626.158055,-421732.453682,49762.4576382,50046.317618,1.45519152284e-11
0.00183,81892.8631875,81939.5116988,1637.46458115,1638.40392991,1775.49048349,1776.41997718,19694.7273246,19741.9550033,395.064008211,396.013051807,-1638.79023398,-1637.85726375,-88820.9988591,-88774.5241744,-1777.43901971,-1776.50615205,-394.839100065,-393.894546492,-337197.350602,-312938.086855,49758.5285206,50042.6442653,1.45519152284e-11
0.00184,81467.5276857,81512.0983281,1628.90029767,1629.78995911,1781.92584471,1782.8135482,19877.4864249,19922.5806732,398.663470559,399.56317892,-1630.24196656,-1629.35055371,-89140.6774102,-89096.2922357,-1783.89083097,-1783.00697427,-398.451613464,-397.549728499,-234065.859374,-211824.793669,49755.6722046,50040.0204509,1.45519152284e-11
0.00185,81048.4115911,81090.7724015,1620.59833619,1621.44280241,1788.20781539,1789.05259271,20066.7008361,20109.6209972,402.534020843,403.388042409,-1621.81544803,-1620.96823182,-89452.6296357,-89410.3907697,-1790.03885679,-1789.20004721,-402.192419945,-401.334016721,-140636.743219,-120578.380767,49753.7986916,50038.358435,1.45519152284e-11
0.00186,80642.2701186,80682.3296201,1612.42563374,1613.2316458,1794.19031768,1794.98850015,20269.7425364,20310.295629,406.563412664,407.378023651,-1613.6465924,-1612.84540237,-89749.4250073,-89709.5158841,-1796.0083029,-1795.20785318,-406.20591258,-405.394850729,-58458.5303565,-40210.0789692,49752.8032152,50037.5544927,1.45519152284e-11
0.00187,80243.0075627,80281.3022411,1604.43610338,1605.1988974,1799.96726818,1800.73054262,20481.195159,20519.9687006,410.788927886,411.560613479,-1605.62604482,-1604.86015125,-90036.5271309,-89998.3634092,-1801.75327893,-1800.99551595,-410.399374012,-409.62390318,18223.3310038,34912.763376,49752.6020392,50037.5280061,1.45519152284e-11
0.00188,79850.6455193,79886.9328723,1596.62826826,1597.35445798,1805.57885055,1806.30263533,20699.7762332,20736.5491968,415.211368513,415.945695429,-1597.73865745,-1597.01291039,-90315.1317666,-90278.9425274,-1807.27152571,-1806.550339,-414.730983937,-413.995524664,86530.6054795,101601.486515,49753.1258089,50038.2105774,1.45519152284e-11
0.00189,79467.8652279,79502.3130043,1588.92732716,1589.61881338,1810.94449081,1811.63106006,20929.1450809,20964.0235437,419.765275812,420.46445782,-1590.04626009,-1589.35730456,-90581.5530028,-90547.2245405,-1812.63539308,-1811.94866382,-419.280470875,-418.582901619,148195.646151,161991.17369,49754.2994402,50039.5285407,1.45519152284e-11
0.0019,79089.9192469,79122.8014306,1581.38682527,1582.04196338,1816.16024971,1816.81610489,21164.3389682,21197.6548871,424.490722081,425.1536039,-1582.45602861,-1581.79838494,-90840.8052446,-90808.0124856,-1817.79641123,-1817.14568455,-423.953097742,-423.286779365,205273.831219,217847.213571,49756.0667875,50041.4277326,1.45519152284e-11
0.00191,78718.6838867,78749.821516,1573.96988311,1574.59450488,1821.20670339,1821.82787666,21406.7311032,21438.2879448,429.358807693,429.990459237,-1574.99643032,-1574.37367773,-91091.3938328,-91060.3351696,-1822.78688733,-1822.16664675,-428.765758896,-428.134622065,256123.945527,267529.074827,49758.3737764,50043.8546141,1.45519152284e-11
0.00192,78354.1080118,78383.7549264,1566.65018983,1567.24387613,1826.06332383,1826.6545291,21656.9618694,21686.9917406,434.343188814,434.943748397,-1567.67509853,-1567.08216024,-91332.7264549,-91303.1661916,-1827.63421548,-1827.04462092,-433.739834811,-433.139237388,302793.970902,313262.171469,49761.168366,50046.7585703,1.45519152284e-11
0.00193,77993.5109079,78021.7517974,1559.45857894,1560.02219259,1830.79471294,1831.35833649,21911.898469,21940.5272255,439.468230289,440.038541566,-1560.43503595,-1559.87021816,-91567.9168244,-91539.7356468,-1832.30917991,-1831.7494583,-438.810544511,-438.23796938,345582.187144,355102.249581,49764.4102468,50050.1003924,1.45519152284e-11
0.00194,77638.7599684,77665.5321339,1552.35451935,1552.89198588,1835.36681762,1835.90105078,22173.3767717,22200.5127085,444.700035487,445.243660658,-1553.31064268,-1552.77519937,-91795.0525388,-91768.3408812,-1836.84939615,-1836.3157464,-444.010254171,-443.467535434,384019.374844,392703.094419,49768.0582546,50053.8394191,1.45519152284e-11
0.00195,77288.5583572,77314.0887647,1545.33840685,1545.84886857,1839.79360555,1840.30307404,22440.4368851,22466.3112354,450.035625604,450.552186084,-1546.28177529,-1545.77116714,-92015.1537019,-91989.6802775,-1841.25614299,-1840.74923704,-449.326224707,-448.808737703,419568.1482,427537.078749,49772.0761922,50057.94062,1.45519152284e-11
0.00196,76941.9258987,76966.2061988,1538.41861229,1538.90420648,1844.1057273,1844.59056382,22711.7030081,22736.3267894,455.481558563,455.972951517,-1539.32412398,-1538.83851797,-92229.528191,-92205.2863651,-1845.52108155,-1845.03893058,-454.726535788,-454.234060162,451961.585421,459209.653604,49776.4338409,50062.3743536,1.45519152284e-11
0.00197,76599.9571822,76623.0201927,1531.56526718,1532.02810064,1848.27761092,1848.73803203,22988.4388987,23011.8210691,461.01197511,461.480257224,-1532.46040385,-1531.99914364,-92436.9016016,-92413.880546,-1849.67245781,-1849.21295085,-460.236421383,-459.768777973,481365.450189,488007.885644,49781.1004761,50067.1104413,1.45519152284e-11
0.00198,76261.1986255,76283.199409,1524.78791046,1525.22762729,1852.3342038,1852.77356815,23269.2591159,23291.5694981,466.632473452,467.077566863,-1525.66398818,-1525.22397251,-92638.6784073,-92616.7101898,-1853.70235353,-1853.26576282,-465.831389962,-465.385182318,508620.720195,514706.439009,49786.0504069,50072.124013,1.45519152284e-11
0.00199,75925.6379781,75946.5481889,1518.08059649,1518.49953502,1856.28318606,1856.70094217,23553.9159352,23575.1291173,472.338057538,472.762049905,-1518.93096378,-1518.51275956,-92835.0471083,-92814.1593031,-1857.61582863,-1857.19994054,-471.502582345,-471.078318704,533393.52022,538940.93349,49791.2604781,50077.3922498,1.45519152284e-11
0.002,75593.5706103,75613.472413,1511.42701078,1511.82607864,1860.11326967,1860.51082336,23842.8919008,23863.0770084,478.113610614,478.517520775,-1512.26944826,-1511.87141221,-93025.541168,-93005.6634833,-1861.42881539,-1861.03266448,-477.261540168,-476.857838016,556113.196671,561210.852504,49796.7080117,50082.8930088,1.45519152284e-11
