time_s,rms_value,stored_energy_j,kcl_residual_a,valid
1e-05,0,3.21912216479e-11,1.19194476338e-17,0
2e-05,0,5.11593142942e-10,5.42372136786e-17,0
3e-05,0,2.56665096581e-09,7.3725747729e-18,0
4e-05,0,8.03929352366e-09,1.48535697631e-17,0
5e-05,0,1.94887057048e-08,2.88397777881e-17,0
6e-05,0,4.0237473265e-08,5.85469173142e-17,0
7e-05,0,7.44088165914e-08,4.03323208165e-17,0
8e-05,0,1.26896114329e-07,3.51281503885e-17,0
9e-05,0,2.03268337277e-07,9.15066633578e-17,0
0.0001,0,3.09693674307e-07,1.05818132035e-16,0
0.00011,0,4.52973283622e-07,4.85722573274e-17,0
0.00012,0,6.40686554273e-07,4.77048955894e-17,0
0.00013,0,8.81330157589e-07,4.42354486374e-17,0
0.00014,0,1.1843044625e-06,7.6327832943e-17,0
0.00015,0,1.55971265371e-06,9.54097911787e-17,0
0.00016,0,2.01811107288e-06,8.84708972748e-17,0
0.00017,0,2.57043104015e-06,2.08166817117e-17,0
0.00018,0,3.22818483976e-06,1.90819582357e-17,0
0.00019,0,4.00383115105e-06,2.94902990916e-17,0
0.0002,0,4.91100243574e-06,1.21430643318e-16,0
0.00021,0,5.96436074617e-06,3.46944695195e-17,0
0.00022,0,7.17913365999e-06,1.2490009027e-16,0
0.00023,0,8.57067182467e-06,7.97972798949e-17,0
0.00024,0,1.01544104626e-05,1.63064006742e-16,0
0.00025,0,1.19463335217e-05,1.49186218934e-16,0
0.00026,0,1.39636247451e-05,2.671474153e-16,0
0.00027,0,1.62249822478e-05,8.32667268469e-17,0
0.00028,0,1.87502808905e-05,1.52655665886e-16,0
0.00029,0,2.15597698083e-05,2.08166817117e-17,0
0.0003,0,2.46734046777e-05,3.53883589099e-16,0
0.00031,0,2.81108798814e-05,3.33066907388e-16,0
0.00032,0,3.18924187883e-05,3.74700270811e-16,0
0.00033,0,3.60397639795e-05,3.74700270811e-16,0
0.00034,0,4.05765804982e-05,4.4408920985e-16,0
0.00035,0,4.5527876722e-05,2.49800180541e-16,0
0.00036,0,5.09188038717e-05,2.8449465006e-16,0
0.00037,0,5.67737354843e-05,2.63677968348e-16,0
0.00038,0,6.31163922708e-05,6.24500451352e-17,0
0.00039,0,6.99710107142e-05,2.70616862252e-16,0
0.0004,0,7.73637151926e-05,8.32667268469e-17,0
0.00041,0,8.53230133388e-05,2.08166817117e-16,0
0.00042,0,9.38789401247e-05,3.60822483003e-16,0
0.00043,0,0.000103061413565,3.60822483003e-16,0
0.00044,0,0.000112899038566,1.80411241502e-16,0
0.00045,0,0.000123419338966,2.35922392733e-16,0
0.00046,0,0.000134650342836,3.88578058619e-16,0
0.00047,0,0.000146622369569,3.05311331772e-16,0
0.00048,0,0.000159368622152,2.35922392733e-16,0
0.00049,0,0.000172924030191,2.35922392733e-16,0
0.0005,0,0.00018732312822,2.49800180541e-16,0
0.00051,0,0.000202598565505,3.1918911958e-16,0
0.00052,0,0.000218781453422,3.60822483003e-16,0
0.00053,0,0.00023590339387,1.38777878078e-16,0
0.00054,0,0.000253998705696,6.10622663544e-16,0
0.00055,0,0.000273105119603,1.38777878078e-16,0
0.00056,0,0.000293262305243,2.77555756156e-16,0
0.00057,0,0.000314509249267,5.82867087928e-16,0
0.00058,0,0.000336882456779,8.32667268469e-16,0
0.00059,0,0.000360416416964,6.66133814775e-16,0
0.0006,0,0.000385146090629,1.38777878078e-16,0
0.00061,0,0.00041110959264,6.93889390391e-16,0
0.00062,0,0.000438348995641,4.16333634234e-16,0
0.00063,0,0.000466908534367,1.94289029309e-16,0
0.00064,0,0.000496831469927,5.55111512313e-16,0
0.00065,0,0.000528157972411,4.4408920985e-16,0
0.00066,0,0.000560925703421,3.60822483003e-16,0
0.00067,0,0.000595172769807,3.88578058619e-16,0
0.00068,0,0.000630940871945,7.77156117238e-16,0
0.00069,0,0.000668276222604,1.38777878078e-16,0
0.0007,0,0.000707227428349,2.77555756156e-17,0
0.00071,0,0.000747841834702,5.27355936697e-16,0
0.00072,0,0.000790163082937,5.55111512313e-16,0
0.00073,0,0.000834231804684,8.04911692853e-16,0
0.00074,0,0.000880089041345,3.88578058619e-16,0
0.00075,0,0.00092777986198,4.4408920985e-16,0
0.00076,0,0.000977354403518,8.60422844084e-16,0
0.00077,0,0.00102886543478,2.22044604925e-16,0
0.00078,0,0.00108236418415,8.60422844084e-16,0
0.00079,0,0.00113789756684,5.27355936697e-16,0
0.0008,0,0.001195508984,2.77555756156e-16,0
0.00081,0,0.00125524220088,8.881784197e-16,0
0.00082,0,0.00131714543278,4.99600361081e-16,0
0.00083,0,0.00138127251243,5.55111512313e-16,0
0.00084,0,0.00144768014684,3.33066907388e-16,0
0.00085,0,0.00151642323505,2.22044604925e-16,0
0.00086,0,0.00158755176517,1.11022302463e-16,0
0.00087,0,0.00166111170836,3.88578058619e-16,0
0.00088,0,0.00173714934326,4.4408920985e-16,0
0.00089,0,0.00181571580398,1.66533453694e-16,0
0.0009,0,0.00189686837997,8.32667268469e-16,0
0.00091,0,0.00198066747949,3.88578058619e-16,0
0.00092,0,0.00206717145033,3.88578058619e-16,0
0.00093,0,0.00215643314843,6.10622663544e-16,0
0.00094,0,0.00224850091555,2.77555756156e-16,0
0.00095,0,0.00234342333325,6.66133814775e-16,0
0.00096,0,0.0024412542226,1.66533453694e-16,0
0.00097,0,0.0025420540814,5.55111512313e-17,0
0.00098,0,0.00264588677103,6.10622663544e-16,0
0.00099,0,0.0027528138572,4.4408920985e-16,0
0.001,0,0.00286289085448,6.66133814775e-16,0
0.00101,0,0.00297616827543,7.77156117238e-16,0
0.00102,0,0.00309269679352,4.4408920985e-16,0
0.00103,0,0.00321253268123,5.55111512313e-17,0
0.00104,0,0.00333573938835,2.77555756156e-16,0
0.00105,0,0.00346238397156,5.55111512313e-17,0
0.00106,0,0.0035925309756,2.22044604925e-16,0
0.00107,0,0.00372623836039,2.22044604925e-16,0
0.00108,0,0.00386355860842,4.99600361081e-16,0
0.00109,0,0.0040045442735,5.55111512313e-17,0
0.0011,0,0.00414925384065,7.77156117238e-16,0
0.00111,0,0.0042977534487,1.38777878078e-15,0
0.00112,0,0.00445011308338,4.4408920985e-16,0
0.00113,0,0.00460640002249,0,0
0.00114,0,0.00476667445384,0,0
0.00115,0,0.00493099062774,1.22124532709e-15,0
0.00116,0,0.00509940276588,8.881784197e-16,0
0.00117,0,0.00527197132427,1.22124532709e-15,0
0.00118,0,0.0054487648623,8.881784197e-16,0
0.00119,0,0.00562985602151,1.11022302463e-16,0
0.0012,0,0.00581531456039,1.44328993201e-15,0
0.00121,0,0.0060052026733,9.99200722163e-16,0
0.00122,0,0.00619957617465,1.33226762955e-15,0
0.00123,0,0.00639849074063,7.77156117238e-16,0
0.00124,0,0.00660200855445,2.22044604925e-16,0
0.00125,0,0.00681020032322,1.11022302463e-16,0
0.00126,0,0.00702314106516,5.55111512313e-16,0
0.00127,0,0.00724090276162,4.4408920985e-16,0
0.00128,0,0.00746354938845,1.55431223448e-15,0
0.00129,0,0.00769113811868,7.77156117238e-16,0
0.0013,0,0.00792372586869,1.55431223448e-15,0
0.00131,0,0.00816137630336,2.22044604925e-16,0
0.00132,0,0.00840416200125,3.33066907388e-16,0
0.00133,0,0.0086521600735,1.55431223448e-15,0
0.00134,0,0.00890544446175,5.55111512313e-16,0
0.00135,0,0.0091640806949,1.11022302463e-16,0
0.00136,0,0.00942812709725,1.11022302463e-15,0
0.00137,0,0.00969764161013,4.4408920985e-16,0
0.00138,0,0.00997268913333,1.11022302463e-15,0
0.00139,0,0.0102533438381,1.55431223448e-15,0
0.0014,0,0.0105396846412,1.33226762955e-15,0
0.00141,0,0.0108317871781,7.77156117238e-16,0
0.00142,0,0.011129718299,4.4408920985e-16,0
0.00143,0,0.0114335372706,7.77156117238e-16,0
0.00144,0,0.011743302843,2.22044604925e-16,0
0.00145,0,0.0120590809033,1.44328993201e-15,0
0.00146,0,0.0123809469352,7.77156117238e-16,0
0.00147,0,0.0127089813709,4.4408920985e-16,0
0.00148,0,0.0130432612703,1.7763568394e-15,0
0.00149,0,0.0133838545708,6.66133814775e-16,0
0.0015,0,0.0137308212703,4.4408920985e-16,0
0.00151,0,0.0140842207111,3.33066907388e-16,0
0.00152,0,0.0144441195195,1.66533453694e-15,0
0.00153,0,0.0148105942108,5.55111512313e-16,0
0.00154,0,0.015183726441,1.44328993201e-15,0
0.00155,0,0.0155635944225,1.55431223448e-15,0
0.00156,0,0.0159502669433,1.11022302463e-15,0
0.00157,0,0.01634380452,1.11022302463e-16,0
0.00158,0,0.0167442668696,1.55431223448e-15,0
0.00159,0,0.0171517211104,3.33066907388e-16,0
0.0016,0,0.0175662445077,1.11022302463e-16,0
0.00161,0,0.0179879196491,1.11022302463e-15,0
0.00162,0,0.018416825626,1.66533453694e-15,0
0.00163,0,0.0188530318384,1.11022302463e-15,0
0.00164,0,0.0192965991082,1.11022302463e-16,0
0.00165,0,0.0197475873095,1.55431223448e-15,0
0.00166,0,0.0202060638047,1.11022302463e-15,0
0.00167,0,0.0206721063293,1.33226762955e-15,0
0.00168,0,0.02114579811,1.7763568394e-15,0
0.00169,0,0.0216272188432,1.55431223448e-15,0
0.0017,0,0.0221164383009,4.4408920985e-16,0
0.00171,0,0.0226135173952,8.881784197e-16,0
0.00172,0,0.0231185159396,6.66133814775e-16,0
0.00173,0,0.0236315012947,1.11022302463e-16,0
0.00174,0,0.0241525513869,4.4408920985e-16,0
0.00175,0,0.0246817497911,4.4408920985e-16,0
0.00176,0,0.0252191765338,6.66133814775e-16,0
0.00177,0,0.0257649015184,1.55431223448e-15,0
0.00178,0,0.0263189855318,1.33226762955e-15,0
0.00179,0,0.026881488109,2.22044604925e-16,0
0.0018,0,0.0274524763642,1.11022302463e-15,0
0.00181,0,0.0280320281381,1.11022302463e-15,0
0.00182,0,0.0286202270634,1.7763568394e-15,0
0.00183,0,0.0292171532236,1.55431223448e-15,0
0.00184,0,0.0298228764119,4.4408920985e-16,0
0.00185,0,0.0304374570739,6.66133814775e-16,0
0.00186,0,0.0310609542495,4.4408920985e-16,0
0.00187,0,0.0316934345632,8.881784197e-16,0
0.00188,0,0.0323349754958,6.66133814775e-16,0
0.00189,0,0.0329856604509,0,0
0.0019,0,0.0336455692959,2.22044604925e-16,0
0.00191,0,0.0343147714732,1.7763568394e-15,0
0.00192,0,0.0349933268708,1.11022302463e-15,0
0.00193,0,0.0356812938172,1.55431223448e-15,0
0.00194,0,0.0363787382069,1.11022302463e-15,0
0.00195,0,0.0370857368897,2.22044604925e-16,0
0.00196,0,0.0378023727558,4.4408920985e-16,0
0.00197,0,0.038528725186,8.881784197e-16,0
0.00198,0,0.0392648630314,1.33226762955e-15,0
0.00199,0,0.0400108454067,1.55431223448e-15,0
0.002,0,0.0407667297143,1.7763568394e-15,0
0.00201,0,0.0415325808803,2.22044604925e-16,0
0.00202,0,0.0423084748568,1.55431223448e-15,0
0.00203,0,0.04309449374,2.22044604925e-16,0
0.00204,0,0.0438907161559,1.7763568394e-15,0
0.00205,0,0.0446972101253,0,0
0.00206,0,0.0455140337745,1.33226762955e-15,0
0.00207,0,0.0463412433665,4.4408920985e-16,0
0.00208,0,0.0471789026245,1.33226762955e-15,0
0.00209,0,0.0480270863398,2.22044604925e-16,0
0.0021,0,0.0488858755387,2.22044604925e-16,0
0.00211,0,0.0497553478272,6.66133814775e-16,0
0.00212,0,0.0506355701586,6.66133814775e-16,0
0.00213,0,0.0515265994572,4.4408920985e-16,0
0.00214,0,0.052428490635,1.33226762955e-15,0
0.00215,0,0.0533413059814,4.4408920985e-16,0
0.00216,0,0.0542651188689,1.11022302463e-15,0
0.00217,0,0.0552000089823,4.4408920985e-16,0
0.00218,0,0.056146052647,0,0
0.00219,0,0.0571033155135,2.22044604925e-16,0
0.0022,0,0.058071853092,4.4408920985e-16,0
0.00221,0,0.0590517187348,2.22044604925e-16,0
0.00222,0,0.0600429730702,1.33226762955e-15,0
0.00223,0,0.0610456877993,1.11022302463e-15,0
0.00224,0,0.0620599409999,4.4408920985e-16,0
0.00225,0,0.0630858074595,1.33226762955e-15,0
0.00226,0,0.064123351294,1.33226762955e-15,0
0.00227,0,0.0651726263896,1.33226762955e-15,0
0.00228,0,0.0662336843328,6.66133814775e-16,0
0.00229,0,0.0673065838682,8.881784197e-16,0
0.0023,0,0.0683913947785,1.11022302463e-15,0
0.00231,0,0.0694881932746,6.66133814775e-16,0
0.00232,0,0.0705970523545,1.7763568394e-15,0
0.00233,0,0.0717180343706,0,0
0.00234,0,0.0728511913781,0,0
0.00235,0,0.073996572995,6.66133814775e-16,0
0.00236,0,0.0751542358638,1.55431223448e-15,0
0.00237,0,0.0763242476087,4.4408920985e-16,0
0.00238,0,0.07750668232,0,0
0.00239,0,0.07870161096,8.881784197e-16,0
0.0024,0,0.079909093893,1.33226762955e-15,0
0.00241,0,0.0811291811391,3.10862446895e-15,0
0.00242,0,0.0823619201484,2.6645352591e-15,0
0.00243,0,0.0836073652489,2.6645352591e-15,0
0.00244,0,0.0848655816723,4.4408920985e-16,0
0.00245,0,0.086136641142,3.10862446895e-15,0
0.00246,0,0.0874206123441,8.881784197e-16,0
0.00247,0,0.0887175534346,4.4408920985e-16,0
0.00248,0,0.090027512198,2.6645352591e-15,0
0.00249,0,0.0913505337219,4.4408920985e-16,0
0.0025,0,0.0926866698125,4.4408920985e-16,0
0.00251,0,0.0940359830819,8.881784197e-16,0
0.00252,0,0.0953985426479,2.6645352591e-15,0
0.00253,0,0.0967744146864,4.4408920985e-16,0
0.00254,0,0.09816365493,8.881784197e-16,0
0.00255,0,0.0995663087314,3.5527136788e-15,0
0.00256,0,0.100982418625,2.22044604925e-15,0
0.00257,0,0.102412033695,3.10862446895e-15,0
0.00258,0,0.103855213713,1.7763568394e-15,0
0.00259,0,0.105312024961,2.22044604925e-15,0
0.0026,0,0.106782530878,4.4408920985e-16,0
0.00261,0,0.108266784563,1.7763568394e-15,0
0.00262,0,0.109764828745,4.4408920985e-16,0
0.00263,0,0.111276703221,2.22044604925e-15,0
0.00264,0,0.112802454157,3.10862446895e-15,0
0.00265,0,0.114342138274,2.6645352591e-15,0
0.00266,0,0.115895818794,4.4408920985e-16,0
0.00267,0,0.1174635562,1.7763568394e-15,0
0.00268,0,0.119045400754,2.22044604925e-15,0
0.00269,0,0.120641392377,3.10862446895e-15,0
0.0027,0,0.122251567944,8.881784197e-16,0
0.00271,0,0.123875970517,8.881784197e-16,0
0.00272,0,0.125514653564,3.10862446895e-15,0
0.00273,0,0.127167677033,8.881784197e-16,0
0.00274,0,0.128835098237,1.33226762955e-15,0
0.00275,0,0.130516964406,8.881784197e-16,0
0.00276,0,0.132213312469,8.881784197e-16,0
0.00277,0,0.13392417621,4.4408920985e-16,0
0.00278,0,0.135649595403,1.7763568394e-15,0
0.00279,0,0.137389620067,2.22044604925e-15,0
0.0028,0,0.139144306671,3.10862446895e-15,0
0.00281,0,0.140913709158,1.33226762955e-15,0
0.00282,0,0.142697871533,8.881784197e-16,0
0.00283,0,0.14449682756,2.22044604925e-15,0
0.00284,0,0.146310607761,2.22044604925e-15,0
0.00285,0,0.148139248451,2.6645352591e-15,0
0.00286,0,0.149982796014,4.4408920985e-16,0
0.00287,0,0.151841303244,2.22044604925e-15,0
0.00288,0,0.153714820518,2.6645352591e-15,0
0.00289,0,0.155603388434,1.33226762955e-15,0
0.0029,0,0.157507037421,1.7763568394e-15,0
0.00291,0,0.159425794582,4.4408920985e-16,0
0.00292,0,0.161359692605,2.6645352591e-15,0
0.00293,0,0.163308774061,4.4408920985e-16,0
0.00294,0,0.165273087884,4.4408920985e-16,0
0.00295,0,0.167252680699,1.7763568394e-15,0
0.00296,0,0.169247589522,2.6645352591e-15,0
0.00297,0,0.171257841289,3.10862446895e-15,0
0.00298,0,0.173283459524,1.7763568394e-15,0
0.00299,0,0.175324473133,0,0
0.003,0,0.177380920707,4.4408920985e-16,0
0.00301,0,0.179452847143,4.4408920985e-16,0
0.00302,0,0.181540295138,3.10862446895e-15,0
0.00303,0,0.183643297962,8.881784197e-16,0
0.00304,0,0.185761878898,2.22044604925e-15,0
0.00305,0,0.187896057749,1.7763568394e-15,0
0.00306,0,0.19004585949,1.33226762955e-15,0
0.00307,0,0.192211318573,2.6645352591e-15,0
0.00308,0,0.194392475691,1.33226762955e-15,0
0.00309,0,0.196589369448,1.7763568394e-15,0
0.0031,0,0.198802029208,1.7763568394e-15,0
0.00311,0,0.201030474458,2.6645352591e-15,0
0.00312,0,0.203274721139,3.10862446895e-15,0
0.00313,0,0.205534790153,1.7763568394e-15,0
0.00314,0,0.207810711668,2.22044604925e-15,0
0.00315,0,0.210102522017,8.881784197e-16,0
0.00316,0,0.212410255555,4.4408920985e-16,0
0.00317,0,0.214733937588,2.22044604925e-15,0
0.00318,0,0.217073583673,8.881784197e-16,0
0.00319,0,0.219429205755,3.10862446895e-15,0
0.0032,0,0.221800820535,8.881784197e-16,0
0.00321,0,0.224188453755,1.7763568394e-15,0
0.00322,0,0.226592137246,3.10862446895e-15,0
0.00323,0,0.229011900966,3.10862446895e-15,0
0.00324,0,0.231447766028,8.881784197e-16,0
0.00325,0,0.233899743923,3.5527136788e-15,0
0.00326,0,0.236367842483,4.4408920985e-16,0
0.00327,0,0.238852074082,8.881784197e-16,0
0.00328,0,0.241352459911,1.33226762955e-15,0
0.00329,0,0.243869027165,1.33226762955e-15,0
0.0033,0,0.246401801271,1.7763568394e-15,0
0.00331,0,0.248950799015,2.6645352591e-15,0
0.00332,0,0.251516027705,4.4408920985e-16,0
0.00333,0,0.254097490945,1.7763568394e-15,0
0.00334,0,0.256695196669,3.10862446895e-15,0
0.00335,0,0.259309161402,2.6645352591e-15,0
0.00336,0,0.261939407578,8.881784197e-16,0
0.00337,0,0.264585955969,2.6645352591e-15,0
0.00338,0,0.267248818917,2.22044604925e-15,0
0.00339,0,0.269927999431,1.7763568394e-15,0
0.0034,0,0.272623496785,3.10862446895e-15,0
0.00341,0,0.275335314371,4.4408920985e-16,0
0.00342,0,0.278063463941,2.22044604925e-15,0
0.00343,0,0.280807963057,1.33226762955e-15,0
0.00344,0,0.283568827722,2.6645352591e-15,0
0.00345,0,0.286346065723,3.10862446895e-15,0
0.00346,0,0.289139675673,4.4408920985e-16,0
0.00347,0,0.291949652415,1.7763568394e-15,0
0.00348,0,0.29477599471,1.7763568394e-15,0
0.00349,0,0.29761870944,4.4408920985e-16,0
0.0035,0,0.300477809196,1.33226762955e-15,0
0.00351,0,0.30335330511,1.33226762955e-15,0
0.00352,0,0.306245200316,1.7763568394e-15,0
0.00353,0,0.309153488936,4.4408920985e-16,0
0.00354,0,0.312078161297,8.881784197e-16,0
0.00355,0,0.315019211448,8.881784197e-16,0
0.00356,0,0.317976641317,1.7763568394e-15,0
0.00357,0,0.320950458435,8.881784197e-16,0
0.00358,0,0.323940668973,8.881784197e-16,0
0.00359,0,0.326947271323,2.6645352591e-15,0
0.0036,0,0.329970255032,8.881784197e-16,0
0.00361,0,0.333009605841,8.881784197e-16,0
0.00362,0,0.336065313009,1.7763568394e-15,0
0.00363,0,0.339137373439,1.7763568394e-15,0
0.00364,0,0.342225789528,2.6645352591e-15,0
0.00365,0,0.345330562403,1.7763568394e-15,0
0.00366,0,0.348451685639,0,0
0.00367,0,0.351589144136,2.6645352591e-15,0
0.00368,0,0.354742918981,2.6645352591e-15,0
0.00369,0,0.357912994585,1.7763568394e-15,0
0.0037,0,0.361099362763,2.6645352591e-15,0
0.00371,0,0.364302020712,2.6645352591e-15,0
0.00372,0,0.367520964451,8.881784197e-16,0
0.00373,0,0.370756182669,2.6645352591e-15,0
0.00374,0,0.374007655558,1.7763568394e-15,0
0.00375,0,0.377275359496,3.5527136788e-15,0
0.00376,0,0.380559273995,2.6645352591e-15,0
0.00377,0,0.383859385731,8.881784197e-16,0
0.00378,0,0.38717568665,1.7763568394e-15,0
0.00379,0,0.390508167609,0,0
0.0038,0,0.39385681235,3.5527136788e-15,0
0.00381,0,0.397221596313,2.6645352591e-15,0
0.00382,0,0.400602491117,8.881784197e-16,0
0.00383,0,0.403999471337,8.881784197e-16,0
0.00384,0,0.407412518474,8.881784197e-16,0
0.00385,0,0.410841619179,8.881784197e-16,0
0.00386,0,0.414286759101,1.7763568394e-15,0
0.00387,0,0.417747916999,2.6645352591e-15,0
0.00388,0,0.421225063513,1.7763568394e-15,0
0.00389,0,0.424718165474,8.881784197e-16,0
0.0039,0,0.428227192489,3.5527136788e-15,0
0.00391,0,0.431752120856,0,0
0.00392,0,0.435292931904,8.881784197e-16,0
0.00393,0,0.438849606044,1.7763568394e-15,0
0.00394,0,0.442422117016,1.7763568394e-15,0
0.00395,0,0.446010430632,0,0
0.00396,0,0.449614508912,2.6645352591e-15,0
0.00397,0,0.453234316477,2.6645352591e-15,0
0.00398,0,0.456869824408,8.881784197e-16,0
0.00399,0,0.460521008693,1.7763568394e-15,0
0.004,0,0.464187844485,1.7763568394e-15,0
0.00401,0,0.467870300486,8.881784197e-16,0
0.00402,0,0.471568337663,3.5527136788e-15,0
0.00403,0,0.47528191321,3.5527136788e-15,0
0.00404,0,0.479010986756,8.881784197e-16,0
0.00405,5.46573334254,0.48275552416,2.6645352591e-15,1
0.00406,5.46573334254,0.486515496066,8.881784197e-16,1
0.00407,5.46573334254,0.490290872362,0,1
0.00408,5.46573334254,0.494081616702,8.881784197e-16,1
0.00409,5.46573334254,0.497887685199,1.7763568394e-15,1
0.0041,5.59866048745,0.50170903022,2.6645352591e-15,1
0.00411,5.59866048745,0.505545606409,1.7763568394e-15,1
0.00412,5.59866048745,0.509397374408,3.5527136788e-15,1
0.00413,5.59866048745,0.513264299526,2.6645352591e-15,1
0.00414,5.59866048745,0.517146346389,8.881784197e-16,1
0.00415,5.73279482942,0.521043473606,1.7763568394e-15,1
0.00416,5.73279482942,0.52495563244,1.7763568394e-15,1
0.00417,5.73279482942,0.528882770442,8.881784197e-16,1
0.00418,5.73279482942,0.532824837283,1.7763568394e-15,1
0.00419,5.73279482942,0.536781788411,8.881784197e-16,1
0.0042,5.86809368096,0.540753583816,2.6645352591e-15,1
0.00421,5.86809368096,0.54474018288,2.6645352591e-15,1
0.00422,5.86809368096,0.548741539181,0,1
0.00423,5.86809368096,0.552757599148,0,1
0.00424,5.86809368096,0.556788305535,8.881784197e-16,1
0.00425,6.00453161015,0.560833603067,8.881784197e-16,1
0.00426,6.00453161015,0.564893442027,2.6645352591e-15,1
0.00427,6.00453161015,0.568967777122,1.7763568394e-15,1
0.00428,6.00453161015,0.573056562514,3.5527136788e-15,1
0.00429,6.00453161015,0.577159746776,8.881784197e-16,1
0.0043,6.14208736968,0.581277271531,0,1
0.00431,6.14208736968,0.585409074767,2.6645352591e-15,1
0.00432,6.14208736968,0.5895550963,2.6645352591e-15,1
0.00433,6.14208736968,0.593715281292,2.6645352591e-15,1
0.00434,6.14208736968,0.597889579205,1.7763568394e-15,1
0.00435,6.28072448397,0.602077939026,2.6645352591e-15,1
0.00436,6.28072448397,0.60628030436,3.5527136788e-15,1
0.00437,6.28072448397,0.610496612059,2.6645352591e-15,1
0.00438,6.28072448397,0.614726795389,8.881784197e-16,1
0.00439,6.28072448397,0.618970789306,0,1
0.0044,6.42040679956,0.623228533902,1.7763568394e-15,1
0.00441,6.42040679956,0.627499973453,0,1
0.00442,6.42040679956,0.63178505182,8.881784197e-16,1
0.00443,6.42040679956,0.636083707688,3.5527136788e-15,1
0.00444,6.42040679956,0.640395873189,1.7763568394e-15,1
0.00445,6.56110554111,0.644721476917,1.7763568394e-15,1
0.00446,6.56110554111,0.64906044903,0,1
0.00447,6.56110554111,0.653412724618,2.6645352591e-15,1
0.00448,6.56110554111,0.65777824283,1.7763568394e-15,1
0.00449,6.56110554111,0.662156942468,3.5527136788e-15,1
0.0045,6.70278863152,0.666548757357,3.5527136788e-15,1
0.00451,6.70278863152,0.67095361497,8.881784197e-16,1
0.00452,6.70278863152,0.675371439293,2.6645352591e-15,1
0.00453,6.70278863152,0.679802155755,0,1
0.00454,6.70278863152,0.684245694517,2.6645352591e-15,1
0.00455,6.84542003672,0.688701989685,0,1
0.00456,6.84542003672,0.693170975074,3.5527136788e-15,1
0.00457,6.84542003672,0.69765257972,2.6645352591e-15,1
0.00458,6.84542003672,0.702146726506,3.5527136788e-15,1
0.00459,6.84542003672,0.706653334888,8.881784197e-16,1
0.0046,6.98896266519,0.711172325645,2.6645352591e-15,1
0.00461,6.98896266519,0.715703624099,2.6645352591e-15,1
0.00462,6.98896266519,0.720247159399,1.7763568394e-15,1
0.00463,6.98896266519,0.724802860457,8.881784197e-16,1
0.00464,6.98896266519,0.729370651607,1.7763568394e-15,1
0.00465,7.13338043876,0.733950451223,1.7763568394e-15,1
0.00466,7.13338043876,0.738542174314,1.7763568394e-15,1
0.00467,7.13338043876,0.743145737103,1.7763568394e-15,1
0.00468,7.13338043876,0.747761060169,8.881784197e-16,1
0.00469,7.13338043876,0.752388067803,1.7763568394e-15,1
0.0047,7.27864017374,0.757026684115,2.6645352591e-15,1
0.00471,7.27864017374,0.761676828827,3.5527136788e-15,1
0.00472,7.27864017374,0.766338415899,8.881784197e-16,1
0.00473,7.27864017374,0.771011355985,8.881784197e-16,1
0.00474,7.27864017374,0.775695560859,8.881784197e-16,1
0.00475,7.42470410114,0.780390946462,1.7763568394e-15,1
0.00476,7.42470410114,0.785097432339,0,1
0.00477,7.42470410114,0.789814937906,1.7763568394e-15,1
0.00478,7.42470410114,0.794543378376,1.7763568394e-15,1
0.00479,7.42470410114,0.799282663397,1.7763568394e-15,1
0.0048,7.57152855965,0.80403269938,1.7763568394e-15,1
0.00481,7.57152855965,0.808793393755,1.7763568394e-15,1
0.00482,7.57152855965,0.813564657949,1.7763568394e-15,1
0.00483,7.57152855965,0.81834640688,1.7763568394e-15,1
0.00484,7.57152855965,0.823138555387,2.6645352591e-15,1
0.00485,7.71907728532,0.827941014293,3.5527136788e-15,1
0.00486,7.71907728532,0.832753689044,2.6645352591e-15,1
0.00487,7.71907728532,0.837576481926,2.6645352591e-15,1
0.00488,7.71907728532,0.842409296148,0,1
0.00489,7.71907728532,0.84725203875,8.881784197e-16,1
0.0049,7.86731714679,0.852104620154,1.7763568394e-15,1
0.00491,7.86731714679,0.856966950753,2.6645352591e-15,1
0.00492,7.86731714679,0.861838937104,2.6645352591e-15,1
0.00493,7.86731714679,0.866720480577,8.881784197e-16,1
0.00494,7.86731714679,0.871611479455,1.7763568394e-15,1
0.00495,8.01620214872,0.876511832861,4.4408920985e-15,1
0.00496,8.01620214872,0.881421443585,8.881784197e-16,1
0.00497,8.01620214872,0.886340217697,1.7763568394e-15,1
0.00498,8.01620214872,0.891268061282,8.881784197e-16,1
0.00499,8.01620214872,0.896204876765,2.6645352591e-15,1
0.005,8.1656869138,0.899952522424,2.6645352591e-15,1
0.00501,8.1656869138,0.902519212526,1.7763568394e-15,1
0.00502,8.1656869138,0.905120222664,8.881784197e-16,1
0.00503,8.1656869138,0.90774964139,1.7763568394e-15,1
0.00504,8.1656869138,0.910381350339,8.881784197e-16,1
0.00505,8.31573961816,0.912988731347,0,1
0.00506,8.31573961816,0.915564479779,1.7763568394e-15,1
0.00507,8.31573961816,0.918125747828,8.881784197e-16,1
0.00508,8.31573961816,0.920700981884,0,1
0.00509,8.31573961816,0.923308522681,8.881784197e-16,1
0.0051,8.46310315099,0.925943034748,8.881784197e-16,1
0.00511,8.46310315099,0.928579769073,8.881784197e-16,1
0.00512,8.46310315099,0.93119323831,8.881784197e-16,1
0.00513,8.46310315099,0.933776188855,1.7763568394e-15,1
0.00514,8.46310315099,0.936344718922,8.881784197e-16,1
0.00515,8.59838137605,0.93892591528,8.881784197e-16,1
0.00516,8.59838137605,0.941537470198,1.7763568394e-15,1
0.00517,8.59838137605,0.944174584214,1.7763568394e-15,1
0.00518,8.59838137605,0.946813813229,1.7763568394e-15,1
0.00519,8.59838137605,0.949430760197,8.881784197e-16,1
0.0052,8.71755313557,0.952018235951,0,1
0.00521,8.71755313557,0.954591341448,1.7763568394e-15,1
0.00522,8.71755313557,0.957175861087,1.7763568394e-15,1
0.00523,8.71755313557,0.959788853789,8.881784197e-16,1
0.00524,8.71755313557,0.962426018405,1.7763568394e-15,1
0.00525,8.85253219953,0.965065154027,0,1
0.00526,8.85253219953,0.967682914514,8.881784197e-16,1
0.00527,8.85253219953,0.970272187252,8.881784197e-16,1
0.00528,8.85253219953,0.972847129973,0,1
0.00529,8.85253219953,0.975432279866,8.881784197e-16,1
0.0053,8.99379721408,0.978044077714,8.881784197e-16,1
0.00531,8.99379721408,0.980678685145,8.881784197e-16,1
0.00532,8.99379721408,0.983315085322,8.881784197e-16,1
0.00533,8.99379721408,0.985930944716,8.881784197e-16,1
0.00534,8.99379721408,0.988519238185,0,1
0.00535,9.11604203986,0.991093231681,0,1
0.00536,9.11604203986,0.993676268336,8.881784197e-16,1
0.00537,9.11604203986,0.99628418605,8.881784197e-16,1
0.00538,9.11604203986,0.998913575754,0,1
0.00539,9.11604203986,1.00154454806,0,1
0.0054,9.23929408817,1.00415574484,8.881784197e-16,1
0.00541,9.23929408817,1.00674023822,8.881784197e-16,1
0.00542,9.23929408817,1.00931045135,8.881784197e-16,1
0.00543,9.23929408817,1.0118885845,8.881784197e-16,1
0.00544,9.23929408817,1.01448988798,1.7763568394e-15,1
0.00545,9.3776129768,1.01711135049,8.881784197e-16,1
0.00546,9.3776129768,1.01973415588,8.881784197e-16,1
0.00547,9.3776129768,1.02233788529,8.881784197e-16,1
0.00548,9.3776129768,1.02491571683,0,1
0.00549,9.3776129768,1.02747927745,8.881784197e-16,1
0.0055,9.50652045414,1.03004967392,0,1
0.00551,9.50652045414,1.03264158421,0,1
0.00552,9.50652045414,1.03525236511,0,1
0.00553,9.50652045414,1.03786422184,8.881784197e-16,1
0.00554,9.50652045414,1.04045763967,1.7763568394e-15,1
0.00555,9.6243352178,1.04302591045,8.881784197e-16,1
0.00556,9.6243352178,1.04557990931,8.881784197e-16,1
0.00557,9.6243352178,1.04813969698,1.7763568394e-15,1
0.00558,9.6243352178,1.05071939437,8.881784197e-16,1
0.00559,9.6243352178,1.05331669845,8.881784197e-16,1
0.0056,9.7535156415,1.05591478609,8.881784197e-16,1
0.00561,9.7535156415,1.05849501267,8.881784197e-16,1
0.00562,9.7535156415,1.06105079056,0,1
0.00563,9.7535156415,1.06359228529,0,1
0.00564,9.7535156415,1.06613855727,8.881784197e-16,1
0.00565,9.88612162731,1.06870318553,8.881784197e-16,1
0.00566,9.88612162731,1.07128418101,8.881784197e-16,1
0.00567,9.88612162731,1.07386564469,1.7763568394e-15,1
0.00568,9.88612162731,1.07642976896,8.881784197e-16,1
0.00569,9.88612162731,1.0789700927,1.7763568394e-15,1
0.0057,10.0049531654,1.08149611192,8.881784197e-16,1
0.00571,10.0049531654,1.0840259308,8.881784197e-16,1
0.00572,10.0049531654,1.08657260157,0,1
0.00573,10.0049531654,1.08913442448,8.881784197e-16,1
0.00574,10.0049531654,1.09169637918,1.7763568394e-15,1
0.00575,10.124856404,1.09424146294,1.7763568394e-15,1
0.00576,10.124856404,1.0967633463,1.7763568394e-15,1
0.00577,10.124856404,1.09927089396,1.7763568394e-15,1
0.00578,10.124856404,1.10178129618,8.881784197e-16,1
0.00579,10.124856404,1.10430709343,8.881784197e-16,1
0.0058,10.2548864872,1.10684685214,1.7763568394e-15,1
0.00581,10.2548864872,1.10938638709,8.881784197e-16,1
0.00582,10.2548864872,1.11190946937,0,1
0.00583,10.2548864872,1.11440990554,8.881784197e-16,1
0.00584,10.2548864872,1.11689596524,1.7763568394e-15,1
0.00585,10.3774488945,1.11938396561,0,1
0.00586,10.3774488945,1.12188595025,1.7763568394e-15,1
0.00587,10.3774488945,1.12440073004,8.881784197e-16,1
0.00588,10.3774488945,1.12691491333,8.881784197e-16,1
0.00589,10.3774488945,1.12941301481,0,1
0.0059,10.4921950873,1.13188898079,8.881784197e-16,1
0.00591,10.4921950873,1.13435052031,8.881784197e-16,1
0.00592,10.4921950873,1.13681311661,8.881784197e-16,1
0.00593,10.4921950873,1.13928833116,8.881784197e-16,1
0.00594,10.4921950873,1.14177519896,8.881784197e-16,1
0.00595,10.6149740917,1.14426108213,8.881784197e-16,1
0.00596,10.6149740917,1.14673120976,1.7763568394e-15,1
0.00597,10.6149740917,1.14917967094,0,1
0.00598,10.6149740917,1.15161364682,8.881784197e-16,1
0.00599,10.6149740917,1.15404782449,8.881784197e-16,1
0.006,10.7393073851,1.15649329787,1.7763568394e-15,1
0.00601,10.7393073851,1.15894930702,8.881784197e-16,1
0.00602,10.7393073851,1.16140392983,1.7763568394e-15,1
0.00603,10.7393073851,1.16384308148,8.881784197e-16,1
0.00604,10.7393073851,1.16626099623,0,1
0.00605,10.85345863,1.16866435849,8.881784197e-16,1
0.00606,10.85345863,1.17106709541,0,1
0.00607,10.85345863,1.17347984779,8.881784197e-16,1
0.00608,10.85345863,1.17590204295,8.881784197e-16,1
0.00609,10.85345863,1.17832243821,8.881784197e-16,1
0.0061,10.9684637383,1.18072760737,8.881784197e-16,1
0.00611,10.9684637383,1.18311193182,8.881784197e-16,1
0.00612,10.9684637383,1.18548162867,0,1
0.00613,10.9684637383,1.18784990003,0,1
0.00614,10.9684637383,1.19022694779,1.7763568394e-15,1
0.00615,11.0901056335,1.19261236984,8.881784197e-16,1
0.00616,11.0901056335,1.19499556826,8.881784197e-16,1
0.00617,11.0901056335,1.19736374895,1.7763568394e-15,1
0.00618,11.0901056335,1.19971144173,8.881784197e-16,1
0.00619,11.0901056335,1.20204442445,8.881784197e-16,1
0.0062,11.2056915489,1.20437520765,8.881784197e-16,1
0.00621,11.2056915489,1.20671356835,0,1
0.00622,11.2056915489,1.20905925943,8.881784197e-16,1
0.00623,11.2056915489,1.21140229462,8.881784197e-16,1
0.00624,11.2056915489,1.21373048619,8.881784197e-16,1
0.00625,11.3155882567,1.21603851333,8.881784197e-16,1
0.00626,11.3155882567,1.21833174114,8.881784197e-16,1
0.00627,11.3155882567,1.22062202077,8.881784197e-16,1
0.00628,11.3155882567,1.22291871821,8.881784197e-16,1
0.00629,11.3155882567,1.22522172678,1.7763568394e-15,1
0.0063,11.4309915604,1.22752164021,0,1
0.00631,11.4309915604,1.22980685234,1.7763568394e-15,1
0.00632,11.4309915604,1.23207219213,0,1
0.00633,11.4309915604,1.23432263714,1.7763568394e-15,1
0.00634,11.4309915604,1.23656941003,0,1
0.00635,11.5466969631,1.23882147931,0,1
0.00636,11.5466969631,1.24107886521,8.881784197e-16,1
0.00637,11.5466969631,1.24333271131,8.881784197e-16,1
0.00638,11.5466969631,1.24557196895,8.881784197e-16,1
0.00639,11.5466969631,1.24779161695,0,1
0.0064,11.6546848255,1.24999626914,1.7763568394e-15,1
0.00641,11.6546848255,1.25219654936,0,1
0.00642,11.6546848255,1.25440104202,1.7763568394e-15,1
0.00643,11.6546848255,1.25660988164,1.7763568394e-15,1
0.00644,11.6546848255,1.25881473284,0,1
0.00645,11.7631642224,1.26100508125,0,1
0.00646,11.7631642224,1.26317605521,1.7763568394e-15,1
0.00647,11.7631642224,1.26533192745,1.7763568394e-15,1
0.00648,11.7631642224,1.26748275144,1.7763568394e-15,1
0.00649,11.7631642224,1.26963674061,1.7763568394e-15,1
0.0065,11.8757789581,1.271794132,8.881784197e-16,1
0.00651,11.8757789581,1.27394708383,8.881784197e-16,1
0.00652,11.8757789581,1.27608559361,0,1
0.00653,11.8757789581,1.27820493851,0,1
0.00654,11.8757789581,1.28030907158,1.7763568394e-15,1
0.00655,11.9833531949,1.28240750322,0,1
0.00656,11.9833531949,1.28450808872,0,1
0.00657,11.9833531949,1.28661115677,0,1
0.00658,11.9833531949,1.288709333,1.7763568394e-15,1
0.00659,11.9833531949,1.29079310513,1.7763568394e-15,1
0.0066,12.0865955101,1.29285789821,0,1
0.00661,12.0865955101,1.29490736583,8.881784197e-16,1
0.00662,12.0865955101,1.29695050152,1.7763568394e-15,1
0.00663,12.0865955101,1.29899481507,1.7763568394e-15,1
0.00664,12.0865955101,1.30104071664,0,1
0.00665,12.1934126374,1.30308127435,1.7763568394e-15,1
0.00666,12.1934126374,1.30510744525,1.7763568394e-15,1
0.00667,12.1934126374,1.30711480098,1.7763568394e-15,1
0.00668,12.1934126374,1.30910671485,0,1
0.00669,12.1934126374,1.31109168864,0,1
0.0067,12.299672138,1.31307689893,0,1
0.00671,12.299672138,1.31506282803,1.7763568394e-15,1
0.00672,12.299672138,1.31704296276,1.7763568394e-15,1
0.00673,12.299672138,1.31900870931,0,1
0.00674,12.299672138,1.32095578442,1.7763568394e-15,1
0.00675,12.3998961173,1.32288729924,1.7763568394e-15,1
0.00676,12.3998961173,1.32481128786,1.7763568394e-15,1
0.00677,12.3998961173,1.32673460573,1.7763568394e-15,1
0.00678,12.3998961173,1.32865779861,8.881784197e-16,1
0.00679,12.3998961173,1.33057474938,1.7763568394e-15,1
0.0068,12.5001871645,1.33247729394,1.7763568394e-15,1
0.00681,12.5001871645,1.3343612924,1.7763568394e-15,1
0.00682,12.5001871645,1.33622961087,0,1
0.00683,12.5001871645,1.33808983877,8.881784197e-16,1
0.00684,12.5001871645,1.33994852227,1.7763568394e-15,1
0.00685,12.6027960903,1.3418062625,1.7763568394e-15,1
0.00686,12.6027960903,1.34365731692,8.881784197e-16,1
0.00687,12.6027960903,1.34549393233,1.7763568394e-15,1
0.00688,12.6027960903,1.3473121103,1.7763568394e-15,1
0.00689,12.6027960903,1.34911448804,1.7763568394e-15,1
0.0069,12.7010824693,1.35090823244,8.881784197e-16,1
0.00691,12.7010824693,1.35269959186,1.7763568394e-15,1
0.00692,12.7010824693,1.35448921542,1.7763568394e-15,1
0.00693,12.7010824693,1.35627171462,1.7763568394e-15,1
0.00694,12.7010824693,1.35803972915,0,1
0.00695,12.7958767084,1.35978939986,8.881784197e-16,1
0.00696,12.7958767084,1.36152315038,1.7763568394e-15,1
0.00697,12.7958767084,1.36324774617,0,1
0.00698,12.7958767084,1.36496914904,1.7763568394e-15,1
0.00699,12.7958767084,1.36668804928,1.7763568394e-15,1
0.007,12.8927561225,1.36839939293,8.881784197e-16,1
0.00701,12.8927561225,1.37009619513,1.7763568394e-15,1
0.00702,12.8927561225,1.37177473377,0,1
0.00703,12.8927561225,1.3734372333,1.7763568394e-15,1
0.00704,12.8927561225,1.37509007796,1.7763568394e-15,1
0.00705,12.9884694715,1.37673895398,0,1
0.00706,12.9884694715,1.37838458656,0,1
0.00707,12.9884694715,1.3800222377,0,1
0.00708,12.9884694715,1.38164528128,0,1
0.00709,12.9884694715,1.38325012977,0,1
0.0071,13.0792816443,1.38483882203,1.7763568394e-15,1
0.00711,13.0792816443,1.38641738045,0,1
0.00712,13.0792816443,1.38799122638,1.7763568394e-15,1
0.00713,13.0792816443,1.38956111409,0,1
0.00714,13.0792816443,1.391122604,0,1
0.00715,13.1697228116,1.39266941255,1.7763568394e-15,1
0.00716,13.1697228116,1.39419808425,1.7763568394e-15,1
0.00717,13.1697228116,1.39571048519,0,1
0.00718,13.1697228116,1.39721229443,1.7763568394e-15,1
0.00719,13.1697228116,1.39870867879,1.7763568394e-15,1
0.0072,13.2611432853,1.4002004164,1.7763568394e-15,1
0.00721,13.2611432853,1.40168334928,0,1
0.00722,13.2611432853,1.40315152096,1.7763568394e-15,1
0.00723,13.2611432853,1.40460160531,1.7763568394e-15,1
0.00724,13.2611432853,1.40603530774,1.7763568394e-15,1
0.00725,13.3487358348,1.40745798166,1.7763568394e-15,1
0.00726,13.3487358348,1.40887454947,1.7763568394e-15,1
0.00727,13.3487358348,1.41028580833,1.7763568394e-15,1
0.00728,13.3487358348,1.41168786597,1.7763568394e-15,1
0.00729,13.3487358348,1.41307507808,1.7763568394e-15,1
0.0073,13.4333289001,1.41444424514,0,1
0.00731,13.4333289001,1.41579692326,8.881784197e-16,1
0.00732,13.4333289001,1.41713815707,8.881784197e-16,1
0.00733,13.4333289001,1.41847263442,0,1
0.00734,13.4333289001,1.41980116708,8.881784197e-16,1
0.00735,13.5188489987,1.42112011338,8.881784197e-16,1
0.00736,13.5188489987,1.42242412683,1.7763568394e-15,1
0.00737,13.5188489987,1.42371013172,8.881784197e-16,1
0.00738,13.5188489987,1.42497954551,0,1
0.00739,13.5188489987,1.42623712025,0,1
0.0074,13.6027571902,1.42748731876,1.7763568394e-15,1
0.00741,13.6027571902,1.42873096342,8.881784197e-16,1
0.00742,13.6027571902,1.42996464881,8.881784197e-16,1
0.00743,13.6027571902,1.43118331251,8.881784197e-16,1
0.00744,13.6027571902,1.4323839997,1.7763568394e-15,1
0.00745,13.6825141505,1.43356799929,1.7763568394e-15,1
0.00746,13.6825141505,1.43473978612,8.881784197e-16,1
0.00747,13.6825141505,1.43590360729,8.881784197e-16,1
0.00748,13.6825141505,1.43706029211,1.7763568394e-15,1
0.00749,13.6825141505,1.43820665788,0,1
0.0075,13.7614761816,1.43933791296,8.881784197e-16,1
0.00751,13.7614761816,1.44045122049,1.7763568394e-15,1
0.00752,13.7614761816,1.4415477503,8.881784197e-16,1
0.00753,13.7614761816,1.44263171473,0,1
0.00754,13.7614761816,1.44370715414,1.7763568394e-15,1
0.00755,13.8404179251,1.44477490152,8.881784197e-16,1
0.00756,13.8404179251,1.44583198392,0,1
0.00757,13.8404179251,1.44687386785,0,1
0.00758,13.8404179251,1.4478978314,8.881784197e-16,1
0.00759,13.8404179251,1.44890493419,8.881784197e-16,1
0.0076,13.9158598494,1.44989914014,8.881784197e-16,1
0.00761,13.9158598494,1.45088429155,0,1
0.00762,13.9158598494,1.45186122211,8.881784197e-16,1
0.00763,13.9158598494,1.45282715646,0,1
0.00764,13.9158598494,1.45377780701,1.7763568394e-15,1
0.00765,13.9885640924,1.45471056381,8.881784197e-16,1
0.00766,13.9885640924,1.45562638463,0,1
0.00767,13.9885640924,1.45652899832,1.7763568394e-15,1
0.00768,13.9885640924,1.45742205758,1.7763568394e-15,1
0.00769,13.9885640924,1.45830639416,0,1
0.0077,14.0612877065,1.45917941867,1.7763568394e-15,1
0.00771,14.0612877065,1.46003707773,0,1
0.00772,14.0612877065,1.46087687035,8.881784197e-16,1
0.00773,14.0612877065,1.46169966025,1.7763568394e-15,1
0.00774,14.0612877065,1.46250895398,1.7763568394e-15,1
0.00775,14.1320603216,1.46330822284,0,1
0.00776,14.1320603216,1.4640982942,1.7763568394e-15,1
0.00777,14.1320603216,1.46487675369,1.7763568394e-15,1
0.00778,14.1320603216,1.46563977098,0,1
0.00779,14.1320603216,1.46638495093,0,1
0.0078,14.1991624471,1.46711307058,0,1
0.00781,14.1991624471,1.46782742635,0,1
0.00782,14.1991624471,1.46853131601,8.881784197e-16,1
0.00783,14.1991624471,1.46922556047,8.881784197e-16,1
0.00784,14.1991624471,1.46990790997,1.7763568394e-15,1
0.00785,14.2650748656,1.47057474646,0,1
0.00786,14.2650748656,1.47122377767,0,1
0.00787,14.2650748656,1.47185570079,0,1
0.00788,14.2650748656,1.4724736137,8.881784197e-16,1
0.00789,14.2650748656,1.47308064829,1.7763568394e-15,1
0.0079,14.3302100339,1.47367761713,0,1
0.00791,14.3302100339,1.47426242523,1.7763568394e-15,1
0.00792,14.3302100339,1.47483165654,1.7763568394e-15,1
0.00793,14.3302100339,1.47538311859,1.7763568394e-15,1
0.00794,14.3302100339,1.47591743522,8.881784197e-16,1
0.00795,14.3920507842,1.47643751673,1.7763568394e-15,1
0.00796,14.3920507842,1.47694633657,0,1
0.00797,14.3920507842,1.47744469726,1.7763568394e-15,1
0.00798,14.3920507842,1.47793064932,8.881784197e-16,1
0.00799,14.3920507842,1.47840096883,8.881784197e-16,1
0.008,14.45126455,1.47885356011,0,1
0.00801,14.45126455,1.47928897963,8.881784197e-16,1
0.00802,14.45126455,1.47970996066,0,1
0.00803,14.45126455,1.4801193253,1.7763568394e-15,1
0.00804,14.45126455,1.48051786459,1.7763568394e-15,1
0.00805,14.5097808334,1.48090376576,0,1
0.00806,14.5097808334,1.48127398757,0,1
0.00807,14.5097808334,1.48162652815,0,1
0.00808,14.5097808334,1.48196188222,0,1
0.00809,14.5097808334,1.482282616,0,1
0.0081,14.5660786412,1.48259140711,0,1
0.00811,14.5660786412,1.48288903388,0,1
0.00812,14.5660786412,1.48317381191,8.881784197e-16,1
0.00813,14.5660786412,1.48344287362,1.7763568394e-15,1
0.00814,14.5660786412,1.48369430796,1.7763568394e-15,1
0.00815,14.6189994504,1.48392855318,0,1
0.00816,14.6189994504,1.48414801794,8.881784197e-16,1
0.00817,14.6189994504,1.48435524201,8.881784197e-16,1
0.00818,14.6189994504,1.48455098991,1.7763568394e-15,1
0.00819,14.6189994504,1.48473369776,1.7763568394e-15,1
0.0082,14.670372083,1.48490066303,1.7763568394e-15,1
0.00821,14.670372083,1.48505006253,1.7763568394e-15,1
0.00822,14.670372083,1.48518228293,1.7763568394e-15,1
0.00823,14.670372083,1.48529958436,0,1
0.00824,14.670372083,1.48540437516,0,1
0.00825,14.7203862354,1.48549740508,1.7763568394e-15,1
0.00826,14.7203862354,1.48557722338,0,1
0.00827,14.7203862354,1.48564128426,0,1
0.00828,14.7203862354,1.48568784955,0,1
0.00829,14.7203862354,1.48571725888,1.7763568394e-15,1
0.0083,14.7672224012,1.48573163242,8.881784197e-16,1
0.00831,14.7672224012,1.48573325323,1.7763568394e-15,1
0.00832,14.7672224012,1.48572285555,1.7763568394e-15,1
0.00833,14.7672224012,1.48569909474,0,1
0.00834,14.7672224012,1.48565957388,1.7763568394e-15,1
0.00835,14.8114458484,1.48560263689,0,1
0.00836,14.8114458484,1.48552858067,1.7763568394e-15,1
0.00837,14.8114458484,1.48543939356,1.7763568394e-15,1
0.00838,14.8114458484,1.48533723926,1.7763568394e-15,1
0.00839,14.8114458484,1.48522283585,8.881784197e-16,1
0.0084,14.8544015074,1.4850949382,1.7763568394e-15,1
0.00841,14.8544015074,1.48495129072,1.7763568394e-15,1
0.00842,14.8544015074,1.4847903166,1.7763568394e-15,1
0.00843,14.8544015074,1.48461227398,0,1
0.00844,14.8544015074,1.48441902707,8.881784197e-16,1
0.00845,14.8949206938,1.48421262593,1.7763568394e-15,1
0.00846,14.8949206938,1.48399377198,1.7763568394e-15,1
0.00847,14.8949206938,1.48376131335,8.881784197e-16,1
0.00848,14.8949206938,1.48351312856,8.881784197e-16,1
0.00849,14.8949206938,1.48324771733,0,1
0.0085,14.9322275462,1.48296530269,0,1
0.00851,14.9322275462,1.48266763207,0,1
0.00852,14.9322275462,1.48235664738,8.881784197e-16,1
0.00853,14.9322275462,1.48203303295,8.881784197e-16,1
0.00854,14.9322275462,1.48169572432,1.7763568394e-15,1
0.00855,14.967666369,1.48134272723,0,1
0.00856,14.967666369,1.48097261518,1.7763568394e-15,1
0.00857,14.967666369,1.48058557955,0,1
0.00858,14.967666369,1.48018325793,1.7763568394e-15,1
0.00859,14.967666369,1.47976748932,0,1
0.0086,15.0012942835,1.47933894071,1.7763568394e-15,1
0.00861,15.0012942835,1.47889662948,0,1
0.00862,15.0012942835,1.47843868201,0,1
0.00863,15.0012942835,1.47796374296,0,1
0.00864,15.0012942835,1.47747197517,1.7763568394e-15,1
0.00865,15.0317973533,1.47696491301,1.7763568394e-15,1
0.00866,15.0317973533,1.47644429764,8.881784197e-16,1
0.00867,15.0317973533,1.47591077848,0,1
0.00868,15.0317973533,1.47536344953,1.7763568394e-15,1
0.00869,15.0317973533,1.47480055158,1.7763568394e-15,1
0.0087,15.0596427166,1.47422079777,8.881784197e-16,1
0.00871,15.0596427166,1.47362432541,8.881784197e-16,1
0.00872,15.0596427166,1.47301257184,8.881784197e-16,1
0.00873,15.0596427166,1.47238718526,0,1
0.00874,15.0596427166,1.47174879739,8.881784197e-16,1
0.00875,15.0857633045,1.47109657394,8.881784197e-16,1
0.00876,15.0857633045,1.47042886412,1.7763568394e-15,1
0.00877,15.0857633045,1.46974444703,0,1
0.00878,15.0857633045,1.4690434371,8.881784197e-16,1
0.00879,15.0857633045,1.46832718061,1.7763568394e-15,1
0.0088,15.1092647293,1.46759723743,8.881784197e-16,1
0.00881,15.1092647293,1.46685422154,1.7763568394e-15,1
0.00882,15.1092647293,1.46609736574,0,1
0.00883,15.1092647293,1.46532512195,8.881784197e-16,1
0.00884,15.1092647293,1.4645363327,8.881784197e-16,1
0.00885,15.1296310501,1.46373109212,8.881784197e-16,1
0.00886,15.1296310501,1.46291066098,1.7763568394e-15,1
0.00887,15.1296310501,1.46207651528,8.881784197e-16,1
0.00888,15.1296310501,1.4612292513,1.7763568394e-15,1
0.00889,15.1296310501,1.46036816458,0,1
0.0089,15.1478472715,1.45949180429,1.7763568394e-15,1
0.00891,15.1478472715,1.45859907397,1.7763568394e-15,1
0.00892,15.1478472715,1.45769004976,1.7763568394e-15,1
0.00893,15.1478472715,1.45676591221,0,1
0.00894,15.1478472715,1.45582805772,1.7763568394e-15,1
0.00895,15.1638954565,1.45487706499,1.7763568394e-15,1
0.00896,15.1638954565,1.45391228814,0,1
0.00897,15.1638954565,1.45293236847,1.7763568394e-15,1
0.00898,15.1638954565,1.45193626813,0,1
0.00899,15.1638954565,1.45092404739,1.7763568394e-15,1
0.009,15.1768276858,1.44989681159,8.881784197e-16,1
0.00901,15.1768276858,1.44885588164,8.881784197e-16,1
0.00902,15.1768276858,1.44780181878,1.7763568394e-15,1
0.00903,15.1768276858,1.44673403187,8.881784197e-16,1
0.00904,15.1768276858,1.4456512494,1.7763568394e-15,1
0.00905,15.1870226442,1.44455248979,8.881784197e-16,1
0.00906,15.1870226442,1.44343779943,8.881784197e-16,1
0.00907,15.1870226442,1.44230821319,8.881784197e-16,1
0.00908,15.1870226442,1.44116498037,0,1
0.00909,15.1870226442,1.44000864495,1.7763568394e-15,1
0.0091,15.1969154874,1.43883866693,1.7763568394e-15,1
0.00911,15.1969154874,1.43765385727,8.881784197e-16,1
0.00912,15.1969154874,1.4364532884,8.881784197e-16,1
0.00913,15.1969154874,1.43523699464,1.7763568394e-15,1
0.00914,15.1969154874,1.43400594484,1.7763568394e-15,1
0.00915,15.2112005069,1.43276132047,1.7763568394e-15,1
0.00916,15.2112005069,1.43150364845,0,1
0.00917,15.2112005069,1.43023243651,0,1
0.00918,15.2112005069,1.42894657361,1.7763568394e-15,1
0.00919,15.2112005069,1.42764518403,0,1
0.0092,15.2321384702,1.42632829163,1.7763568394e-15,1
0.00921,15.2321384702,1.42499680347,1.7763568394e-15,1
0.00922,15.2321384702,1.42365183675,0,1
0.00923,15.2321384702,1.42229390164,0,1
0.00924,15.2321384702,1.42092255037,8.881784197e-16,1
0.00925,15.2422976785,1.41953674566,1.7763568394e-15,1
0.00926,15.2422976785,1.41813566145,0,1
0.00927,15.2422976785,1.41671931272,0,1
0.00928,15.2422976785,1.41528854868,0,1
0.00929,15.2422976785,1.4138444257,1.7763568394e-15,1
0.0093,15.2468244722,1.41238743747,0,1
0.00931,15.2468244722,1.41091717774,0,1
0.00932,15.2468244722,1.40943267891,1.7763568394e-15,1
0.00933,15.2468244722,1.40793316254,1.7763568394e-15,1
0.00934,15.2468244722,1.40641863608,8.881784197e-16,1
0.00935,15.2599951981,1.40488989468,8.881784197e-16,1
0.00936,15.2599951981,1.40334793708,1.7763568394e-15,1
0.00937,15.2599951981,1.40179324086,8.881784197e-16,1
0.00938,15.2599951981,1.40022543846,1.7763568394e-15,1
0.00939,15.2599951981,1.39864362811,1.7763568394e-15,1
0.0094,15.270437503,1.39704707695,8.881784197e-16,1
0.00941,15.270437503,1.3954357862,0,1
0.00942,15.270437503,1.39381050042,1.7763568394e-15,1
0.00943,15.270437503,1.39217216391,0,1
0.00944,15.270437503,1.39052123843,8.881784197e-16,1
0.00945,15.2699304521,1.38885739247,8.881784197e-16,1
0.00946,15.2699304521,1.38717978645,0,1
0.00947,15.2699304521,1.38548773112,0,1
0.00948,15.2699304521,1.38378122259,1.7763568394e-15,1
0.00949,15.2699304521,1.38206095821,1.7763568394e-15,1
0.0095,15.2727863173,1.38032783074,8.881784197e-16,1
0.00951,15.2727863173,1.37858228654,8.881784197e-16,1
0.00952,15.2727863173,1.37682402764,8.881784197e-16,1
0.00953,15.2727863173,1.37505227317,1.7763568394e-15,1
0.00954,15.2727863173,1.37326637558,0,1
0.00955,15.2800666187,1.37146632694,8.881784197e-16,1
0.00956,15.2800666187,1.36965278048,1.7763568394e-15,1
0.00957,15.2800666187,1.36782658028,0,1
0.00958,15.2800666187,1.36598815767,1.7763568394e-15,1
0.00959,15.2800666187,1.36413724588,0,1
0.0096,15.278216436,1.36227311944,8.881784197e-16,1
0.00961,15.278216436,1.36039517068,1.7763568394e-15,1
0.00962,15.278216436,1.35850338853,1.7763568394e-15,1
0.00963,15.278216436,1.35659838508,1.7763568394e-15,1
0.00964,15.278216436,1.3546809584,0,1
0.00965,15.2719892124,1.35275152518,8.881784197e-16,1
0.00966,15.2719892124,1.35080984769,8.881784197e-16,1
0.00967,15.2719892124,1.34885525268,0,1
0.00968,15.2719892124,1.34688717058,8.881784197e-16,1
0.00969,15.2719892124,1.34490558807,1.7763568394e-15,1
0.0097,15.2720627413,1.34291107882,1.7763568394e-15,1
0.00971,15.2720627413,1.34090439746,0,1
0.00972,15.2720627413,1.33888594645,8.881784197e-16,1
0.00973,15.2720627413,1.33685551503,0,1
0.00974,15.2720627413,1.3348124792,8.881784197e-16,1
0.00975,15.2691510593,1.33275630578,0,1
0.00976,15.2691510593,1.3306869799,0,1
0.00977,15.2691510593,1.32860503948,0,1
0.00978,15.2691510593,1.32651119809,8.881784197e-16,1
0.00979,15.2691510593,1.32440584439,1.7763568394e-15,1
0.0098,15.2574218093,1.32228879266,0,1
0.00981,15.2574218093,1.32015946533,0,1
0.00982,15.2574218093,1.3180173639,1.7763568394e-15,1
0.00983,15.2574218093,1.31586247268,0,1
0.00984,15.2574218093,1.31369529623,1.7763568394e-15,1
0.00985,15.2481676018,1.31151650939,8.881784197e-16,1
0.00986,15.2481676018,1.30932648746,8.881784197e-16,1
0.00987,15.2481676018,1.30712506791,1.7763568394e-15,1
0.00988,15.2481676018,1.30491171691,3.5527136788e-15,1
0.00989,15.2481676018,1.30268596906,1.7763568394e-15,1
0.0099,15.2416569036,1.30044780844,0,1
0.00991,15.2416569036,1.29819770852,0,1
0.00992,15.2416569036,1.29593630763,1.7763568394e-15,1
0.00993,15.2416569036,1.29366396807,8.881784197e-16,1
0.00994,15.2416569036,1.29138054888,8.881784197e-16,1
0.00995,15.2273947296,1.28908555737,8.881784197e-16,1
0.00996,15.2273947296,1.28677855969,0,1
0.00997,15.2273947296,1.28445954021,1.7763568394e-15,1
0.00998,15.2273947296,1.28212894347,8.881784197e-16,1
0.00999,15.2273947296,1.27978737336,1.7763568394e-15,1
0.01,15.2096367216,1.27743517961,1.7763568394e-15,1
