time_s,SOURCE_v_pu,CAP_v_pu,output_fixed_1_pu,branch_current_branch_fixed_1_pu
0,0,0,0,0
1e-05,1,0.000997425544926,0.000997425544926,0.000997425544926
2e-05,1,0.00498000235468,0.00498000235468,0.00298515126483
3e-05,1,0.0129198513354,0.0129198513354,0.00495469771592
4e-05,1,0.0247728133843,0.0247728133843,0.0068982643329
5e-05,1,0.0404792565229,0.0404792565229,0.00880817880575
6e-05,1,0.059964362614,0.059964362614,0.0106769272854
7e-05,1,0.0831384737613,0.0831384737613,0.0124971838619
8e-05,1,0.109897496823,0.109897496823,0.0142618391999
9e-05,1,0.140123364243,0.140123364243,0.0159640282199
0.0001,1,0.17368454918,0.17368454918,0.0175971567169
0.00011,1,0.210436632712,0.210436632712,0.0191549268158
0.00012,1,0.250222920691,0.250222920691,0.0206313611625
0.00013,1,0.292875107614,0.292875107614,0.0220208257614
0.00014,1,0.338213984746,0.338213984746,0.0233180513704
0.00015,1,0.38605018949,0.38605018949,0.0245181533729
0.00016,1,0.436184992915,0.436184992915,0.0256166500528
0.00017,1,0.488411122173,0.488411122173,0.0266094792047
0.00018,1,0.542513614395,0.542513614395,0.0274930130177
0.00019,1,0.598270698592,0.598270698592,0.0282640711789
0.0002,1,0.655454701921,0.655454701921,0.0289199321507
0.00021,1,0.713832976654,0.713832976654,0.0294583425819
0.00022,1,0.773168844057,0.773168844057,0.0298775248213
0.00023,1,0.833222551387,0.833222551387,0.0301761825092
0.00024,1,0.893752238128,0.893752238128,0.0303535042319
0.00025,1,0.95451490759,0.95451490759,0.0304091652295
0.00026,1,1.01526739998,1.01526739998,0.0303433271563
0.00027,1,1.07576736303,1.07576736303,0.0301566359017
0.00028,1,1.13577421642,1.13577421642,0.0298502174863
0.00029,1,1.19505010596,1.19505010596,0.029425672055
0.0003,1,1.25336084402,1.25336084402,0.0288850659971
0.00031,1,1.31047683224,1.31047683224,0.0282309222318
0.00032,1,1.36617396318,1.36617396318,0.0274662087027
0.00033,1,1.42023449701,1.42023449701,0.0265943251324
0.00034,1,1.47244791024,1.47244791024,0.0256190880975
0.00035,1,1.52261171283,1.52261171283,0.0245447144862
0.00036,1,1.57053223073,1.57053223073,0.0233758034118
0.00037,1,1.6160253508,1.6160253508,0.0221173166581
0.00038,1,1.65891722519,1.65891722519,0.0207745577395
0.00039,1,1.6990449326,1.6990449326,0.0193531496636
0.0004,1,1.73625709375,1.73625709375,0.0178590114892
0.00041,1,1.77041443902,1.77041443902,0.0162983337779
0.00042,1,1.80139032583,1.80139032583,0.0146775530384
0.00043,1,1.82907120414,1.82907120414,0.0130033252717
0.00044,1,1.85335702814,1.85335702814,0.0112824987231
0.00045,1,1.87416161281,1.87416161281,0.00952208595331
0.00046,1,1.89141293411,1.89141293411,0.00772923534229
0.00047,1,1.90505337159,1.90505337159,0.00591120214088
0.00048,1,1.91503989292,1.91503989292,0.0040753191875
0.00049,1,1.92134417952,1.92134417952,0.00222896740753
0.0005,1,1.92395269314,1.92395269314,0.00037954621399
0.00051,1,1.92286668328,1.92286668328,-0.00146555607224
0.00052,1,1.91810213554,1.91810213554,-0.00329899166463
0.00053,1,1.90968966138,1.90968966138,-0.00511348249865
0.00054,1,1.89767432983,1.89767432983,-0.00690184904915
0.00055,1,1.88211544212,1.88211544212,-0.00865703866374
0.00056,1,1.86308625015,1.86308625015,-0.0103721533006
0.00057,1,1.84067362029,1.84067362029,-0.012040476562
0.00058,1,1.81497764381,1.81497764381,-0.0136554999177
0.00059,1,1.78611119588,1.78611119588,-0.0152109480165
0.0006,1,1.75419944487,1.75419944487,-0.0167008029877
0.00061,1,1.71937931425,1.71937931425,-0.0181193276383
0.00062,1,1.68179889915,1.68179889915,-0.0194610874574
0.00063,1,1.64161684035,1.64161684035,-0.0207209713438
0.00064,1,1.59900165803,1.59900165803,-0.0218942109774
0.00065,1,1.55413104829,1.55413104829,-0.0229763987626
0.00066,1,1.50719114525,1.50719114525,-0.0239635042755
0.00067,1,1.45837575182,1.45837575182,-0.024851889154
0.00068,1,1.40788554229,1.40788554229,-0.0256383203778
0.00069,1,1.35592724002,1.35592724002,-0.0263199818884
0.0007,1,1.30271277363,1.30271277363,-0.0268944845092
0.00071,1,1.24845841498,1.24845841498,-0.0273598741314
0.00072,1,1.19338390272,1.19338390272,-0.0277146381378
0.00073,1,1.13771155453,1.13771155453,-0.0279577100453
0.00074,1,1.08166537213,1.08166537213,-0.028088472353
0.00075,1,1.02547014219,1.02547014219,-0.0281067575892
0.00076,1,0.969350537042,0.969350537042,-0.0280128475608
0.00077,1,0.91353021867,0.91353021867,-0.0278074708111
0.00078,1,0.858230949554,0.858230949554,-0.0274917983049
0.00079,1,0.803671713889,0.803671713889,-0.0270674373609
0.0008,1,0.750067852665,0.750067852665,-0.0265364238624
0.00081,1,0.697630216019,0.697630216019,-0.0259012127838
0.00082,1,0.646564336162,0.646564336162,-0.0251646670733
0.00083,1,0.597069624144,0.597069624144,-0.0243300449445
0.00084,1,0.54933859357,0.54933859357,-0.0234009856298
0.00085,1,0.50355611428,0.50355611428,-0.0223814936596
0.00086,1,0.459898698888,0.459898698888,-0.0212759217333
0.00087,1,0.418533824899,0.418533824899,-0.0200889522548
0.00088,1,0.379619295033,0.379619295033,-0.0188255776116
0.00089,1,0.343302638143,0.343302638143,-0.0174910792785
0.0009,1,0.309720553029,0.309720553029,-0.0160910058349
0.00091,1,0.27899839721,0.27899839721,-0.0146311499846
0.00092,1,0.25124972255,0.25124972255,-0.0131175246749
0.00093,1,0.226575859464,0.226575859464,-0.011556338412
0.00094,1,0.205065551177,0.205065551177,-0.00995396987417
0.00095,1,0.186794639377,0.186794639377,-0.00831694192608
0.00096,1,0.171825802312,0.171825802312,-0.00665189513948
0.00097,1,0.160208346244,0.160208346244,-0.00496556092825
0.00098,1,0.15197805091,0.15197805091,-0.00326473440545
0.00099,1,0.147157069433,0.147157069433,-0.00155624707198
0.001,1,0.145753882915,0.145753882915,0.000153060553877
0.00101,1,0.147763309725,0.147763309725,0.00185636625651
0.00102,1,0.153166569265,0.153166569265,0.00354689328386
0.00103,1,0.161931399791,0.161931399791,0.00521793724126
0.00104,1,0.174012229644,0.174012229644,0.00686289261174
0.00105,1,0.189350401054,0.189350401054,0.00847527879823
0.00106,1,0.207874445437,0.207874445437,0.0100487655852
0.00107,1,0.229500408942,0.229500408942,0.0115771979199
0.00108,1,0.254132226779,0.254132226779,0.013054619917
0.00109,1,0.281662144688,0.281662144688,0.0144752979923
0.0011,1,0.311971185718,0.311971185718,0.0158337430371
0.00111,1,0.344929660302,0.344929660302,0.0171247315469
0.00112,1,0.380397717473,0.380397717473,0.018343325624
0.00113,1,0.418225934874,0.418225934874,0.0194848917771
0.00114,1,0.458255945099,0.458255945099,0.020545118448
0.00115,1,0.500321095744,0.500321095744,0.0215200321974
0.00116,1,0.544247140434,0.544247140434,0.022406012492
0.00117,1,0.589852957961,0.589852957961,0.0231998050355
0.00118,1,0.636951296594,0.636951296594,0.0238985335977
0.00119,1,0.685349540489,0.685349540489,0.0244997102972
0.0012,1,0.734850495089,0.734850495089,0.0250012443023
0.00121,1,0.785253188312,0.785253188312,0.0254014489207
0.00122,1,0.836353684287,0.836353684287,0.0256990470539
0.00123,1,0.887945906341,0.887945906341,0.025893175001
0.00124,1,0.939822465943,0.939822465943,0.0259833846003
0.00125,1,0.99177549425,0.99177549425,0.0259696437071
0.00126,1,1.04359747297,1.04359747297,0.0258523350093
0.00127,1,1.09508206117,1.09508206117,0.0256322531928
0.00128,1,1.14602491483,1.14602491483,0.0253106004708
0.00129,1,1.19622449581,1.19622449581,0.0248889805027
0.0013,1,1.24548286704,1.24548286704,0.0243693907291
0.00131,1,1.29360647093,1.29360647093,0.023754213161
0.00132,1,1.34040688775,1.34040688775,0.0230462036633
0.00133,1,1.3857015712,1.3857015712,0.0222484797804
0.00134,1,1.42931455813,1.42931455813,0.0213645071574
0.00135,1,1.47107714991,1.47107714991,0.0203980846155
0.00136,1,1.51082856247,1.51082856247,0.0193533279447
0.00137,1,1.54841654289,1.54841654289,0.0182346524835
0.00138,1,1.58369794994,1.58369794994,0.017046754558
0.00139,1,1.61653929635,1.61653929635,0.0157945918589
0.0014,1,1.64681725105,1.64681725105,0.0144833628373
0.00141,1,1.67441909909,1.67441909909,0.0131184852053
0.00142,1,1.69924315793,1.69924315793,0.0117055736288
0.00143,1,1.72119914826,1.72119914826,0.0102504167063
0.00144,1,1.74020851829,1.74020851829,0.00875895332479
0.00145,1,1.75620472011,1.75620472011,0.0072372484917
0.00146,1,1.76913343734,1.76913343734,0.00569146873944
0.00147,1,1.77895276328,1.77895276328,0.00412785720257
0.00148,1,1.78563332895,1.78563332895,0.00255270846795
0.00149,1,1.78915838072,1.78915838072,0.000972343298931
0.0015,1,1.78952380735,1.78952380735,-0.000606916665192
0.00151,1,1.78673811655,1.78673811655,-0.00217877413338
0.00152,1,1.78082236121,1.78082236121,-0.00373698121037
0.00153,1,1.77181001583,1.77181001583,-0.00527536416814
0.00154,1,1.75974680382,1.75974680382,-0.00678784784328
0.00155,1,1.74469047641,1.74469047641,-0.00826847956425
0.00156,1,1.72671054433,1.72671054433,-0.00971145251439
0.00157,1,1.70588796338,1.70588796338,-0.0111111284394
0.00158,1,1.68231477533,1.68231477533,-0.0124620596104
0.00159,1,1.65609370576,1.65609370576,-0.0137590099584
0.0016,1,1.62733772051,1.62733772051,-0.0149969752964
0.00161,1,1.59616954266,1.59616954266,-0.0161712025536
0.00162,1,1.56272113216,1.56272113216,-0.0172772079466
0.00163,1,1.52713313019,1.52713313019,-0.018310794019
0.00164,1,1.48955427069,1.48955427069,-0.0192680654851
0.00165,1,1.45014076138,1.45014076138,-0.0201454438176
0.00166,1,1.40905563704,1.40905563704,-0.020939680526
0.00167,1,1.36646808744,1.36646808744,-0.0216478690758
0.00168,1,1.32255276296,1.32255276296,-0.0222674554066
0.00169,1,1.27748906054,1.27748906054,-0.0227962470102
0.0017,1,1.23146039299,1.23146039299,-0.0232324205375
0.00171,1,1.18465344455,1.18465344455,-0.0235745279089
0.00172,1,1.13725741573,1.13725741573,-0.023821500908
0.00173,1,1.08946326058,1.08946326058,-0.0239726542456
0.00174,1,1.04146291924,1.04146291924,-0.0240276870857
0.00175,1,0.993448549125,0.993448549125,-0.0239866830335
0.00176,1,0.945611757503,0.945611757503,-0.0238501085889
0.00177,1,0.898142838836,0.898142838836,-0.0236188100779
0.00178,1,0.85123001968,0.85123001968,-0.0232940090781
0.00179,1,0.805058714241,0.805058714241,-0.0228772963609
0.0018,1,0.759810793499,0.759810793499,-0.0223706243812
0.00181,1,0.715663870772,0.715663870772,-0.021776298346
0.00182,1,0.672790606521,0.672790606521,-0.0210969659051
0.00183,1,0.631358035108,0.631358035108,-0.0203356055081
0.00184,1,0.591526916122,0.591526916122,-0.0194955134771
0.00185,1,0.553451112792,0.553451112792,-0.0185802898534
0.00186,1,0.517276999863,0.517276999863,-0.0175938230761
0.00187,1,0.483142903227,0.483142903227,-0.016540273559
0.00188,1,0.451178573435,0.451178573435,-0.0154240562338
0.00189,1,0.421504695068,0.421504695068,-0.0142498221332
0.0019,1,0.394232433845,0.394232433845,-0.0130224390899
0.00191,1,0.369463023123,0.369463023123,-0.0117469716316
0.00192,1,0.347287391337,0.347287391337,-0.0104286601546
0.00193,1,0.32778583172,0.32778583172,-0.00907289946178
0.00194,1,0.311027715507,0.311027715507,-0.00768521675146
0.00195,1,0.297071249607,0.297071249607,-0.00627124914834
0.00196,1,0.285963279593,0.285963279593,-0.00483672086615
0.00197,1,0.277739138632,0.277739138632,-0.0033874200951
0.00198,1,0.27242254283,0.27242254283,-0.00192917570694
0.00199,1,0.270025533251,0.270025533251,-0.000467833871178
0.002,1,0.270548464704,0.270548464704,0.000990765323946
0.00201,1,0.273980041181,0.273980041181,0.00244081115249
0.00202,1,0.280297397674,0.280297397674,0.00387654534129
0.00203,1,0.289466227894,0.289466227894,0.00529228487826
0.00204,1,0.301440957221,0.301440957221,0.0066824444486
0.00205,1,0.31616496008,0.31616496008,0.00804155841038
0.00206,1,0.333570820714,0.333570820714,0.00936430222334
0.00207,1,0.353580636184,0.353580636184,0.0106455132472
0.00208,1,0.37610636026,0.37610636026,0.0118802108284
0.00209,1,0.401050186686,0.401050186686,0.0130636155975
0.0021,1,0.428304970186,0.428304970186,0.0141911679025
0.00211,1,0.457754683395,0.457754683395,0.0152585453073
0.00212,1,0.489274907792,0.489274907792,0.0162616790893
0.00213,1,0.522733356553,0.522733356553,0.0171967696717
0.00214,1,0.557990427158,0.557990427158,0.0180603009336
0.00215,1,0.594899781437,0.594899781437,0.018849053345
0.00216,1,0.633308950657,0.633308950657,0.0195601158754
0.00217,1,0.673059963168,0.673059963168,0.0201908966357
0.00218,1,0.713989992016,0.713989992016,0.0207391322119
0.00219,1,0.755932019888,0.755932019888,0.0212028956597
0.0022,1,0.798715518679,0.798715518679,0.0215806031312
0.00221,1,0.842167140922,0.842167140922,0.0218710191117
0.00222,1,0.886111420284,0.886111420284,0.0220732602504
0.00223,1,0.930371478308,0.930371478308,0.0221867977741
0.00224,1,0.97476973456,0.97476973456,0.0222114584782
0.00225,1,1.01912861734,1.01912861734,0.0221474242968
0.00226,1,1.06327127209,1.06327127209,0.0219952304559
0.00227,1,1.10702226477,1.10702226477,0.0217557622245
0.00228,1,1.15020827727,1.15020827727,0.0214302502781
0.00229,1,1.19265879225,1.19265879225,0.0210202646994
0.0023,1,1.23420676459,1.23420676459,0.0205277076435
0.00231,1,1.27468927694,1.27468927694,0.0199548047017
0.00232,1,1.31394817664,1.31394817664,0.0193040950018
0.00233,1,1.35183069173,1.35183069173,0.0185784200888
0.00234,1,1.38819002345,1.38819002345,0.0177809116342
0.00235,1,1.42288591311,1.42288591311,0.0169149780265
0.00236,1,1.45578518104,1.45578518104,0.0159842898998
0.00237,1,1.4867622356,1.4867622356,0.0149927646622
0.00238,1,1.51569955035,1.51569955035,0.0139445500879
0.00239,1,1.54248810748,1.54248810748,0.0128440070424
0.0024,1,1.56702780594,1.56702780594,0.0116956914118
0.00241,1,1.58922783266,1.58922783266,0.0105043353109
0.00242,1,1.60900699562,1.60900699562,0.00927482764807
0.00243,1,1.62629401739,1.62629401739,0.00801219412494
0.00244,1,1.64102778827,1.64102778827,0.00672157675414
0.00245,1,1.653157578,1.653157578,0.00540821297732
0.00246,1,1.66264320545,1.66264320545,0.00407741446831
0.00247,1,1.66945516562,1.66945516562,0.002734545707
0.00248,1,1.67357471374,1.67357471374,0.00138500241011
0.00249,1,1.67499390606,1.67499390606,3.4189905344e-05
0.0025,1,1.6737155975,1.6737155975,-0.00131249846455
0.00251,1,1.66975339621,1.66975339621,-0.0026497028218
0.00252,1,1.66313157536,1.66313157536,-0.00397211803242
0.00253,1,1.65388494262,1.65388494262,-0.00527451469939
0.00254,1,1.64205866814,1.64205866814,-0.00655175978756
0.00255,1,1.62770807155,1.62770807155,-0.00779883679898
0.00256,1,1.61089836933,1.61089836933,-0.00901086541969
0.00257,1,1.59170438335,1.59170438335,-0.0101831205611
0.00258,1,1.57021021207,1.57021021207,-0.0113110507223
0.00259,1,1.54650886574,1.54650886574,-0.0123902956015
0.0026,1,1.52070186725,1.52070186725,-0.0134167028892
0.00261,1,1.49289882019,1.49289882019,-0.0143863441789
0.00262,1,1.46321694607,1.46321694607,-0.015295529934
0.00263,1,1.43178059268,1.43178059268,-0.0161408234544
0.00264,1,1.39872071544,1.39872071544,-0.0169190537906
0.00265,1,1.36417433409,1.36417433409,-0.0176273275566
0.00266,1,1.32828396694,1.32828396694,-0.0182630395981
0.00267,1,1.29119704486,1.29119704486,-0.0188238824774
0.00268,1,1.25306530764,1.25306530764,-0.0193078547402
0.00269,1,1.21404418497,1.21404418497,-0.0197132679358
0.0027,1,1.17429216467,1.17429216467,-0.0200387523661
0.00271,1,1.13397015076,1.13397015076,-0.0202832615453
0.00272,1,1.09324081385,1.09324081385,-0.0204460753554
0.00273,1,1.05226793661,1.05226793661,-0.0205268018896
0.00274,1,1.01121575674,1.01121575674,-0.0205253779814
0.00275,1,0.970248310338,0.970248310338,-0.0204420684189
0.00276,1,0.929528778064,0.929528778064,-0.0202774638549
0.00277,1,0.889218836788,0.889218836788,-0.0200324774216
0.00278,1,0.849478019295,0.849478019295,-0.0197083400711
0.00279,1,0.810463084562,0.810463084562,-0.0193065946617
0.0028,1,0.772327401083,0.772327401083,-0.0188290888182
0.00281,1,0.735220345665,0.735220345665,-0.0182779665996
0.00282,1,0.699286720055,0.699286720055,-0.0176556590099
0.00283,1,0.664666187652,0.664666187652,-0.0169648733938
0.00284,1,0.631492732494,0.631492732494,-0.016208581764
0.00285,1,0.599894142621,0.599894142621,-0.0153900081086
0.00286,1,0.569991519779,0.569991519779,-0.0145126147341
0.00287,1,0.541898817345,0.541898817345,-0.0135800876994
0.00288,1,0.515722408241,0.515722408241,-0.0125963214045
0.00289,1,0.491560684441,0.491560684441,-0.0115654023957
0.0029,1,0.46950368959,0.46950368959,-0.0104915924552
0.00291,1,0.44963278609,0.44963278609,-0.00937931104534
0.00292,1,0.432020357865,0.432020357865,-0.00823311717903
0.00293,1,0.416729549896,0.416729549896,-0.00705769079031
0.00294,1,0.403814045424,0.403814045424,-0.00585781368151
0.00295,1,0.393317881619,0.393317881619,-0.00463835012396
0.00296,1,0.385275304304,0.385275304304,-0.00340422719089
0.00297,1,0.379710662211,0.379710662211,-0.00216041490179
0.00298,1,0.376638341051,0.376638341051,-0.000911906258066
0.00299,1,0.376062737543,0.376062737543,0.000336302750046
0.003,1,0.377978273379,0.377978273379,0.00157923308541
0.00301,1,0.38236944894,0.38236944894,0.00281194247542
0.00302,1,0.389210936429,0.389210936429,0.00402954501418
0.00303,1,0.398467711921,0.398467711921,0.0052272304781
0.00304,1,0.410095225678,0.410095225678,0.0064002832785
0.00305,1,0.424039609933,0.424039609933,0.00754410097694
0.00306,1,0.440237923201,0.440237923201,0.0086542122907
0.00307,1,0.45861843001,0.45861843001,0.00972629451817
0.00308,1,0.479100914845,0.479100914845,0.0107561903165
0.00309,1,0.501597028928,0.501597028928,0.0117399237668
0.0031,1,0.526010668359,0.526010668359,0.0126737156642
0.00311,1,0.552238381999,0.552238381999,0.0135539979758
0.00312,1,0.580169807385,0.580169807385,0.0143774274097
0.00313,1,0.609688132839,0.609688132839,0.0151408980451
0.00314,1,0.64067058386,0.64067058386,0.0158415529751
0.00315,1,0.672988931755,0.672988931755,0.0164767949197
0.00316,1,0.706510022443,0.706510022443,0.017044295769
0.00317,1,0.741096323235,0.741096323235,0.0175420050231
0.00318,1,0.776606485356,0.776606485356,0.0179681570972
0.00319,1,0.81289591992,0.81289591992,0.0183212774669
0.0032,1,0.84981738502,0.84981738502,0.0186001876335
0.00321,1,0.887221581546,0.887221581546,0.0188040088918
0.00322,1,0.924957755328,0.924957755328,0.0189321648906
0.00323,1,0.962874303197,0.962874303197,0.0189843829782
0.00324,1,1.00081938051,1.00081938051,0.0189606943328
0.00325,1,1.03864150772,1.03864150772,0.0188614328792
0.00326,1,1.0761901736,1.0761901736,0.0186872330023
0.00327,1,1.11331643267,1.11331643267,0.0184390260678
0.00328,1,1.14987349451,1.14987349451,0.0181180357701
0.00329,1,1.18571730261,1.18571730261,0.017725772328
0.0033,1,1.22070710049,1.22070710049,0.0172640255555
0.00331,1,1.25470598289,1.25470598289,0.0167348568392
0.00332,1,1.28758142978,1.28758142978,0.0161405900574
0.00333,1,1.31920582132,1.31920582132,0.0154838014809
0.00334,1,1.3494569315,1.3494569315,0.0147673086977
0.00335,1,1.37821839881,1.37821839881,0.0139941586115
0.00336,1,1.40538017198,1.40538017198,0.0131676145611
0.00337,1,1.43083892916,1.43083892916,0.012291142619
0.00338,1,1.4544984689,1.4544984689,0.0113683971226
0.00339,1,1.47627007153,1.47627007153,0.0104032055013
0.0034,1,1.49607282949,1.49607282949,0.00939955245968
0.00341,1,1.51383394553,1.51383394553,0.00836156358408
0.00342,1,1.52948899755,1.52948899755,0.00729348843824
0.00343,1,1.54298216921,1.54298216921,0.00619968321777
0.00344,1,1.55426644546,1.55426644546,0.00508459303392
0.00345,1,1.56330377239,1.56330377239,0.00395273389845
0.00346,1,1.57006518077,1.57006518077,0.00280867448249
0.00347,1,1.57453087298,1.57453087298,0.00165701772279
0.00348,1,1.57669027305,1.57669027305,0.000502382349305
0.00349,1,1.57654203981,1.57654203981,-0.000650615591977
0.0035,1,1.57409404307,1.57409404307,-0.00179738114721
0.00351,1,1.5693633032,1.5693633032,-0.00293335872068
0.00352,1,1.56237589436,1.56237589436,-0.00405405012611
0.00353,1,1.55316681188,1.55316681188,-0.00515503235204
0.00354,1,1.54177980455,1.54177980455,-0.00623197497119
0.00355,1,1.52826717246,1.52826717246,-0.00728065712559
0.00356,1,1.51268953131,1.51268953131,-0.00829698402095
0.00357,1,1.49511554442,1.49511554442,-0.00927700286601
0.00358,1,1.47562162336,1.47562162336,-0.0102169181952
0.00359,1,1.45429159865,1.45429159865,-0.0111131065152
0.0036,1,1.43121636192,1.43121636192,-0.0119621302189
0.00361,1,1.40649348098,1.40649348098,-0.0127607507148
0.00362,1,1.38022678955,1.38022678955,-0.0135059407195
0.00363,1,1.35252595316,1.35252595316,-0.0141948956698
0.00364,1,1.32350601328,1.32350601328,-0.0148250442093
0.00365,1,1.29328691136,1.29328691136,-0.0153940577119
0.00366,1,1.26199299484,1.26199299484,-0.0158998588067
0.00367,1,1.22975250716,1.22975250716,-0.0163406288736
0.00368,1,1.19669706381,1.19669706381,-0.0167148144831
0.00369,1,1.16296111656,1.16296111656,-0.0170211327573
0.0037,1,1.12868140817,1.12868140817,-0.0172585756351
0.00371,1,1.09399641951,1.09399641951,-0.0174264130272
0.00372,1,1.05904581163,1.05904581163,-0.0175241948522
0.00373,1,1.02396986483,1.02396986483,-0.0175517519492
0.00374,1,0.988908917014,0.988908917014,-0.0175091958664
0.00375,1,0.954002803616,0.954002803616,-0.0173969175312
0.00376,1,0.919390301276,0.919390301276,-0.0172155848086
0.00377,1,0.885208577504,0.885208577504,-0.0169661389639
0.00378,1,0.851592648495,0.851592648495,-0.0166497900446
0.00379,1,0.818674847246,0.818674847246,-0.0162680112048
0.0038,1,0.786584304043,0.786584304043,-0.0158225319982
0.00381,1,0.755446441376,0.755446441376,-0.015315330669
0.00382,1,0.725382485232,0.725382485232,-0.0147486254745
0.00383,1,0.696508994679,0.696508994679,-0.0141248650785
0.00384,1,0.668937411546,0.668937411546,-0.0134467180546
0.00385,1,0.642773631946,0.642773631946,-0.0127170615462
0.00386,1,0.61811760127,0.61811760127,-0.0119389691293
0.00387,1,0.59506293421,0.59506293421,-0.0111156979307
0.00388,1,0.573696561225,0.573696561225,-0.0102506750538
0.00389,1,0.554098402802,0.554098402802,-0.00934748336956
0.0039,1,0.536341072702,0.536341072702,-0.00840984673044
0.00391,1,0.520489611303,0.520489611303,-0.00744161466883
0.00392,1,0.506601249992,0.506601249992,-0.00644674664206
0.00393,1,0.494725207461,0.494725207461,-0.00542929588866
0.00394,1,0.484902518611,0.484902518611,-0.0043933929614
0.00395,1,0.477165896646,0.477165896646,-0.00334322900366
0.00396,1,0.471539628805,0.471539628805,-0.00228303883703
0.00397,1,0.468039506041,0.468039506041,-0.00121708392777
0.00398,1,0.466672786812,0.466672786812,-0.000149635300855
0.00399,1,0.467438195041,0.467438195041,0.00091504353034
0.004,1,0.470325952122,0.470325952122,0.00197271355046
0.00401,1,0.47531784275,0.47531784275,0.00301917707731
0.00402,1,0.482387314206,0.482387314206,0.00405029437904
0.00403,1,0.491499608593,0.491499608593,0.00506200000758
0.00404,1,0.502611927385,0.502611927385,0.00605031878436
0.00405,1,0.515673627545,0.515673627545,0.00701138137531
0.00406,1,0.530626448314,0.530626448314,0.00794143939453
0.00407,1,0.547404767687,0.547404767687,0.00883687997777
0.00408,1,0.565935887434,0.565935887434,0.00969423976922
0.00409,1,0.586140345471,0.586140345471,0.0105102182677
0.0041,1,0.607932254219,0.607932254219,0.0112816904811
0.00411,1,0.631219663541,0.631219663541,0.0120057188405
0.00412,1,0.65590494671,0.65590494671,0.012679564329
0.00413,1,0.681885207823,0.681885207823,0.0133006967836
0.00414,1,0.709052708938,0.709052708938,0.0138668043308
0.00415,1,0.73729531519,0.73729531519,0.014375801922
0.00416,1,0.766496956049,0.766496956049,0.0148258389364
0.00417,1,0.796538100811,0.796538100811,0.0152153058255
0.00418,1,0.82729624641,0.82729624641,0.0155428397743
0.00419,1,0.858646415545,0.858646415545,0.0158073293599
0.0042,1,0.890461663098,0.890461663098,0.0160079181934
0.00421,1,0.922613588823,0.922613588823,0.0161440075317
0.00422,1,0.954972854209,0.954972854209,0.0162152578542
0.00423,1,0.987409701462,0.987409701462,0.0162215893993
0.00424,1,1.01979447253,1.01979447253,0.0161631816638
0.00425,1,1.05199812606,1.05199812606,0.0160404718686
0.00426,1,1.08389275033,1.08389275033,0.0158541524018
0.00427,1,1.11535206998,1.11535206998,0.0156051672512
0.00428,1,1.14625194468,1.14625194468,0.0152947074446
0.00429,1,1.17647085764,1.17647085764,0.014924205519
0.0043,1,1.2058903922,1.2058903922,0.0144953290431
0.00431,1,1.23439569447,1.23439569447,0.014009973223
0.00432,1,1.26187592031,1.26187592031,0.0134702526231
0.00433,1,1.28822466498,1.28822466498,0.0128784920377
0.00434,1,1.31334037357,1.31334037357,0.0122372165523
0.00435,1,1.33712673096,1.33712673096,0.0115491408381
0.00436,1,1.35949302952,1.35949302952,0.0108171577229
0.00437,1,1.38035451333,1.38035451333,0.010044326088
0.00438,1,1.39963269756,1.39963269756,0.00923385814008
0.00439,1,1.41725566181,1.41725566181,0.00838910611194
0.0044,1,1.43315831637,1.43315831637,0.00751354844664
0.00441,1,1.44728264033,1.44728264033,0.00661077552131
0.00442,1,1.45957789083,1.45957789083,0.0056844749696
0.00443,1,1.47000078246,1.47000078246,0.00473841666236
0.00444,1,1.47851563653,1.47851563653,0.0037764374076
0.00445,1,1.48509449937,1.48509449937,0.00280242543168
0.00446,1,1.4897172295,1.4897172295,0.00182030470419
0.00447,1,1.49237155338,1.49237155338,0.000834019169834
0.00448,1,1.4930530895,1.4930530895,-0.000152483049798
0.00449,1,1.49176534103,1.49176534103,-0.00113526542121
0.0045,1,1.48851965694,1.48851965694,-0.00211041866806
0.00451,1,1.48333516199,1.48333516199,-0.00307407628202
0.00452,1,1.47623865589,1.47623865589,-0.0040224298141
0.00453,1,1.46726448219,1.46726448219,-0.00495174388615
0.00454,1,1.45645436744,1.45645436744,-0.00585837086335
0.00455,1,1.44385723145,1.44385723145,-0.00673876513051
0.00456,1,1.4295289694,1.4295289694,-0.00758949691624
0.00457,1,1.41353220687,1.41353220687,-0.00840726561128
0.00458,1,1.39593602873,1.39593602873,-0.00918891252962
0.00459,1,1.37681568314,1.37681568314,-0.00993143306307
0.0046,1,1.35625226189,1.35625226189,-0.0106319881828
0.00461,1,1.33433235847,1.33433235847,-0.0112879152438
0.00462,1,1.31114770517,1.31114770517,-0.0118967380521
0.00463,1,1.28679479096,1.28679479096,-0.0124561761556
0.00464,1,1.26137446148,1.26137446148,-0.0129641533251
0.00465,1,1.23499150296,1.23499150296,-0.0134188051938
0.00466,1,1.20775421174,1.20775421174,-0.0138184860274
0.00467,1,1.17977395111,1.17977395111,-0.0141617746002
0.00468,1,1.15116469736,1.15116469736,-0.0144474791575
0.00469,1,1.12204257675,1.12204257675,-0.0146746414467
0.0047,1,1.0925253955,1.0925253955,-0.0148425398037
0.00471,1,1.06273216441,1.06273216441,-0.014950691286
0.00472,1,1.03278262028,1.03278262028,-0.0149988528464
0.00473,1,1.00279674589,1.00279674589,-0.0149870215466
0.00474,1,0.972894290529,0.972894290529,-0.0149154338108
0.00475,1,0.94319429299,0.94319429299,-0.0147845637282
0.00476,1,0.91381460885,0.91381460885,-0.0145951204115
0.00477,1,0.884871444012,0.884871444012,-0.0143480444264
0.00478,1,0.856478896276,0.856478896276,-0.0140445033095
0.00479,1,0.828748506773,0.828748506773,-0.0136858861937
0.0048,1,0.801788823012,0.801788823012,-0.0132737975675
0.00481,1,0.77570497525,0.77570497525,-0.0128100501941
0.00482,1,0.750598267834,0.750598267834,-0.012296657222
0.00483,1,0.72656578709,0.72656578709,-0.0117358235217
0.00484,1,0.703700027286,0.703700027286,-0.0111299362832
0.00485,1,0.682088536084,0.682088536084,-0.0104815549178
0.00486,1,0.661813580864,0.661813580864,-0.00979340030309
0.00487,1,0.642951837142,0.642951837142,-0.0090683434181
0.00488,1,0.625574100308,0.625574100308,-0.00830939341584
0.00489,1,0.609745021711,0.609745021711,-0.00751968518169
0.0049,1,0.5955228701,0.5955228701,-0.00670246642959
0.00491,1,0.582959319281,0.582959319281,-0.00586108438877
0.00492,1,0.572099262757,0.572099262757,-0.00499897213544
0.00493,1,0.562980655997,0.562980655997,-0.00411963462505
0.00494,1,0.55563438689,0.55563438689,-0.00322663448185
0.00495,1,0.550084174805,0.550084174805,-0.00232357760321
0.00496,1,0.546346498565,0.546346498565,-0.00141409863668
0.00497,1,0.54443055354,0.54443055354,-0.000501846388105
0.00498,1,0.544338237932,0.544338237932,0.000409530780629
0.00499,1,0.546064168219,0.546064168219,0.0013163995061
0.005,1,0.549595723597,0.549595723597,0.00221515587208
0.00501,1,0.554913119165,0.554913119165,0.00310223969518
0.00502,1,0.561989507451,0.561989507451,0.00397414859105
0.00503,1,0.570791107807,0.570791107807,0.00482745176547
0.00504,1,0.581277363049,0.581277363049,0.00565880347645
0.00505,1,0.59340112264,0.59340112264,0.00646495611447
0.00506,1,0.607108851605,0.607108851605,0.00724277284996
0.00507,1,0.622340864253,0.622340864253,0.0079892397989
0.00508,1,0.639031581712,0.639031581712,0.00870147765956
0.00509,1,0.657109812147,0.657109812147,0.00937675277556
0.0051,1,0.676499052506,0.676499052506,0.010012487583
0.00511,1,0.69711781049,0.69711781049,0.0106062704017
0.00512,1,0.718879945426,0.718879945426,0.0111558645343
0.00513,1,0.741695026598,0.741695026598,0.0116592166374
0.00514,1,0.765468707572,0.765468707572,0.0121144643362
0.00515,1,0.79010311496,0.79010311496,0.0125199430522
0.00516,1,0.815497250032,0.815497250032,0.0128741920202
0.00517,1,0.841547401527,0.841547401527,0.0131759594742
0.00518,1,0.868147567982,0.868147567982,0.0134242069815
0.00519,1,0.895189887878,0.895189887878,0.0136181129136
0.0052,1,0.922565075831,0.922565075831,0.0137570750402
0.00521,1,0.950162863111,0.950162863111,0.0138407122398
0.00522,1,0.977872440674,0.977872440674,0.0138688653229
0.00523,1,1.00558290296,1.00558290296,0.0138415969674
0.00524,1,1.0331836907,1.0331836907,0.0137591907682
0.00525,1,1.06056503088,1.06056503088,0.0136221494097
0.00526,1,1.08761837226,1.08761837226,0.0134311919685
0.00527,1,1.11423681459,1.11423681459,0.0131872503625
0.00528,1,1.14031552991,1.14031552991,0.0128914649612
0.00529,1,1.16575217425,1.16575217425,0.0125451793787
0.0053,1,1.1904472881,1.1904472881,0.0121499344718
0.00531,1,1.21430468414,1.21430468414,0.0117074615707
0.00532,1,1.23723182068,1.23723182068,0.0112196749703
0.00533,1,1.25914015937,1.25914015937,0.0106886637159
0.00534,1,1.2799455058,1.2799455058,0.0101166827175
0.00535,1,1.29956833175,1.29956833175,0.00950614322983
0.00536,1,1.31793407772,1.31793407772,0.00885960273941
0.00537,1,1.33497343476,1.33497343476,0.00817975429951
0.00538,1,1.35062260442,1.35062260442,0.00746941535819
0.00539,1,1.3648235359,1.3648235359,0.0067315161251
0.0054,1,1.37752413955,1.37752413955,0.00596908752522
0.00541,1,1.38867847587,1.38867847587,0.00518524878866
0.00542,1,1.39824691938,1.39824691938,0.00438319472737
0.00543,1,1.40619629686,1.40619629686,0.0035661827504
0.00544,1,1.41249999928,1.41249999928,0.00273751967036
0.00545,1,1.4171380673,1.4171380673,0.00190054835442
0.00546,1,1.42009724993,1.42009724993,0.00105863427353
0.00547,1,1.42137103621,1.42137103621,0.000215152003909
0.00548,1,1.42095965995,1.42095965995,-0.000626528265242
0.00549,1,1.41887007752,1.41887007752,-0.00146305416393
0.0055,1,1.4151159189,1.4151159189,-0.00229110446014
0.00551,1,1.40971741222,1.40971741222,-0.00310740221236
0.00552,1,1.40270128231,1.40270128231,-0.00390872770388
0.00553,1,1.39410062349,1.39410062349,-0.00469193110803
0.00554,1,1.38395474755,1.38395474755,-0.00545394483463
0.00555,1,1.37230900721,1.37230900721,-0.00619179550933
0.00556,1,1.35921459616,1.35921459616,-0.00690261553939
0.00557,1,1.3447283264,1.3447283264,-0.00758365422083
0.00558,1,1.32891238383,1.32891238383,-0.00823228834427
0.00559,1,1.31183406323,1.31183406323,-0.00884603225863
0.0056,1,1.29356548362,1.29356548362,-0.00942254735425
0.00561,1,1.27418328533,1.27418328533,-0.0099596509295
0.00562,1,1.25376831,1.25376831,-0.0104553244073
0.00563,1,1.23240526472,1.23240526472,-0.0109077208712
0.00564,1,1.21018237196,1.21018237196,-0.0113151718921
0.00565,1,1.18719100644,1.18719100644,-0.0116761936225
0.00566,1,1.16352532068,1.16352532068,-0.0119894921338
0.00567,1,1.13928186057,1.13928186057,-0.0122539679803
0.00568,1,1.11455917262,1.11455917262,-0.0124687199716
0.00569,1,1.0894574045,1.0894574045,-0.0126330481431
0.0057,1,1.06407790045,1.06407790045,-0.0127464559142
0.00571,1,1.03852279311,1.03852279311,-0.0128086514276
0.00572,1,1.01289459361,1.01289459361,-0.012819548068
0.00573,1,0.98729578138,0.98729578138,-0.012779264161
0.00574,1,0.961828395366,0.961828395366,-0.0126881218537
0.00575,1,0.936593628325,0.936593628325,-0.0125466451873
0.00576,1,0.911691425768,0.911691425768,-0.0123555573689
0.00577,1,0.887220091141,0.887220091141,-0.0121157772586
0.00578,1,0.863275898796,0.863275898796,-0.011828415086
0.00579,1,0.839952716293,0.839952716293,-0.0114947674173
0.0058,1,0.817341637481,0.817341637481,-0.0111163113943
0.00581,1,0.795530627815,0.795530627815,-0.0106946982723
0.00582,1,0.774604183261,0.774604183261,-0.0102317462818
0.00583,1,0.75464300413,0.75464300413,-0.00972943284891
0.00584,1,0.735723685078,0.735723685078,-0.00918988620277
0.00585,1,0.717918422466,0.717918422466,-0.00861537640959
0.00586,1,0.701294740188,0.701294740188,-0.0080083058682
0.00587,1,0.685915235012,0.685915235012,-0.00737119930777
0.00588,1,0.671837342375,0.671837342375,-0.00670669332911
0.00589,1,0.659113123514,0.659113123514,-0.00601752553255
0.0059,1,0.647789074704,0.647789074704,-0.0053065232772
0.00591,1,0.637905959309,0.637905959309,-0.00457659211746
0.00592,1,0.629498663228,0.629498663228,-0.00383070396416
0.00593,1,0.622596074245,0.622596074245,-0.00307188501819
0.00594,1,0.617220985701,0.617220985701,-0.00230320352564
0.00595,1,0.613390024772,0.613390024772,-0.00152775740379
0.00596,1,0.61111360558,0.61111360558,-0.00074866178776
0.00597,1,0.610395907245,0.610395907245,3.09634522532e-05
0.00598,1,0.61123487687,0.61123487687,0.000808006173263
0.00599,1,0.613622257395,0.613622257395,0.00157937435165
0.006,1,0.617543640103,0.617543640103,0.00234200835595
0.00601,1,0.622978541511,0.622978541511,0.00309289305172
0.00602,1,0.629900504253,0.629900504253,0.00382906969067
0.00603,1,0.638277221481,0.638277221481,0.00454764753732
0.00604,1,0.648070684206,0.648070684206,0.00524581518772
0.00605,1,0.65923735093,0.65923735093,0.00592085153583
0.00606,1,0.671728338811,0.671728338811,0.00657013634515
0.00607,1,0.68548963554,0.68548963554,0.00719116038454
0.00608,1,0.700462331014,0.700462331014,0.00778153508917
0.00609,1,0.716582867813,0.716582867813,0.00833900170961
0.0061,1,0.733783309436,0.733783309436,0.00886143991411
0.00611,1,0.751991625162,0.751991625162,0.00934687581152
0.00612,1,0.771131990338,0.771131990338,0.00979348936464
0.00613,1,0.791125100869,0.791125100869,0.0101996211664
0.00614,1,0.811888500589,0.811888500589,0.0105637785536
0.00615,1,0.83333692018,0.83333692018,0.0108846410366
0.00616,1,0.855382626241,0.855382626241,0.0111610650244
0.00617,1,0.877935779094,0.877935779094,0.011392087829
0.00618,1,0.90090479786,0.90090479786,0.0115769309365
0.00619,1,0.924196731327,0.924196731327,0.0117150025313
0.0062,1,0.947717633128,0.947717633128,0.011805899269
0.00621,1,0.971372939688,0.971372939688,0.011849407291
0.00622,1,0.995067849459,0.995067849459,0.01184550248
0.00623,1,1.0187077019,1.0187077019,0.011794349958
0.00624,1,1.04219835469,1.04219835469,0.0116963028303
0.00625,1,1.0654465577,1.0654465577,0.0115519001841
0.00626,1,1.08836032223,1.08836032223,0.0113618643511
0.00627,1,1.11084928403,1.11084928403,0.0111270974473
0.00628,1,1.13282505869,1.13282505869,0.0108486772073
0.00629,1,1.15420158803,1.15420158803,0.01052785213
0.0063,1,1.17489547611,1.17489547611,0.0101660359594
0.00631,1,1.1948263136,1.1948263136,0.00976480152258
0.00632,1,1.21391698907,1.21391698907,0.00932587395292
0.00633,1,1.23209398635,1.23209398635,0.00885112332709
0.00634,1,1.24928766643,1.24928766643,0.00834255674675
0.00635,1,1.26543253307,1.26543253307,0.0078023098986
0.00636,1,1.2804674811,1.2804674811,0.00723263812811
0.00637,1,1.29433602629,1.29433602629,0.00663590706392
0.00638,1,1.30698651619,1.30698651619,0.00601458283187
0.00639,1,1.31837232092,1.31837232092,0.0053712218989
0.0064,1,1.3284520034,1.3284520034,0.0047084605886
0.00641,1,1.3371894683,1.3371894683,0.00402900431114
0.00642,1,1.34455408917,1.34455408917,0.00333561655162
0.00643,1,1.35052081338,1.35052081338,0.00263110766143
0.00644,1,1.35507024454,1.35507024454,0.0019183234979
0.00645,1,1.358188702,1.358188702,0.00120013395828
0.00646,1,1.35986825741,1.35986825741,0.000479421453818
0.00647,1,1.36010674823,1.36010674823,-0.000240930629662
0.00648,1,1.35890776816,1.35890776816,-0.000958049438671
0.00649,1,1.35628063464,1.35628063464,-0.00166908408067
0.0065,1,1.35224033363,1.35224033363,-0.00237121692902
0.00651,1,1.34680744195,1.34680744195,-0.00306167475955
0.00652,1,1.34000802751,1.34000802751,-0.00373773967485
0.00653,1,1.33187352806,1.33187352806,-0.00439675977334
0.00654,1,1.32244060877,1.32244060877,-0.00503615952148
0.00655,1,1.31175099946,1.31175099946,-0.00565344978842
0.00656,1,1.29985131217,1.29985131217,-0.00624623750447
0.00657,1,1.28679283976,1.28679283976,-0.00681223490566
0.00658,1,1.27263133652,1.27263133652,-0.00734926832917
0.00659,1,1.25742678167,1.25742678167,-0.00785528652568
0.0066,1,1.24124312668,1.24124312668,-0.00832836845713
0.00661,1,1.22414802768,1.22414802768,-0.00876673055045
0.00662,1,1.20621256374,1.20621256374,-0.00916873337985
0.00663,1,1.18751094261,1.18751094261,-0.00953288775303
0.00664,1,1.16812019468,1.16812019468,-0.00985786017877
0.00665,1,1.14811985681,1.14811985681,-0.010142477696
0.00666,1,1.12759164706,1.12759164706,-0.0103857320475
0.00667,1,1.10661913183,1.10661913183,-0.0105867831825
0.00668,1,1.08528738657,1.08528738657,-0.0107449620785
0.00669,1,1.06368265162,1.06368265162,-0.0108597728703
0.0067,1,1.04189198447,1.04189198447,-0.0109308942825
0.00671,1,1.02000290983,1.02000290983,-0.0109581803609
0.00672,1,0.998103068963,0.998103068963,-0.0109416605013
0.00673,1,0.976279869683,0.976279869683,-0.0108815387796
0.00674,1,0.954620138317,0.954620138317,-0.0107781925863
0.00675,1,0.933209775156,0.933209775156,-0.0106321705746
0.00676,1,0.91213341465,0.91213341465,-0.0104441899308
0.00677,1,0.891474091738,0.891474091738,-0.0102151329817
0.00678,1,0.871312915603,0.871312915603,-0.00994604315348
0.00679,1,0.851728752149,0.851728752149,-0.0096381203004
0.0068,1,0.832797916424,0.832797916424,-0.00929271542461
0.00681,1,0.81459387619,0.81459387619,-0.00891132480921
0.00682,1,0.79718696779,0.79718696779,-0.00849558359032
0.00683,1,0.780644125405,0.780644125405,-0.00804725879542
0.00684,1,0.765028624732,0.765028624732,-0.00756824187744
0.00685,1,0.750399842078,0.750399842078,-0.00706054077599
0.00686,1,0.736813029763,0.736813029763,-0.00652627153889
0.00687,1,0.724319108686,0.724319108686,-0.00596764953872
0.00688,1,0.712964478826,0.712964478826,-0.00538698032096
0.00689,1,0.702790848384,0.702790848384,-0.00478665012108
0.0069,1,0.693835082173,0.693835082173,-0.00416911608968
0.00691,1,0.686129069818,0.686129069818,-0.00353689626554
0.00692,1,0.679699614215,0.679699614215,-0.00289255933732
0.00693,1,0.674568340642,0.674568340642,-0.00223871423553
0.00694,1,0.67075162681,0.67075162681,-0.00157799959674
0.00695,1,0.668260554071,0.668260554071,-0.000913073142514
0.00696,1,0.667100879913,0.667100879913,-0.000246601015686
0.00697,1,0.66727303178,0.66727303178,0.000418752883303
0.00698,1,0.668772122181,0.668772122181,0.00108033751751
0.00699,1,0.671587984948,0.671587984948,0.00173552524976
0.007,1,0.675705232451,0.675705232451,0.00238172225233
0.00701,1,0.681103333452,0.681103333452,0.00301637874894
0.00702,1,0.687756711249,0.687756711249,0.0036369990486
0.00703,1,0.69563486163,0.69563486163,0.00424115133215
0.00704,1,0.704702490115,0.704702490115,0.00482647715301
0.00705,1,0.714919667884,0.714919667884,0.00539070061524
0.00706,1,0.726242005692,0.726242005692,0.00593163719336
0.00707,1,0.738620845045,0.738620845045,0.00644720215972
0.00708,1,0.752003465792,0.752003465792,0.00693541858722
0.00709,1,0.766333309276,0.766333309276,0.00739442489662
0.0071,1,0.781550216092,0.781550216092,0.00782248191988
0.00711,1,0.797590677465,0.797590677465,0.00821797945285
0.00712,1,0.814388099191,0.814388099191,0.0085794422727
0.00713,1,0.831873077061,0.831873077061,0.00890553559794
0.00714,1,0.84997368263,0.84997368263,0.00919506997078
0.00715,1,0.868615758145,0.868615758145,0.00944700554441
0.00716,1,0.887723219449,0.887723219449,0.00966045575975
0.00717,1,0.907218365608,0.907218365608,0.0098346903991
0.00718,1,0.927022194014,0.927022194014,0.00996913800638
0.00719,1,0.947054719687,0.947054719687,0.0100633876663
0.0072,1,0.96723529749,0.96723529749,0.0101171901376
0.00721,1,0.987482945965,0.987482945965,0.0101304583371
0.00722,1,1.00771667148,1.00771667148,0.0101032671763
0.00723,1,1.02785579141,1.02785579141,0.0100358527509
0.00724,1,1.04782025505,1.04782025505,0.00992861089097
0.00725,1,1.06753096102,1.06753096102,0.0097820950777
0.00726,1,1.08691006983,1.08691006983,0.0095970137379
0.00727,1,1.1058813105,1.1058813105,0.00937422692895
0.00728,1,1.12437027986,1.12437027986,0.00911474242914
0.00729,1,1.14230473354,1.14230473354,0.00881971125104
0.0073,1,1.15961486739,1.15961486739,0.00849042259749
0.00731,1,1.17623358827,1.17623358827,0.00812829828225
0.00732,1,1.19209677319,1.19209677319,0.00773488663912
0.00733,1,1.20714351577,1.20714351577,0.00731185594546
0.00734,1,1.2213163591,1.2213163591,0.00686098738799
0.00735,1,1.23456151409,1.23456151409,0.00638416760024
0.00736,1,1.2468290625,1.2468290625,0.00588338080287
0.00737,1,1.25807314388,1.25807314388,0.00536070057942
0.00738,1,1.26825212578,1.26825212578,0.00481828132148
0.00739,1,1.27732875648,1.27732875648,0.00425834937843
0.0074,1,1.28527029981,1.28527029981,0.00368319394799
0.00741,1,1.2920486515,1.2920486515,0.00309515774482
0.00742,1,1.29764043673,1.29764043673,0.00249662748497
0.00743,1,1.30202708844,1.30202708844,0.00189002422478
0.00744,1,1.30519490626,1.30519490626,0.00127779359334
0.00745,1,1.30713509581,1.30713509581,0.000662395957576
0.00746,1,1.30784378832,1.30784378832,4.62965597056e-05
0.00747,1,1.30732204055,1.30732204055,-0.000568044333763
0.00748,1,1.30557581498,1.30557581498,-0.00117818123206
0.00749,1,1.30261594062,1.30261594062,-0.00178169313031
0.0075,1,1.2984580544,1.2984580544,-0.00237619309142
0.00751,1,1.29312252365,1.29312252365,-0.0029593376618
0.00752,1,1.2866343499,1.2866343499,-0.00352883608384
0.00753,1,1.27902305455,1.27902305455,-0.0040824592692
0.00754,1,1.27032254678,1.27032254678,-0.0046180484977
0.00755,1,1.26057097448,1.26057097448,-0.00513352380799
0.00756,1,1.24981055862,1.24981055862,-0.00562689204758
0.00757,1,1.23808741202,1.23808741202,-0.00609625455113
0.00758,1,1.22545134305,1.22545134305,-0.00653981441756
0.00759,1,1.21195564528,1.21195564528,-0.00695588335814
0.0076,1,1.19765687383,1.19765687383,-0.00734288808971
0.00761,1,1.18261460949,1.18261460949,-0.00769937624888
0.00762,1,1.16689121144,1.16689121144,-0.00802402180514
0.00763,1,1.15055155968,1.15055155968,-0.00831562995286
0.00764,1,1.13366278826,1.13366278826,-0.00857314146432
0.00765,1,1.11629401031,1.11629401031,-0.00879563648807
0.00766,1,1.09851603604,1.09851603604,-0.0089823377793
0.00767,1,1.08040108491,1.08040108491,-0.00913261335102
0.00768,1,1.06202249302,1.06202249302,-0.00924597853732
0.00769,1,1.04345441702,1.04345441702,-0.00932209746241
0.0077,1,1.02477153565,1.02477153565,-0.00936078391134
0.00771,1,1.00604875014,1.00604875014,-0.00936200160095
0.00772,1,0.987360884685,0.987360884685,-0.00932586385171
0.00773,1,0.968782388169,0.968782388169,-0.00925263266372
0.00774,1,0.950387038303,0.950387038303,-0.00914271720252
0.00775,1,0.932247649398,0.932247649398,-0.00899667170242
0.00776,1,0.914435784898,0.914435784898,-0.00881519279776
0.00777,1,0.897021475806,0.897021475806,-0.00859911629436
0.00778,1,0.880072946115,0.880072946115,-0.00834941339598
0.00779,1,0.863656346317,0.863656346317,-0.00806718640247
0.0078,1,0.847835496016,0.847835496016,-0.0077536638984
0.00781,1,0.832671636665,0.832671636665,-0.00741019545306
0.00782,1,0.818223195357,0.818223195357,-0.00703824585453
0.00783,1,0.8045455606,0.8045455606,-0.00663938890217
0.00784,1,0.791690870914,0.791690870914,-0.00621530078382
0.00785,1,0.779707817065,0.779707817065,-0.00576775306536
0.00786,1,0.768641458678,0.768641458678,-0.00529860532186
0.00787,1,0.758533055915,0.758533055915,-0.00480979744084
0.00788,1,0.749419916845,0.749419916845,-0.00430334162942
0.00789,1,0.741335261057,0.741335261057,-0.00378131415806
0.0079,1,0.734308100025,0.734308100025,-0.00324584687483
0.00791,1,0.728363134625,0.728363134625,-0.00269911852469
0.00792,1,0.723520670191,0.723520670191,-0.00214334590899
0.00793,1,0.719796549361,0.719796549361,-0.00158077492109
0.00794,1,0.717202102946,0.717202102946,-0.00101367149417
0.00795,1,0.715744118954,0.715744118954,-0.000444312497585
0.00796,1,0.715424829838,0.715424829838,0.000125023381643
0.00797,1,0.716241917956,0.716241917956,0.000692064735826
0.00798,1,0.718188539168,0.718188539168,0.00125455647591
0.00799,1,0.721253364421,0.721253364421,0.00181026877711
0.008,1,0.725420639093,0.725420639093,0.00235700589561
0.00801,1,0.73067025981,0.73067025981,0.00289261482139
0.00802,1,0.736977868365,0.736977868365,0.00341499373333
0.00803,1,0.744314962322,0.744314962322,0.00392210022339
0.00804,1,0.752649021803,0.752649021803,0.00441195925782
0.00805,1,0.761943651905,0.761943651905,0.00488267084446
0.00806,1,0.772158740126,0.772158740126,0.00533241737644
0.00807,1,0.783250628127,0.783250628127,0.00575947062407
0.00808,1,0.795172297099,0.795172297099,0.00616219834803
0.00809,1,0.807873565956,0.807873565956,0.00653907050879
0.0081,1,0.821301301513,0.821301301513,0.00688866504863
0.00811,1,0.835399639786,0.835399639786,0.00720967322469
0.00812,1,0.850110217484,0.850110217484,0.00750090447302
0.00813,1,0.865372412743,0.865372412743,0.00776129078587
0.00814,1,0.881123594115,0.881123594115,0.00798989058614
0.00815,1,0.897299376786,0.897299376786,0.00818589208526
0.00816,1,0.913833884984,0.913833884984,0.00834861611258
0.00817,1,0.930660019503,0.930660019503,0.0084775184068
0.00818,1,0.947709729272,0.947709729272,0.00857219136191
0.00819,1,0.964914285856,0.964914285856,0.00863236522237
0.0082,1,0.982204559803,0.982204559803,0.00865790872457
0.00821,1,0.999511297712,0.999511297712,0.00864882918375
0.00822,1,1.01676539892,1.01676539892,0.00860527202769
0.00823,1,1.03389819073,1.03389819073,0.0085275197809
0.00824,1,1.05084170102,1.05084170102,0.00841599050504
0.00825,1,1.06752892723,1.06752892723,0.00827123570344
0.00826,1,1.08389410063,1.08389410063,0.00809393769991
0.00827,1,1.09987294483,1.09987294483,0.00788490650388
0.00828,1,1.11540292751,1.11540292751,0.00764507617592
0.00829,1,1.1304235044,1.1304235044,0.00737550070989
0.0083,1,1.14487635456,1.14487635456,0.00707734944955
0.00831,1,1.15870560607,1.15870560607,0.00675190205936
0.00832,1,1.1718580512,1.1718580512,0.0064005430711
0.00833,1,1.1842833503,1.1842833503,0.0060247560292
0.00834,1,1.19593422359,1.19593422359,0.00562611725956
0.00835,1,1.20676663013,1.20676663013,0.00520628928784
0.00836,1,1.21673993336,1.21673993336,0.00476701393463
0.00837,1,1.22581705241,1.22581705241,0.00431010511593
0.00838,1,1.2339645989,1.2339645989,0.00383744137886
0.00839,1,1.24115299848,1.24115299848,0.0033509582029
0.0084,1,1.24735659679,1.24735659679,0.00285264009835
0.00841,1,1.25255374942,1.25255374942,0.00234451253412
0.00842,1,1.25672689568,1.25672689568,0.00182863372747
0.00843,1,1.25986261574,1.25986261574,0.00130708632908
0.00844,1,1.2619516711,1.2619516711,0.000781969036801
0.00845,1,1.26298902831,1.26298902831,0.000255388171907
0.00846,1,1.26297386573,1.26297386573,-0.000270550748587
0.00847,1,1.26190956358,1.26190956358,-0.000793751409753
0.00848,1,1.25980367713,1.25980367713,-0.00131213503341
0.00849,1,1.25666789348,1.25666789348,-0.00182364861649
0.0085,1,1.25251797183,1.25251797183,-0.00232627304067
0.00851,1,1.24737366776,1.24737366776,-0.0028180310211
0.00852,1,1.24125864188,1.24125864188,-0.00329699486332
0.00853,1,1.23420035302,1.23420035302,-0.0037612939977
0.00854,1,1.22622993676,1.22622993676,-0.00420912226232
0.00855,1,1.21738206959,1.21738206959,-0.00463874490589
0.00856,1,1.2076948194,1.2076948194,-0.00504850528361
0.00857,1,1.1972094829,1.1972094829,-0.00543683122036
0.00858,1,1.18597041066,1.18597041066,-0.0058022410168
0.00859,1,1.17402482057,1.17402482057,-0.00614334907553
0.0086,1,1.16142260037,1.16142260037,-0.0064588711261
0.00861,1,1.14821610021,1.14821610021,-0.00674762902928
0.00862,1,1.13445991604,1.13445991604,-0.00700855514273
0.00863,1,1.12021066466,1.12021066466,-0.00724069623208
0.00864,1,1.10552675152,1.10552675152,-0.00744321691319
0.00865,1,1.09046813199,1.09046813199,-0.00761540261336
0.00866,1,1.07509606734,1.07509606734,-0.00775666204127
0.00867,1,1.05947287614,1.05947287614,-0.00786652915714
0.00868,1,1.04366168234,1.04366168234,-0.00794466463711
0.00869,1,1.02772616088,1.02772616088,-0.00799085682734
0.0087,1,1.01173028187,1.01173028187,-0.00800502218578
0.00871,1,0.995738054469,0.995738054469,-0.00798720521138
0.00872,1,0.979813271395,0.979813271395,-0.00793757786273
0.00873,1,0.964019255062,0.964019255062,-0.00785643846996
0.00874,1,0.948418606446,0.948418606446,-0.00774421014594
0.00875,1,0.933072957596,0.933072957596,-0.00760143870458
0.00876,1,0.918042728795,0.918042728795,-0.00742879009622
0.00877,1,0.903386891327,0.903386891327,-0.00722704737172
0.00878,1,0.889162736766,0.889162736766,-0.00699710718904
0.00879,1,0.8754256537,0.8754256537,-0.00673997587747
0.0088,1,0.862228912745,0.862228912745,-0.00645676507679
0.00881,1,0.849623460699,0.849623460699,-0.00614868697
0.00882,1,0.837657724599,0.837657724599,-0.00581704912995
0.00883,1,0.826377426467,0.826377426467,-0.00546324900164
0.00884,1,0.815825409422,0.815825409422,-0.00508876804338
0.00885,1,0.806041475828,0.806041475828,-0.00469516555122
0.00886,1,0.797062238084,0.797062238084,-0.00428407219234
0.00887,1,0.788920982618,0.788920982618,-0.00385718327402
0.00888,1,0.781647547568,0.781647547568,-0.00341625177605
0.00889,1,0.775268214617,0.775268214617,-0.00296308117491
0.0089,1,0.769805615352,0.769805615352,-0.00249951808918
0.00891,1,0.765278652487,0.765278652487,-0.00202744477603
0.00892,1,0.761702436202,0.761702436202,-0.00154877150915
0.00893,1,0.759088235824,0.759088235824,-0.00106542886896
0.00894,1,0.757443446979,0.757443446979,-0.000579359976122
0.00895,1,0.756771574303,0.756771574303,-9.25126995162e-05
0.00896,1,0.757072229734,0.757072229734,0.000393168130145
0.00897,1,0.758341146334,0.758341146334,0.000875748470041
0.00898,1,0.760570207552,0.760570207552,0.00135331274746
0.00899,1,0.763747491743,0.763747491743,0.00182397144413
0.009,1,0.76785733174,0.76785733174,0.00228586855263
0.00901,1,0.772880389168,0.772880389168,0.00273718887562
0.00902,1,0.778793743183,0.778793743183,0.00317616513924
0.00903,1,0.785570993215,0.785570993215,0.00360108489282
0.00904,1,0.793182375276,0.793182375276,0.00401029716815
0.00905,1,0.801594891317,0.801594891317,0.00440221887244
0.00906,1,0.810772451079,0.810772451079,0.00477534089031
0.00907,1,0.820676025841,0.820676025841,0.00512823387133
0.00908,1,0.831263813394,0.831263813394,0.0054595536812
0.00909,1,0.84249141357,0.84249141357,0.00576804649559
0.0091,1,0.854312013584,0.854312013584,0.00605255351776
0.00911,1,0.866676582403,0.866676582403,0.00631201530201
0.00912,1,0.879534073373,0.879534073373,0.00654547566726
0.00913,1,0.892831634226,0.892831634226,0.0067520851862
0.00914,1,0.90651482365,0.90651482365,0.00693110423752
0.00915,1,0.920527833498,0.920527833498,0.00708190561051
0.00916,1,0.934813715761,0.934813715761,0.0072039766528
0.00917,1,0.949314613369,0.949314613369,0.00729692095446
0.00918,1,0.963971993886,0.963971993886,0.00736045956287
0.00919,1,0.978726885174,0.978726885174,0.0073944317252
0.0092,1,0.993520112056,0.993520112056,0.00739879515694
0.00921,1,1.00829253305,1.00829253305,0.007373625837
0.00922,1,1.02298527622,1.02298527622,0.00731911733151
0.00923,1,1.0375399732,1.0375399732,0.00723557965069
0.00924,1,1.0518989905,1.0518989905,0.00712343764475
0.00925,1,1.06600565709,1.06600565709,0.00698322894662
0.00926,1,1.07980448751,1.07980448751,0.00681560147125
0.00927,1,1.09324139946,1.09324139946,0.0066213104828
0.00928,1,1.10626392519,1.10626392519,0.00640121524273
0.00929,1,1.11882141568,1.11882141568,0.00615627525364
0.0093,1,1.13086523705,1.13086523705,0.00588754611494
0.00931,1,1.14234895817,1.14234895817,0.00559617500825
0.00932,1,1.15322852901,1.15322852901,0.00528339583161
0.00933,1,1.16346244885,1.16346244885,0.0049505240031
0.00934,1,1.17301192381,1.17301192381,0.00459895095559
0.00935,1,1.18184101311,1.18184101311,0.00423013834558
0.00936,1,1.18991676345,1.18991676345,0.00384561200015
0.00937,1,1.19720933108,1.19720933108,0.00344695562694
0.00938,1,1.20369209102,1.20369209102,0.00303580431309
0.00939,1,1.20934173317,1.20934173317,0.00261383783969
0.0094,1,1.21413834485,1.21413834485,0.00218277383894
0.00941,1,1.21806547951,1.21806547951,0.00174436082197
0.00942,1,1.22111021144,1.22111021144,0.00130037110536
0.00943,1,1.22326317621,1.22326317621,0.000852593665114
0.00944,1,1.22451859682,1.22451859682,0.000402826946552
0.00945,1,1.22487429543,1.22487429543,-4.71283407637e-05
0.00946,1,1.22433169067,1.22433169067,-0.000495476414486
0.00947,1,1.22289578069,1.22289578069,-0.000940433568574
0.00948,1,1.22057511187,1.22057511187,-0.00138023525166
0.00949,1,1.21738173357,1.21738173357,-0.00181314304667
0.0095,1,1.213331139,1.213331139,-0.00223745152417
0.00951,1,1.20844219253,1.20844219253,-0.00265149494245
0.00952,1,1.20273704382,1.20273704382,-0.00305365376818
0.00953,1,1.19624102906,1.19624102906,-0.00344236099212
0.00954,1,1.18898255986,1.18898255986,-0.00381610821538
0.00955,1,1.18099300016,1.18099300016,-0.00417345148255
0.00956,1,1.17230653184,1.17230653184,-0.00451301683948
0.00957,1,1.1629600094,1.1629600094,-0.0048335055941
0.00958,1,1.15299280455,1.15299280455,-0.00513369926045
0.00959,1,1.14244664112,1.14244664112,-0.00541246416712
0.0096,1,1.13136542124,1.13136542124,-0.00566875571273
0.00961,1,1.11979504327,1.11979504327,-0.00590162225264
0.00962,1,1.10778321242,1.10778321242,-0.00611020860257
0.00963,1,1.09537924467,1.09537924467,-0.00629375914625
0.00964,1,1.08263386499,1.08263386499,-0.0064516205361
0.00965,1,1.06959900047,1.06959900047,-0.00658324397728
0.00966,1,1.05632756941,1.05632756941,-0.0066881870875
0.00967,1,1.042873267,1.042873267,-0.00676611532636
0.00968,1,1.02929034868,1.02929034868,-0.00681680298989
0.00969,1,1.01563341192,1.01563341192,-0.00684013376778
0.0097,1,1.00195717729,1.00195717729,-0.00683610086242
0.00971,1,0.988316269759,0.988316269759,-0.00680480667057
0.00972,1,0.974765001058,0.974765001058,-0.00674646203045
0.00973,1,0.961357153989,0.961357153989,-0.00666138503849
0.00974,1,0.948145769508,0.948145769508,-0.00654999944199
0.00975,1,0.935182937451,0.935182937451,-0.00641283261518
0.00976,1,0.922519591708,0.922519591708,-0.00625051312838
0.00977,1,0.910205310658,0.910205310658,-0.00606376792098
0.00978,1,0.898288123646,0.898288123646,-0.0058534190909
0.00979,1,0.886814324241,0.886814324241,-0.00562038031455
0.0098,1,0.875828291014,0.875828291014,-0.00536565291267
0.00981,1,0.865372316522,0.865372316522,-0.00509032157894
0.00982,1,0.855486445154,0.855486445154,-0.00479554978939
0.00983,1,0.846208320452,0.846208320452,-0.00448257491203
0.00984,1,0.837573042503,0.837573042503,-0.00415270303702
0.00985,1,0.829613035917,0.829613035917,-0.00380730354903
0.00986,1,0.822357928904,0.822357928904,-0.00344780346415
0.00987,1,0.815834443885,0.815834443885,-0.00307568155478
0.00988,1,0.810066300044,0.810066300044,-0.00269246228648
0.00989,1,0.805074128166,0.805074128166,-0.00229970959173
0.0099,1,0.800875398068,0.800875398068,-0.00189902050581
0.00991,1,0.797484358872,0.797484358872,-0.00149201869068
0.00992,1,0.794911992308,0.794911992308,-0.00108034787308
0.00993,1,0.793165979211,0.793165979211,-0.000665665223295
0.00994,1,0.792250679287,0.792250679287,-0.000249634701083
0.00995,1,0.79216712419,0.79216712419,0.000166079604403
0.00996,1,0.792913023909,0.792913023909,0.000579820114258
0.00997,1,0.794482786376,0.794482786376,0.000989942352537
0.00998,1,0.796867550194,0.796867550194,0.00139482146589
0.00999,1,0.800055230305,0.800055230305,0.00179285864437
0.01,1,0.804030576367,0.804030576367,0.00218248741804
