time_s,maximum_receiving_voltage_difference_v,maximum_terminal_current_difference_a,maximum_terminal_power_difference_w,maximum_cumulative_energy_difference_j,coarse_maximum_kcl_residual_a,refined_maximum_kcl_residual_a
0,0.000681416524458,1.36282906169e-05,0.162432067096,0,0,0
1e-05,0.000679642966134,1.35928595455e-05,0.161837860942,4.74212277624e-06,2.16004991671e-12,1.02318153949e-12
2e-05,0.000677861826262,1.35572381623e-05,0.161231391132,9.46444241379e-06,2.16004991671e-12,1.47792889038e-12
3e-05,0.000676071555063,1.35214324928e-05,0.160616420209,1.41666956068e-05,2.72848410532e-12,1.47792889038e-12
4e-05,0.00067427137401,1.34854267344e-05,0.159992456436,1.88486162216e-05,2.72848410532e-12,1.70530256582e-12
5e-05,0.000672461523209,1.34492294137e-05,0.159358941019,2.35099375985e-05,2.72848410532e-12,1.70530256582e-12
6e-05,0.000671598536428,1.34319714107e-05,0.158716693521,2.81503946837e-05,2.72848410532e-12,1.70530256582e-12
7e-05,0.000673043818097,1.3460877426e-05,0.158065520227,3.27697269853e-05,2.72848410532e-12,2.16004991671e-12
8e-05,0.000674479502777,1.34895899464e-05,0.157405532897,3.73676670762e-05,2.72848410532e-12,2.16004991671e-12
9e-05,0.000675905597745,1.35181120413e-05,0.156736820936,4.19439553809e-05,2.72848410532e-12,2.16004991671e-12
0.0001,0.000677322103002,1.35464420055e-05,0.156058840454,4.64983352799e-05,3.18323145621e-12,2.16004991671e-12
0.00011,0.000678729062201,1.35745798389e-05,0.155371524394,5.10305476809e-05,3.18323145621e-12,2.16004991671e-12
0.00012,0.000680126271618,1.36025242909e-05,0.154676236212,5.55403331646e-05,3.18323145621e-12,2.16004991671e-12
0.00013,0.000681513862219,1.36302774081e-05,0.153971739113,6.00274354809e-05,3.18323145621e-12,2.50111042988e-12
0.00014,0.00068289173214,1.36578353249e-05,0.153258629143,6.44915985788e-05,3.18323145621e-12,2.50111042988e-12
0.00015,0.000684259932314,1.36851987236e-05,0.152536727488,6.8932567757e-05,3.18323145621e-12,2.50111042988e-12
0.00016,0.0006856183536,1.37123674904e-05,0.151806138456,7.3350093885e-05,3.18323145621e-12,2.50111042988e-12
0.00017,0.000686967112415,1.37393416253e-05,0.151066988707,7.77439259707e-05,3.18323145621e-12,2.50111042988e-12
0.00018,0.000688306019583,1.37661206736e-05,0.150319345295,8.21138127662e-05,3.18323145621e-12,2.50111042988e-12
0.00019,0.000689635184244,1.37927036121e-05,0.149563059211,8.64595071164e-05,3.18323145621e-12,2.50111042988e-12
0.0002,0.000690954533638,1.38190907819e-05,0.148798473179,9.07807591659e-05,3.18323145621e-12,2.50111042988e-12
0.00021,0.000692264104146,1.38452820693e-05,0.148025177419,9.5077323607e-05,3.18323145621e-12,2.50111042988e-12
0.00022,0.000693563793902,1.38712762237e-05,0.147243745625,9.93489592531e-05,3.18323145621e-12,2.50111042988e-12
0.00023,0.000694853661116,1.38970727903e-05,0.146453492343,0.000103595423411,3.18323145621e-12,2.50111042988e-12
0.00024,0.000696133618476,1.39226717693e-05,0.145654961467,0.000107816473957,3.18323145621e-12,2.50111042988e-12
0.00025,0.000697403687809,1.39480727057e-05,0.144848398864,0.000112011869135,3.18323145621e-12,2.50111042988e-12
0.00026,0.000698663832736,1.3973275486e-05,0.144033528864,0.000116181372647,3.18323145621e-12,2.50111042988e-12
0.00027,0.000699914067809,1.39982805649e-05,0.143210798502,0.000120324745552,3.18323145621e-12,2.50111042988e-12
0.00028,0.000701154342096,1.40230860097e-05,0.142379164696,0.000124441752575,3.18323145621e-12,2.50111042988e-12
0.00029,0.000702384670149,1.40476917068e-05,0.141539856791,0.000128532161909,3.18323145621e-12,2.50111042988e-12
0.0003,0.000703604964656,1.40720990203e-05,0.140692427754,0.000132595738592,3.18323145621e-12,2.50111042988e-12
0.00031,0.000704815283825,1.40963052218e-05,0.139837175608,0.000136632254168,3.18323145621e-12,2.50111042988e-12
0.00032,0.000706015620381,1.41203124713e-05,0.138973534107,0.000140641476435,3.18323145621e-12,2.50111042988e-12
0.00033,0.000707205894287,1.41441183814e-05,0.138102605939,0.000144623180176,3.18323145621e-12,3.18323145621e-12
0.00034,0.000708386141923,1.41677228385e-05,0.137223660946,0.000148577139214,3.18323145621e-12,3.18323145621e-12
0.00035,0.000709556305083,1.41911260698e-05,0.136336669326,0.000152503123047,3.18323145621e-12,3.18323145621e-12
0.00036,0.000710716376489,1.42143276207e-05,0.135441988707,0.000156400913568,3.18323145621e-12,3.18323145621e-12
0.00037,0.000711866341589,1.42373273775e-05,0.134539410472,0.000160270288916,3.18323145621e-12,3.18323145621e-12
0.00038,0.000713006207661,1.42601235211e-05,0.13362942636,0.000164111028084,3.18323145621e-12,3.18323145621e-12
0.00039,0.000714135938324,1.42827185527e-05,0.132711902261,0.000167922913931,3.18323145621e-12,3.18323145621e-12
0.0004,0.000715255504474,1.43051088344e-05,0.131786838174,0.000171705726984,3.18323145621e-12,3.18323145621e-12
0.00041,0.000716364884283,1.43272969808e-05,0.130854085088,0.000175459255786,3.18323145621e-12,3.18323145621e-12
0.00042,0.000717464143236,1.43492824236e-05,0.129914700985,0.000179183286946,3.18323145621e-12,3.18323145621e-12
0.00043,0.000718553172192,1.43710642533e-05,0.128966629505,0.00018287760679,3.18323145621e-12,3.18323145621e-12
0.00044,0.000719631985703,1.43926404235e-05,0.128011927009,0.000186542004769,3.18323145621e-12,3.18323145621e-12
0.00045,0.000720700525562,1.44140110478e-05,0.127049997449,0.000190176272724,3.18323145621e-12,3.18323145621e-12
0.00046,0.000721758900909,1.44351784002e-05,0.126080557704,0.000193780205848,3.18323145621e-12,3.18323145621e-12
0.00047,0.000722806995327,1.44561403204e-05,0.12510406971,0.000197353598253,3.18323145621e-12,3.18323145621e-12
0.00048,0.000723844867025,1.44768979453e-05,0.12412019074,0.000200896248145,3.18323145621e-12,3.18323145621e-12
0.00049,0.00072487234138,1.44974477507e-05,0.123129665852,0.000204407952026,3.18323145621e-12,3.18323145621e-12
0.0005,0.000725889607565,1.45177916693e-05,0.122132018209,0.00020788851208,3.18323145621e-12,3.18323145621e-12
0.00051,0.000726896541892,1.45379304968e-05,0.121127158403,0.000211337730377,3.18323145621e-12,3.18323145621e-12
0.00052,0.000727893093426,1.45578608226e-05,0.120116129518,0.000214755410241,3.18323145621e-12,3.18323145621e-12
0.00053,0.000728879364033,1.45775868532e-05,0.119097724557,0.000218141357323,3.18323145621e-12,3.18323145621e-12
0.00054,0.000729855215468,1.45971049506e-05,0.118072286248,0.000221495379435,3.18323145621e-12,3.18323145621e-12
0.00055,0.000730820713216,1.46164137504e-05,0.117040798068,0.000224817285471,3.18323145621e-12,3.18323145621e-12
0.00056,0.000731775849999,1.46355173456e-05,0.116002112627,0.000228106886311,3.18323145621e-12,3.18323145621e-12
0.00057,0.000732720563974,1.4654411757e-05,0.114957228303,0.000231363993407,3.18323145621e-12,3.18323145621e-12
0.00058,0.000733654880605,1.4673097553e-05,0.113905400038,0.000234588426451,3.18323145621e-12,3.18323145621e-12
0.00059,0.000734578708943,1.46915741652e-05,0.112847819924,0.000237780001498,3.18323145621e-12,3.18323145621e-12
0.0006,0.000735492169042,1.47098434127e-05,0.111782774329,0.000240938535512,3.18323145621e-12,3.18323145621e-12
0.00061,0.00073639511902,1.47279021121e-05,0.110712215304,0.000244063847163,3.18323145621e-12,3.18323145621e-12
0.00062,0.000737287638913,1.47457526509e-05,0.109634801745,0.000247155760917,3.18323145621e-12,3.18323145621e-12
0.00063,0.000738169706892,1.4763394006e-05,0.108551889658,0.000250214098628,3.18323145621e-12,3.18323145621e-12
0.00064,0.000739041308407,1.47808258362e-05,0.107461676002,0.000253238690675,3.18323145621e-12,3.18323145621e-12
0.00065,0.000739902316127,1.47980455267e-05,0.106366321445,0.000256229363231,3.18323145621e-12,3.18323145621e-12
0.00066,0.000740752846468,1.48150562609e-05,0.105264499784,0.000259185943492,3.18323145621e-12,3.18323145621e-12
0.00067,0.000741592852137,1.48318574702e-05,0.104156702757,0.000262108264224,3.18323145621e-12,3.18323145621e-12
0.00068,0.000742422289477,1.48484458578e-05,0.103043496609,0.000264996161036,3.18323145621e-12,3.18323145621e-12
0.00069,0.000743241220334,1.48648251752e-05,0.101923301816,0.000267849468855,3.18323145621e-12,3.18323145621e-12
0.0007,0.000744049564673,1.48809921257e-05,0.100798204541,0.000270668027611,3.18323145621e-12,3.18323145621e-12
0.00071,0.000744847351598,1.48969477323e-05,0.0996673256159,0.000273451676094,3.18323145621e-12,3.18323145621e-12
0.00072,0.000745634552004,1.49126893803e-05,0.0985307246447,0.000276200257417,3.18323145621e-12,3.18323145621e-12
0.00073,0.000746411104046,1.49282221855e-05,0.0973880589008,0.000278913613784,3.18323145621e-12,3.18323145621e-12
0.00074,0.000747177080484,1.49435409185e-05,0.0962400436401,0.000281591589896,3.18323145621e-12,3.18323145621e-12
0.00075,1391.81464069,175.301973489,15410533.1039,550.662403698,3.18323145621e-12,3.18323145621e-12
0.00076,595.247617274,190.449153929,18524077.9535,661.00335037,3.18323145621e-12,3.18323145621e-12
0.00077,1440.17221424,163.364682844,8955261.69184,771.784445928,3.18323145621e-12,3.18323145621e-12
0.00078,619.827770869,157.243199196,13788326.1469,873.99436291,3.18323145621e-12,3.18323145621e-12
0.00079,1014.66290344,154.994298756,8409164.65861,980.160946376,3.18323145621e-12,3.18323145621e-12
0.0008,487.802225254,143.083728639,12308563.929,1081.81224525,3.63797880709e-12,3.63797880709e-12
0.00081,680.740126206,143.342569496,8961863.75198,1187.44035725,3.63797880709e-12,3.63797880709e-12
0.00082,364.805099401,134.870804985,11694445.3721,1290.49010917,3.63797880709e-12,5.45696821064e-12
0.00083,458.485116566,134.76638612,9537642.79597,1396.6035206,3.86535248253e-12,5.45696821064e-12
0.00084,270.269335572,129.336581686,11362307.9579,1501.11184161,3.86535248253e-12,5.45696821064e-12
0.00085,313.861170193,128.854286877,9958260.05196,1607.72616265,3.86535248253e-12,6.36646291241e-12
0.00086,201.09139446,125.387819842,11148492.5908,1713.25436217,5.45696821064e-12,6.36646291241e-12
0.00087,219.149438034,124.748108038,10230203.0354,1820.11919139,5.45696821064e-12,7.27595761418e-12
0.00088,151.250661229,122.483893331,10993813.3285,1926.18729534,5.45696821064e-12,7.27595761418e-12
0.00089,156.302581589,121.822964779,10389708.3879,2033.03161876,5.45696821064e-12,7.27595761418e-12
0.0009,115.449873309,120.2923932,10871579.4125,2139.24621089,5.45696821064e-12,7.27595761418e-12
0.00091,116.663831217,119.671830315,10470342.1276,2245.84821318,5.45696821064e-12,7.27595761418e-12
0.00092,89.6416128599,118.593575579,10768099.8407,2351.91964517,5.45696821064e-12,9.09494701773e-12
0.00093,89.078903496,118.034053318,10497581.5226,2458.11637361,5.45696821064e-12,9.09494701773e-12
0.00094,70.8893346973,117.239198017,10675874.652,2563.84301715,5.45696821064e-12,9.09494701773e-12
0.00095,69.498991691,116.742198892,10489450.415,2669.5216769,1.09139364213e-11,9.09494701773e-12
0.00096,57.1129785695,116.128538265,10590643.1274,2774.76820424,1.09139364213e-11,9.09494701773e-12
0.00097,55.4093272849,115.687798554,10458267.3816,2879.85395545,1.09139364213e-11,1.09139364213e-11
0.00098,46.8561133622,115.192813058,10509926.0333,2984.53217085,1.09139364213e-11,1.27329258248e-11
0.00099,45.1086570323,114.799837568,10412282.2846,3088.97725099,1.09139364213e-11,1.27329258248e-11
0.001,39.103666932,114.384771018,10432253.0148,3193.03135596,1.09139364213e-11,1.45519152284e-11
0.00101,37.44497628,114.031257459,10356945.3509,3296.80664987,1.09139364213e-11,1.45519152284e-11
0.00102,33.1612222882,113.671705084,10356735.8904,3400.20262057,1.09139364213e-11,1.45519152284e-11
0.00103,31.6591998879,113.35044749,10295820.2509,3503.29153965,1.09139364213e-11,1.45519152284e-11
0.00104,28.5383871743,113.030759185,10282826.6232,3606.00973492,1.09139364213e-11,1.45519152284e-11
0.00105,27.1957090526,112.735847585,10231216.2408,3708.40393051,1.09139364213e-11,1.45519152284e-11
0.00106,24.8612814776,112.445775876,10210177.5782,3810.434058,1.09139364213e-11,1.81898940355e-11
0.00107,23.6752056095,112.17250155,10164616.0875,3912.13048556,1.45519152284e-11,1.81898940355e-11
0.00108,21.8871288244,111.905177463,10138559.921,4013.46822283,1.45519152284e-11,1.81898940355e-11
0.00109,20.8451923496,111.649839833,10096961.6915,4114.46716193,1.45519152284e-11,1.81898940355e-11
0.0011,19.4427329657,111.400539244,10067815.6775,4215.11191246,1.45519152284e-11,1.81898940355e-11
0.00111,18.5288167332,111.160242122,10028842.9565,4315.41564717,1.45519152284e-11,1.81898940355e-11
0.00112,17.40333061,110.925626006,9997829.51935,4415.36906337,1.45519152284e-11,1.81898940355e-11
0.00113,16.6008315173,110.698097641,9960621.87909,4514.98101236,1.45519152284e-11,1.81898940355e-11
0.00114,15.6780828592,110.475738645,9928512.18192,4614.24603196,1.45519152284e-11,1.81898940355e-11
0.00115,14.9714551178,110.259185165,9892513.69654,4713.17018179,1.45519152284e-11,1.81898940355e-11
0.00116,14.2000886337,110.047268688,9859790.75651,4811.75040538,1.45519152284e-11,1.81898940355e-11
0.00117,13.5754854538,109.840259833,9824639.7628,4909.99094675,1.45519152284e-11,1.81898940355e-11
0.00118,12.9194788548,109.637392493,9791603.03411,5007.89024108,1.81898940355e-11,1.81898940355e-11
0.00119,12.3649156988,109.438774708,9757061.89621,5105.45133996,1.81898940355e-11,2.18278728426e-11
0.0012,11.7986137556,109.243859617,9723894.22243,5202.67358965,1.81898940355e-11,2.18278728426e-11
0.00121,11.3038924821,109.05269086,9689804.62599,5299.55924787,2.18278728426e-11,2.18278728426e-11
0.00122,10.8087207877,108.864844941,9656615.03931,5396.10820441,2.18278728426e-11,2.54658516496e-11
0.00123,10.365247903,108.680346087,9622869.55372,5492.32217879,2.18278728426e-11,2.54658516496e-11
0.00124,9.92752371583,108.498844198,9589720.59357,5588.20137287,2.18278728426e-11,2.54658516496e-11
0.00125,49569.226836,1745.02043639,1982524674.88,44584.577373,2.18278728426e-11,2.54658516496e-11
0.00126,8497.39290229,1512.85646603,131279998.558,23350.3983978,2.18278728426e-11,2.54658516496e-11
0.00127,53657.5077244,1073.15015449,1222457068.8,15512.5933024,2.18278728426e-11,2.54658516496e-11
0.00128,11258.9681169,725.403836555,158744596.267,8995.84705246,2.18278728426e-11,2.54658516496e-11
0.00129,30917.3464691,618.346929381,439347272.553,6401.26220418,2.18278728426e-11,2.54658516496e-11
0.0013,6798.8684254,389.102064864,66906952.7999,4128.99468855,2.18278728426e-11,2.54658516496e-11
0.00131,17024.1642072,340.483284144,174671258.866,3077.17901901,2.18278728426e-11,2.54658516496e-11
0.00132,4086.04816755,220.54900158,32734234.3219,2134.7471079,2.18278728426e-11,2.54658516496e-11
0.00133,9591.1066665,191.82213333,79798863.1831,1630.02918519,2.18278728426e-11,2.54658516496e-11
0.00134,2646.33713621,130.650875823,18361505.9702,1177.1200159,2.18278728426e-11,2.54658516496e-11
0.00135,5612.01126045,112.240225209,40357887.0072,909.037801027,2.18278728426e-11,2.54658516496e-11
0.00136,2126.85579426,80.8037818775,10947930.6712,670.299758374,2.18278728426e-11,2.54658516496e-11
0.00137,3431.37991758,68.6275983516,21740032.8317,519.547400077,2.18278728426e-11,2.54658516496e-11
0.00138,1665.06667849,52.1636424125,6716481.42602,386.469973125,2.18278728426e-11,2.54658516496e-11
0.00139,2199.50853981,43.9901707963,12196197.7011,298.675007454,2.18278728426e-11,2.54658516496e-11
0.0014,1287.10543858,35.089096711,4200297.26414,221.722589662,2.18278728426e-11,2.54658516496e-11
0.00141,1475.14876056,29.5029752112,7047962.51552,169.25258674,2.18278728426e-11,2.54658516496e-11
0.00142,992.454960085,24.4705800655,2672725.94045,123.498258369,2.18278728426e-11,2.54658516496e-11
0.00143,1030.33670234,20.6067340469,4173953.33161,91.4319425796,2.18278728426e-11,2.54658516496e-11
0.00144,767.441364126,17.6061789491,1730232.17455,63.5696277485,2.18278728426e-11,2.54658516496e-11
0.00145,745.138711534,14.9027742307,2527179.84949,43.5594499863,2.18278728426e-11,2.54658516496e-11
0.00146,596.791878677,13.0052101727,1139354.44998,26.2152627753,2.18278728426e-11,2.54658516496e-11
0.00147,554.582008961,11.0916401792,1562497.41889,13.4753237901,2.18278728426e-11,2.54658516496e-11
0.00148,467.346084322,9.81996053201,762785.523904,2.4507569149,2.18278728426e-11,2.54658516496e-11
0.00149,422.453107651,8.44906215302,985858.813948,6.96658204356,2.18278728426e-11,2.54658516496e-11
0.0015,368.76949964,7.55219161636,518815.129739,13.9694277182,2.18278728426e-11,2.54658516496e-11
0.00151,327.885691071,6.64885954554,634498.542931,19.3166543578,2.18278728426e-11,2.54658516496e-11
0.00152,293.264398007,5.89883440868,358198.649122,23.940215781,2.18278728426e-11,2.54658516496e-11
0.00153,258.405053261,5.29616752704,416391.696806,27.5371722839,2.18278728426e-11,2.54658516496e-11
0.00154,235.044804405,4.7008960881,250828.931802,30.6478270473,2.18278728426e-11,2.54658516496e-11
0.00155,206.682980137,4.25250222163,278521.844601,33.1101656745,2.18278728426e-11,2.54658516496e-11
0.00156,189.839479595,3.79678959191,178012.35905,35.2410972456,2.18278728426e-11,2.54658516496e-11
0.00157,168.459815654,3.4416364888,189806.457511,36.9551819802,2.18278728426e-11,2.54658516496e-11
0.00158,154.492360047,3.08984720093,127957.070201,38.4404258125,2.18278728426e-11,2.54658516496e-11
0.00159,138.156441827,2.80713322887,131715.153442,39.6528718294,2.18278728426e-11,2.54658516496e-11
0.0016,126.661751,2.53323502001,93108.3428636,40.7053335368,2.18278728426e-11,2.54658516496e-11
0.00161,114.024469497,2.30708530954,93020.4373333,41.5761445753,2.18278728426e-11,2.54658516496e-11
0.00162,104.600291082,2.09200582163,68553.6371139,42.333794766,2.18278728426e-11,2.54658516496e-11
0.00163,94.7133367294,1.910223791,66811.4182631,42.9684176538,2.18278728426e-11,2.54658516496e-11
0.00164,86.9958218772,1.73991643754,51053.6160545,43.5221038411,2.18278728426e-11,2.54658516496e-11
0.00165,79.1804075912,1.59308083851,48768.0441746,43.9910779337,2.18278728426e-11,2.54658516496e-11
0.00166,72.8565726458,1.45713145292,38444.310387,44.4015421642,2.18278728426e-11,2.54658516496e-11
0.00167,66.6198358017,1.3379323998,36148.6479855,44.7527340661,2.18278728426e-11,2.54658516496e-11
0.00168,61.4281122319,1.22856224464,29262.5717807,45.0611902754,2.18278728426e-11,2.54658516496e-11
0.00169,56.4073969336,1.131306227,27187.2485695,45.32752756,2.18278728426e-11,2.54658516496e-11
0.0017,52.1329776084,1.04265955217,22507.927746,45.5623362583,2.18278728426e-11,2.54658516496e-11
0.00171,48.0581432144,0.962896492228,20729.6504111,45.7667673734,2.18278728426e-11,2.54658516496e-11
0.00172,44.5265148676,0.890530297353,17489.0410058,45.9477094767,2.18278728426e-11,2.54658516496e-11
0.00173,41.1940597329,0.824770346149,16010.6669014,46.1064291012,2.18278728426e-11,2.54658516496e-11
0.00174,38.2643645836,0.765287291672,13723.4256987,46.2474811203,2.18278728426e-11,2.54658516496e-11
0.00175,35.5194037867,0.710784536011,12515.8820274,46.3720555168,2.18278728426e-11,2.54658516496e-11
0.00176,33.0783618559,0.661567237118,10871.1590079,46.4832160405,2.18278728426e-11,2.54658516496e-11
0.00177,30.8019003771,0.616153808901,9894.72669506,46.5820013723,2.18278728426e-11,2.54658516496e-11
0.00178,28.7585581797,0.575171163594,8690.57725754,46.6705088062,2.18278728426e-11,2.54658516496e-11
0.00179,26.8583850391,0.537167700783,7905.10690716,46.7496091244,2.18278728426e-11,2.54658516496e-11
0.0018,25.1397276074,0.502794552147,7008.36111975,46.8207637172,2.18278728426e-11,2.54658516496e-11
0.00181,23.543820194,0.470876403882,6377.67836523,46.8846855412,2.18278728426e-11,2.54658516496e-11
0.00182,22.0911796859,0.441823593719,5699.14351535,46.9424109486,2.18278728426e-11,2.54658516496e-11
0.00183,20.7428714124,0.414857428248,5192.5063825,46.9945155116,2.18278728426e-11,2.54658516496e-11
0.00184,19.5090264486,0.390180528972,4671.48428318,47.0417468526,2.18278728426e-11,2.54658516496e-11
0.00185,18.3634287813,0.367268575627,4263.62890559,47.0845658954,2.18278728426e-11,2.54658516496e-11
0.00186,17.3102816397,0.346205632795,3858.14201504,47.1235208841,2.18278728426e-11,2.54658516496e-11
0.00187,16.331609104,0.326632182081,3528.72296408,47.1589794328,2.18278728426e-11,2.54658516496e-11
0.00188,15.428335689,0.30856671378,3209.27186024,47.1913498391,2.18278728426e-11,2.54658516496e-11
0.00189,14.5878881348,0.291757762696,2942.10546878,47.2209249213,2.18278728426e-11,2.54658516496e-11
0.0019,13.8094692097,0.276189384195,2687.63221988,47.24801316,2.18278728426e-11,2.54658516496e-11
0.00191,13.0840974263,0.261681948525,2469.9377116,47.2728479589,2.18278728426e-11,2.54658516496e-11
0.00192,12.410154409,0.24820308818,2265.18154117,47.2956654966,2.18278728426e-11,2.54658516496e-11
0.00193,11.7810845782,0.235621691564,2086.90284088,47.3166522139,2.18278728426e-11,2.54658516496e-11
0.00194,11.1949571326,0.223899142652,1920.6442951,47.3359911422,2.18278728426e-11,2.54658516496e-11
0.00195,10.6468840094,0.212937680188,1773.87880981,47.35383168,2.18278728426e-11,2.54658516496e-11
0.00196,10.1348988594,0.202697977189,1637.75756067,47.3703172501,2.18278728426e-11,2.54658516496e-11
0.00197,9.65528180841,0.193105636168,1516.29139099,47.3855680342,2.18278728426e-11,2.54658516496e-11
0.00198,9.20617244822,0.184123448965,1403.99895608,47.3996975559,2.18278728426e-11,2.54658516496e-11
0.00199,8.78468573292,0.175693714659,1302.93668804,47.4128029192,2.18278728426e-11,2.54658516496e-11
0.002,8.3891310943,0.167782621887,1209.65732506,47.4249748097,2.18278728426e-11,2.54658516496e-11
