time_s,positive_sequence_v,negative_sequence_v,frequency_hz,valid
1e-05,0,0,0,0
2e-05,0,0,0,0
3e-05,0,0,0,0
4e-05,0,0,0,0
5e-05,0,0,0,0
6e-05,0,0,0,0
7e-05,0,0,0,0
8e-05,0,0,0,0
9e-05,0,0,0,0
0.0001,0,0,0,0
0.00011,0,0,0,0
0.00012,0,0,0,0
0.00013,0,0,0,0
0.00014,0,0,0,0
0.00015,0,0,0,0
0.00016,0,0,0,0
0.00017,0,0,0,0
0.00018,0,0,0,0
0.00019,0,0,0,0
0.0002,0,0,0,0
0.00021,0,0,0,0
0.00022,0,0,0,0
0.00023,0,0,0,0
0.00024,0,0,0,0
0.00025,0,0,0,0
0.00026,0,0,0,0
0.00027,0,0,0,0
0.00028,0,0,0,0
0.00029,0,0,0,0
0.0003,0,0,0,0
0.00031,0,0,0,0
0.00032,0,0,0,0
0.00033,0,0,0,0
0.00034,0,0,0,0
0.00035,0,0,0,0
0.00036,0,0,0,0
0.00037,0,0,0,0
0.00038,0,0,0,0
0.00039,0,0,0,0
0.0004,0,0,0,0
0.00041,0,0,0,0
0.00042,0,0,0,0
0.00043,0,0,0,0
0.00044,0,0,0,0
0.00045,0,0,0,0
0.00046,0,0,0,0
0.00047,0,0,0,0
0.00048,0,0,0,0
0.00049,0,0,0,0
0.0005,0,0,0,0
0.00051,0,0,0,0
0.00052,0,0,0,0
0.00053,0,0,0,0
0.00054,0,0,0,0
0.00055,0,0,0,0
0.00056,0,0,0,0
0.00057,0,0,0,0
0.00058,0,0,0,0
0.00059,0,0,0,0
0.0006,0,0,0,0
0.00061,0,0,0,0
0.00062,0,0,0,0
0.00063,0,0,0,0
0.00064,0,0,0,0
0.00065,0,0,0,0
0.00066,0,0,0,0
0.00067,0,0,0,0
0.00068,0,0,0,0
0.00069,0,0,0,0
0.0007,0,0,0,0
0.00071,0,0,0,0
0.00072,0,0,0,0
0.00073,0,0,0,0
0.00074,0,0,0,0
0.00075,0,0,0,0
0.00076,0,0,0,0
0.00077,0,0,0,0
0.00078,0,0,0,0
0.00079,0,0,0,0
0.0008,0,0,0,0
0.00081,0,0,0,0
0.00082,0,0,0,0
0.00083,0,0,0,0
0.00084,0,0,0,0
0.00085,0,0,0,0
0.00086,0,0,0,0
0.00087,0,0,0,0
0.00088,0,0,0,0
0.00089,0,0,0,0
0.0009,0,0,0,0
0.00091,0,0,0,0
0.00092,0,0,0,0
0.00093,0,0,0,0
0.00094,0,0,0,0
0.00095,0,0,0,0
0.00096,0,0,0,0
0.00097,0,0,0,0
0.00098,0,0,0,0
0.00099,0,0,0,0
0.001,0,0,0,0
0.00101,0,0,0,0
0.00102,0,0,0,0
0.00103,0,0,0,0
0.00104,0,0,0,0
0.00105,0,0,0,0
0.00106,0,0,0,0
0.00107,0,0,0,0
0.00108,0,0,0,0
0.00109,0,0,0,0
0.0011,0,0,0,0
0.00111,0,0,0,0
0.00112,0,0,0,0
0.00113,0,0,0,0
0.00114,0,0,0,0
0.00115,0,0,0,0
0.00116,0,0,0,0
0.00117,0,0,0,0
0.00118,0,0,0,0
0.00119,0,0,0,0
0.0012,0,0,0,0
0.00121,0,0,0,0
0.00122,0,0,0,0
0.00123,0,0,0,0
0.00124,0,0,0,0
0.00125,0,0,0,0
0.00126,0,0,0,0
0.00127,0,0,0,0
0.00128,0,0,0,0
0.00129,0,0,0,0
0.0013,0,0,0,0
0.00131,0,0,0,0
0.00132,0,0,0,0
0.00133,0,0,0,0
0.00134,0,0,0,0
0.00135,0,0,0,0
0.00136,0,0,0,0
0.00137,0,0,0,0
0.00138,0,0,0,0
0.00139,0,0,0,0
0.0014,0,0,0,0
0.00141,0,0,0,0
0.00142,0,0,0,0
0.00143,0,0,0,0
0.00144,0,0,0,0
0.00145,0,0,0,0
0.00146,0,0,0,0
0.00147,0,0,0,0
0.00148,0,0,0,0
0.00149,0,0,0,0
0.0015,0,0,0,0
0.00151,0,0,0,0
0.00152,0,0,0,0
0.00153,0,0,0,0
0.00154,0,0,0,0
0.00155,0,0,0,0
0.00156,0,0,0,0
0.00157,0,0,0,0
0.00158,0,0,0,0
0.00159,0,0,0,0
0.0016,0,0,0,0
0.00161,0,0,0,0
0.00162,0,0,0,0
0.00163,0,0,0,0
0.00164,0,0,0,0
0.00165,0,0,0,0
0.00166,0,0,0,0
0.00167,0,0,0,0
0.00168,0,0,0,0
0.00169,0,0,0,0
0.0017,0,0,0,0
0.00171,0,0,0,0
0.00172,0,0,0,0
0.00173,0,0,0,0
0.00174,0,0,0,0
0.00175,0,0,0,0
0.00176,0,0,0,0
0.00177,0,0,0,0
0.00178,0,0,0,0
0.00179,0,0,0,0
0.0018,0,0,0,0
0.00181,0,0,0,0
0.00182,0,0,0,0
0.00183,0,0,0,0
0.00184,0,0,0,0
0.00185,0,0,0,0
0.00186,0,0,0,0
0.00187,0,0,0,0
0.00188,0,0,0,0
0.00189,0,0,0,0
0.0019,0,0,0,0
0.00191,0,0,0,0
0.00192,0,0,0,0
0.00193,0,0,0,0
0.00194,0,0,0,0
0.00195,0,0,0,0
0.00196,0,0,0,0
0.00197,0,0,0,0
0.00198,0,0,0,0
0.00199,0,0,0,0
0.002,0,0,0,0
0.00201,0,0,0,0
0.00202,0,0,0,0
0.00203,0,0,0,0
0.00204,0,0,0,0
0.00205,0,0,0,0
0.00206,0,0,0,0
0.00207,0,0,0,0
0.00208,0,0,0,0
0.00209,0,0,0,0
0.0021,0,0,0,0
0.00211,0,0,0,0
0.00212,0,0,0,0
0.00213,0,0,0,0
0.00214,0,0,0,0
0.00215,0,0,0,0
0.00216,0,0,0,0
0.00217,0,0,0,0
0.00218,0,0,0,0
0.00219,0,0,0,0
0.0022,0,0,0,0
0.00221,0,0,0,0
0.00222,0,0,0,0
0.00223,0,0,0,0
0.00224,0,0,0,0
0.00225,0,0,0,0
0.00226,0,0,0,0
0.00227,0,0,0,0
0.00228,0,0,0,0
0.00229,0,0,0,0
0.0023,0,0,0,0
0.00231,0,0,0,0
0.00232,0,0,0,0
0.00233,0,0,0,0
0.00234,0,0,0,0
0.00235,0,0,0,0
0.00236,0,0,0,0
0.00237,0,0,0,0
0.00238,0,0,0,0
0.00239,0,0,0,0
0.0024,0,0,0,0
0.00241,0,0,0,0
0.00242,0,0,0,0
0.00243,0,0,0,0
0.00244,0,0,0,0
0.00245,0,0,0,0
0.00246,0,0,0,0
0.00247,0,0,0,0
0.00248,0,0,0,0
0.00249,0,0,0,0
0.0025,0,0,0,0
0.00251,0,0,0,0
0.00252,0,0,0,0
0.00253,0,0,0,0
0.00254,0,0,0,0
0.00255,0,0,0,0
0.00256,0,0,0,0
0.00257,0,0,0,0
0.00258,0,0,0,0
0.00259,0,0,0,0
0.0026,0,0,0,0
0.00261,0,0,0,0
0.00262,0,0,0,0
0.00263,0,0,0,0
0.00264,0,0,0,0
0.00265,0,0,0,0
0.00266,0,0,0,0
0.00267,0,0,0,0
0.00268,0,0,0,0
0.00269,0,0,0,0
0.0027,0,0,0,0
0.00271,0,0,0,0
0.00272,0,0,0,0
0.00273,0,0,0,0
0.00274,0,0,0,0
0.00275,0,0,0,0
0.00276,0,0,0,0
0.00277,0,0,0,0
0.00278,0,0,0,0
0.00279,0,0,0,0
0.0028,0,0,0,0
0.00281,0,0,0,0
0.00282,0,0,0,0
0.00283,0,0,0,0
0.00284,0,0,0,0
0.00285,0,0,0,0
0.00286,0,0,0,0
0.00287,0,0,0,0
0.00288,0,0,0,0
0.00289,0,0,0,0
0.0029,0,0,0,0
0.00291,0,0,0,0
0.00292,0,0,0,0
0.00293,0,0,0,0
0.00294,0,0,0,0
0.00295,0,0,0,0
0.00296,0,0,0,0
0.00297,0,0,0,0
0.00298,0,0,0,0
0.00299,0,0,0,0
0.003,0,0,0,0
0.00301,0,0,0,0
0.00302,0,0,0,0
0.00303,0,0,0,0
0.00304,0,0,0,0
0.00305,0,0,0,0
0.00306,0,0,0,0
0.00307,0,0,0,0
0.00308,0,0,0,0
0.00309,0,0,0,0
0.0031,0,0,0,0
0.00311,0,0,0,0
0.00312,0,0,0,0
0.00313,0,0,0,0
0.00314,0,0,0,0
0.00315,0,0,0,0
0.00316,0,0,0,0
0.00317,0,0,0,0
0.00318,0,0,0,0
0.00319,0,0,0,0
0.0032,0,0,0,0
0.00321,0,0,0,0
0.00322,0,0,0,0
0.00323,0,0,0,0
0.00324,0,0,0,0
0.00325,0,0,0,0
0.00326,0,0,0,0
0.00327,0,0,0,0
0.00328,0,0,0,0
0.00329,0,0,0,0
0.0033,0,0,0,0
0.00331,0,0,0,0
0.00332,0,0,0,0
0.00333,0,0,0,0
0.00334,0,0,0,0
0.00335,0,0,0,0
0.00336,0,0,0,0
0.00337,0,0,0,0
0.00338,0,0,0,0
0.00339,0,0,0,0
0.0034,0,0,0,0
0.00341,0,0,0,0
0.00342,0,0,0,0
0.00343,0,0,0,0
0.00344,0,0,0,0
0.00345,0,0,0,0
0.00346,0,0,0,0
0.00347,0,0,0,0
0.00348,0,0,0,0
0.00349,0,0,0,0
0.0035,0,0,0,0
0.00351,0,0,0,0
0.00352,0,0,0,0
0.00353,0,0,0,0
0.00354,0,0,0,0
0.00355,0,0,0,0
0.00356,0,0,0,0
0.00357,0,0,0,0
0.00358,0,0,0,0
0.00359,0,0,0,0
0.0036,0,0,0,0
0.00361,0,0,0,0
0.00362,0,0,0,0
0.00363,0,0,0,0
0.00364,0,0,0,0
0.00365,0,0,0,0
0.00366,0,0,0,0
0.00367,0,0,0,0
0.00368,0,0,0,0
0.00369,0,0,0,0
0.0037,0,0,0,0
0.00371,0,0,0,0
0.00372,0,0,0,0
0.00373,0,0,0,0
0.00374,0,0,0,0
0.00375,0,0,0,0
0.00376,0,0,0,0
0.00377,0,0,0,0
0.00378,0,0,0,0
0.00379,0,0,0,0
0.0038,0,0,0,0
0.00381,0,0,0,0
0.00382,0,0,0,0
0.00383,0,0,0,0
0.00384,0,0,0,0
0.00385,0,0,0,0
0.00386,0,0,0,0
0.00387,0,0,0,0
0.00388,0,0,0,0
0.00389,0,0,0,0
0.0039,0,0,0,0
0.00391,0,0,0,0
0.00392,0,0,0,0
0.00393,0,0,0,0
0.00394,0,0,0,0
0.00395,0,0,0,0
0.00396,0,0,0,0
0.00397,0,0,0,0
0.00398,0,0,0,0
0.00399,0,0,0,0
0.004,0,0,0,0
0.00401,0,0,0,0
0.00402,0,0,0,0
0.00403,0,0,0,0
0.00404,0,0,0,0
0.00405,65.9585946781,51.2955042356,0,0
0.00406,65.9585946781,51.2955042356,0,0
0.00407,65.9585946781,51.2955042356,0,0
0.00408,65.9585946781,51.2955042356,0,0
0.00409,65.9585946781,51.2955042356,0,0
0.0041,66.824035391,51.6051775928,49.9134132934,1
0.00411,66.824035391,51.6051775928,49.9134132934,1
0.00412,66.824035391,51.6051775928,49.9134132934,1
0.00413,66.824035391,51.6051775928,49.9134132934,1
0.00414,66.824035391,51.6051775928,49.9134132934,1
0.00415,67.4764660231,51.8367138716,49.5011019751,1
0.00416,67.4764660231,51.8367138716,49.5011019751,1
0.00417,67.4764660231,51.8367138716,49.5011019751,1
0.00418,67.4764660231,51.8367138716,49.5011019751,1
0.00419,67.4764660231,51.8367138716,49.5011019751,1
0.0042,67.9527653775,52.0032744433,49.289834785,1
0.00421,67.9527653775,52.0032744433,49.289834785,1
0.00422,67.9527653775,52.0032744433,49.289834785,1
0.00423,67.9527653775,52.0032744433,49.289834785,1
0.00424,67.9527653775,52.0032744433,49.289834785,1
0.00425,68.3005305523,52.1224468139,49.2341745366,1
0.00426,68.3005305523,52.1224468139,49.2341745366,1
0.00427,68.3005305523,52.1224468139,49.2341745366,1
0.00428,68.3005305523,52.1224468139,49.2341745366,1
0.00429,68.3005305523,52.1224468139,49.2341745366,1
0.0043,68.5542407069,52.2069166843,49.2535358414,1
0.00431,68.5542407069,52.2069166843,49.2535358414,1
0.00432,68.5542407069,52.2069166843,49.2535358414,1
0.00433,68.5542407069,52.2069166843,49.2535358414,1
0.00434,68.5542407069,52.2069166843,49.2535358414,1
0.00435,68.7393995913,52.266526085,49.3259700008,1
0.00436,68.7393995913,52.266526085,49.3259700008,1
0.00437,68.7393995913,52.266526085,49.3259700008,1
0.00438,68.7393995913,52.266526085,49.3259700008,1
0.00439,68.7393995913,52.266526085,49.3259700008,1
0.0044,68.8745220784,52.3084493989,49.4124931445,1
0.00441,68.8745220784,52.3084493989,49.4124931445,1
0.00442,68.8745220784,52.3084493989,49.4124931445,1
0.00443,68.8745220784,52.3084493989,49.4124931445,1
0.00444,68.8745220784,52.3084493989,49.4124931445,1
0.00445,68.9730187998,52.3377151247,49.4998871322,1
0.00446,68.9730187998,52.3377151247,49.4998871322,1
0.00447,68.9730187998,52.3377151247,49.4998871322,1
0.00448,68.9730187998,52.3377151247,49.4998871322,1
0.00449,68.9730187998,52.3377151247,49.4998871322,1
0.0045,69.0447060749,52.3581611313,49.5850474936,1
0.00451,69.0447060749,52.3581611313,49.5850474936,1
0.00452,69.0447060749,52.3581611313,49.5850474936,1
0.00453,69.0447060749,52.3581611313,49.5850474936,1
0.00454,69.0447060749,52.3581611313,49.5850474936,1
0.00455,69.0970794371,52.3723979342,49.6639677521,1
0.00456,69.0970794371,52.3723979342,49.6639677521,1
0.00457,69.0970794371,52.3723979342,49.6639677521,1
0.00458,69.0970794371,52.3723979342,49.6639677521,1
0.00459,69.0970794371,52.3723979342,49.6639677521,1
0.0046,69.1351066473,52.3821798528,49.7245013101,1
0.00461,69.1351066473,52.3821798528,49.7245013101,1
0.00462,69.1351066473,52.3821798528,49.7245013101,1
0.00463,69.1351066473,52.3821798528,49.7245013101,1
0.00464,69.1351066473,52.3821798528,49.7245013101,1
0.00465,69.1629759214,52.3889115905,49.7736822725,1
0.00466,69.1629759214,52.3889115905,49.7736822725,1
0.00467,69.1629759214,52.3889115905,49.7736822725,1
0.00468,69.1629759214,52.3889115905,49.7736822725,1
0.00469,69.1629759214,52.3889115905,49.7736822725,1
0.0047,69.1832478,52.3935936627,49.8224657895,1
0.00471,69.1832478,52.3935936627,49.8224657895,1
0.00472,69.1832478,52.3935936627,49.8224657895,1
0.00473,69.1832478,52.3935936627,49.8224657895,1
0.00474,69.1832478,52.3935936627,49.8224657895,1
0.00475,69.1979737874,52.3967684014,49.8641558512,1
0.00476,69.1979737874,52.3967684014,49.8641558512,1
0.00477,69.1979737874,52.3967684014,49.8641558512,1
0.00478,69.1979737874,52.3967684014,49.8641558512,1
0.00479,69.1979737874,52.3967684014,49.8641558512,1
0.0048,69.208617719,52.3989453019,49.8898755418,1
0.00481,69.208617719,52.3989453019,49.8898755418,1
0.00482,69.208617719,52.3989453019,49.8898755418,1
0.00483,69.208617719,52.3989453019,49.8898755418,1
0.00484,69.208617719,52.3989453019,49.8898755418,1
0.00485,69.2163007097,52.4003909444,49.9122033915,1
0.00486,69.2163007097,52.4003909444,49.9122033915,1
0.00487,69.2163007097,52.4003909444,49.9122033915,1
0.00488,69.2163007097,52.4003909444,49.9122033915,1
0.00489,69.2163007097,52.4003909444,49.9122033915,1
0.0049,69.2220412796,52.4013913558,49.9293655654,1
0.00491,69.2220412796,52.4013913558,49.9293655654,1
0.00492,69.2220412796,52.4013913558,49.9293655654,1
0.00493,69.2220412796,52.4013913558,49.9293655654,1
0.00494,69.2220412796,52.4013913558,49.9293655654,1
0.00495,69.2261434095,52.4020191988,49.9476986493,1
0.00496,69.2261434095,52.4020191988,49.9476986493,1
0.00497,69.2261434095,52.4020191988,49.9476986493,1
0.00498,69.2261434095,52.4020191988,49.9476986493,1
0.00499,69.2261434095,52.4020191988,49.9476986493,1
0.005,69.2292127041,52.4024598187,49.9629854248,1
0.00501,69.2292127041,52.4024598187,49.9629854248,1
0.00502,69.2292127041,52.4024598187,49.9629854248,1
0.00503,69.2292127041,52.4024598187,49.9629854248,1
0.00504,69.2292127041,52.4024598187,49.9629854248,1
0.00505,69.2313402746,52.4027205553,49.9643029462,1
0.00506,69.2313402746,52.4027205553,49.9643029462,1
0.00507,69.2313402746,52.4027205553,49.9643029462,1
0.00508,69.2313402746,52.4027205553,49.9643029462,1
0.00509,69.2313402746,52.4027205553,49.9643029462,1
0.0051,69.2236402474,52.4002580685,49.9564178428,1
0.00511,69.2236402474,52.4002580685,49.9564178428,1
0.00512,69.2236402474,52.4002580685,49.9564178428,1
0.00513,69.2236402474,52.4002580685,49.9564178428,1
0.00514,69.2236402474,52.4002580685,49.9564178428,1
0.00515,69.136368481,52.3750613393,49.8132823257,1
0.00516,69.136368481,52.3750613393,49.8132823257,1
0.00517,69.136368481,52.3750613393,49.8132823257,1
0.00518,69.136368481,52.3750613393,49.8132823257,1
0.00519,69.136368481,52.3750613393,49.8132823257,1
0.0052,68.9909122319,52.3300138385,49.7447432881,1
0.00521,68.9909122319,52.3300138385,49.7447432881,1
0.00522,68.9909122319,52.3300138385,49.7447432881,1
0.00523,68.9909122319,52.3300138385,49.7447432881,1
0.00524,68.9909122319,52.3300138385,49.7447432881,1
0.00525,68.8029255113,52.2679873467,49.731578001,1
0.00526,68.8029255113,52.2679873467,49.731578001,1
0.00527,68.8029255113,52.2679873467,49.731578001,1
0.00528,68.8029255113,52.2679873467,49.731578001,1
0.00529,68.8029255113,52.2679873467,49.731578001,1
0.0053,68.5838883694,52.191207248,49.734046986,1
0.00531,68.5838883694,52.191207248,49.734046986,1
0.00532,68.5838883694,52.191207248,49.734046986,1
0.00533,68.5838883694,52.191207248,49.734046986,1
0.00534,68.5838883694,52.191207248,49.734046986,1
0.00535,68.342216693,52.1014715833,49.7625687751,1
0.00536,68.342216693,52.1014715833,49.7625687751,1
0.00537,68.342216693,52.1014715833,49.7625687751,1
0.00538,68.342216693,52.1014715833,49.7625687751,1
0.00539,68.342216693,52.1014715833,49.7625687751,1
0.0054,68.0839216419,51.9998916409,49.7853534187,1
0.00541,68.0839216419,51.9998916409,49.7853534187,1
0.00542,68.0839216419,51.9998916409,49.7853534187,1
0.00543,68.0839216419,51.9998916409,49.7853534187,1
0.00544,68.0839216419,51.9998916409,49.7853534187,1
0.00545,67.8135060797,51.8878013827,49.8232788155,1
0.00546,67.8135060797,51.8878013827,49.8232788155,1
0.00547,67.8135060797,51.8878013827,49.8232788155,1
0.00548,67.8135060797,51.8878013827,49.8232788155,1
0.00549,67.8135060797,51.8878013827,49.8232788155,1
0.0055,67.5342373672,51.765928383,49.8498479531,1
0.00551,67.5342373672,51.765928383,49.8498479531,1
0.00552,67.5342373672,51.765928383,49.8498479531,1
0.00553,67.5342373672,51.765928383,49.8498479531,1
0.00554,67.5342373672,51.765928383,49.8498479531,1
0.00555,67.2485829344,51.6349948778,49.8764940508,1
0.00556,67.2485829344,51.6349948778,49.8764940508,1
0.00557,67.2485829344,51.6349948778,49.8764940508,1
0.00558,67.2485829344,51.6349948778,49.8764940508,1
0.00559,67.2485829344,51.6349948778,49.8764940508,1
0.0056,66.9582300264,51.4956562944,49.8967492516,1
0.00561,66.9582300264,51.4956562944,49.8967492516,1
0.00562,66.9582300264,51.4956562944,49.8967492516,1
0.00563,66.9582300264,51.4956562944,49.8967492516,1
0.00564,66.9582300264,51.4956562944,49.8967492516,1
0.00565,66.6645954813,51.3482606206,49.9138241014,1
0.00566,66.6645954813,51.3482606206,49.9138241014,1
0.00567,66.6645954813,51.3482606206,49.9138241014,1
0.00568,66.6645954813,51.3482606206,49.9138241014,1
0.00569,66.6645954813,51.3482606206,49.9138241014,1
0.0057,66.3684172924,51.1932386095,49.9324484015,1
0.00571,66.3684172924,51.1932386095,49.9324484015,1
0.00572,66.3684172924,51.1932386095,49.9324484015,1
0.00573,66.3684172924,51.1932386095,49.9324484015,1
0.00574,66.3684172924,51.1932386095,49.9324484015,1
0.00575,66.0703269893,51.0308305435,49.9419922652,1
0.00576,66.0703269893,51.0308305435,49.9419922652,1
0.00577,66.0703269893,51.0308305435,49.9419922652,1
0.00578,66.0703269893,51.0308305435,49.9419922652,1
0.00579,66.0703269893,51.0308305435,49.9419922652,1
0.0058,65.7709792541,50.8611260946,49.9505576288,1
0.00581,65.7709792541,50.8611260946,49.9505576288,1
0.00582,65.7709792541,50.8611260946,49.9505576288,1
0.00583,65.7709792541,50.8611260946,49.9505576288,1
0.00584,65.7709792541,50.8611260946,49.9505576288,1
0.00585,65.4706176555,50.6846486342,49.9617846654,1
0.00586,65.4706176555,50.6846486342,49.9617846654,1
0.00587,65.4706176555,50.6846486342,49.9617846654,1
0.00588,65.4706176555,50.6846486342,49.9617846654,1
0.00589,65.4706176555,50.6846486342,49.9617846654,1
0.0059,65.1695243809,50.5013866631,49.9613506445,1
0.00591,65.1695243809,50.5013866631,49.9613506445,1
0.00592,65.1695243809,50.5013866631,49.9613506445,1
0.00593,65.1695243809,50.5013866631,49.9613506445,1
0.00594,65.1695243809,50.5013866631,49.9613506445,1
0.00595,64.8680386284,50.3116349279,49.9669530278,1
0.00596,64.8680386284,50.3116349279,49.9669530278,1
0.00597,64.8680386284,50.3116349279,49.9669530278,1
0.00598,64.8680386284,50.3116349279,49.9669530278,1
0.00599,64.8680386284,50.3116349279,49.9669530278,1
0.006,64.5662109729,50.1154753887,49.9743609246,1
0.00601,64.5662109729,50.1154753887,49.9743609246,1
0.00602,64.5662109729,50.1154753887,49.9743609246,1
0.00603,64.5662109729,50.1154753887,49.9743609246,1
0.00604,64.5662109729,50.1154753887,49.9743609246,1
0.00605,64.2640591037,49.9130086284,49.9716724201,1
0.00606,64.2640591037,49.9130086284,49.9716724201,1
0.00607,64.2640591037,49.9130086284,49.9716724201,1
0.00608,64.2640591037,49.9130086284,49.9716724201,1
0.00609,64.2640591037,49.9130086284,49.9716724201,1
0.0061,63.9617573568,49.7045604405,49.9802256966,1
0.00611,63.9617573568,49.7045604405,49.9802256966,1
0.00612,63.9617573568,49.7045604405,49.9802256966,1
0.00613,63.9617573568,49.7045604405,49.9802256966,1
0.00614,63.9617573568,49.7045604405,49.9802256966,1
0.00615,63.659288463,49.4901293601,49.9838892064,1
0.00616,63.659288463,49.4901293601,49.9838892064,1
0.00617,63.659288463,49.4901293601,49.9838892064,1
0.00618,63.659288463,49.4901293601,49.9838892064,1
0.00619,63.659288463,49.4901293601,49.9838892064,1
0.0062,63.3566163371,49.2698785026,49.9845860898,1
0.00621,63.3566163371,49.2698785026,49.9845860898,1
0.00622,63.3566163371,49.2698785026,49.9845860898,1
0.00623,63.3566163371,49.2698785026,49.9845860898,1
0.00624,63.3566163371,49.2698785026,49.9845860898,1
0.00625,63.0540003181,49.0441751687,49.9846972916,1
0.00626,63.0540003181,49.0441751687,49.9846972916,1
0.00627,63.0540003181,49.0441751687,49.9846972916,1
0.00628,63.0540003181,49.0441751687,49.9846972916,1
0.00629,63.0540003181,49.0441751687,49.9846972916,1
0.0063,62.7513427756,48.8129906742,49.9906383255,1
0.00631,62.7513427756,48.8129906742,49.9906383255,1
0.00632,62.7513427756,48.8129906742,49.9906383255,1
0.00633,62.7513427756,48.8129906742,49.9906383255,1
0.00634,62.7513427756,48.8129906742,49.9906383255,1
0.00635,62.4485608842,48.5764624869,49.9838723214,1
0.00636,62.4485608842,48.5764624869,49.9838723214,1
0.00637,62.4485608842,48.5764624869,49.9838723214,1
0.00638,62.4485608842,48.5764624869,49.9838723214,1
0.00639,62.4485608842,48.5764624869,49.9838723214,1
0.0064,62.1457463403,48.3347166889,49.9870532567,1
0.00641,62.1457463403,48.3347166889,49.9870532567,1
0.00642,62.1457463403,48.3347166889,49.9870532567,1
0.00643,62.1457463403,48.3347166889,49.9870532567,1
0.00644,62.1457463403,48.3347166889,49.9870532567,1
0.00645,61.8427236438,48.0880484614,49.9887296576,1
0.00646,61.8427236438,48.0880484614,49.9887296576,1
0.00647,61.8427236438,48.0880484614,49.9887296576,1
0.00648,61.8427236438,48.0880484614,49.9887296576,1
0.00649,61.8427236438,48.0880484614,49.9887296576,1
0.0065,61.5399000826,47.8365163478,49.9855481316,1
0.00651,61.5399000826,47.8365163478,49.9855481316,1
0.00652,61.5399000826,47.8365163478,49.9855481316,1
0.00653,61.5399000826,47.8365163478,49.9855481316,1
0.00654,61.5399000826,47.8365163478,49.9855481316,1
0.00655,61.2370359212,47.5804179943,49.991204131,1
0.00656,61.2370359212,47.5804179943,49.991204131,1
0.00657,61.2370359212,47.5804179943,49.991204131,1
0.00658,61.2370359212,47.5804179943,49.991204131,1
0.00659,61.2370359212,47.5804179943,49.991204131,1
0.0066,60.9341236345,47.3198255315,49.9875323616,1
0.00661,60.9341236345,47.3198255315,49.9875323616,1
0.00662,60.9341236345,47.3198255315,49.9875323616,1
0.00663,60.9341236345,47.3198255315,49.9875323616,1
0.00664,60.9341236345,47.3198255315,49.9875323616,1
0.00665,60.631174741,47.0549295571,49.9896937989,1
0.00666,60.631174741,47.0549295571,49.9896937989,1
0.00667,60.631174741,47.0549295571,49.9896937989,1
0.00668,60.631174741,47.0549295571,49.9896937989,1
0.00669,60.631174741,47.0549295571,49.9896937989,1
0.0067,60.328214418,46.7860437598,49.9915080231,1
0.00671,60.328214418,46.7860437598,49.9915080231,1
0.00672,60.328214418,46.7860437598,49.9915080231,1
0.00673,60.328214418,46.7860437598,49.9915080231,1
0.00674,60.328214418,46.7860437598,49.9915080231,1
0.00675,60.0252983577,46.5133967269,49.9868140718,1
0.00676,60.0252983577,46.5133967269,49.9868140718,1
0.00677,60.0252983577,46.5133967269,49.9868140718,1
0.00678,60.0252983577,46.5133967269,49.9868140718,1
0.00679,60.0252983577,46.5133967269,49.9868140718,1
0.0068,59.7224807493,46.2370455334,49.9827777096,1
0.00681,59.7224807493,46.2370455334,49.9827777096,1
0.00682,59.7224807493,46.2370455334,49.9827777096,1
0.00683,59.7224807493,46.2370455334,49.9827777096,1
0.00684,59.7224807493,46.2370455334,49.9827777096,1
0.00685,59.4195660902,45.9572080327,49.9826441274,1
0.00686,59.4195660902,45.9572080327,49.9826441274,1
0.00687,59.4195660902,45.9572080327,49.9826441274,1
0.00688,59.4195660902,45.9572080327,49.9826441274,1
0.00689,59.4195660902,45.9572080327,49.9826441274,1
0.0069,59.1166789992,45.6741611684,49.985112044,1
0.00691,59.1166789992,45.6741611684,49.985112044,1
0.00692,59.1166789992,45.6741611684,49.985112044,1
0.00693,59.1166789992,45.6741611684,49.985112044,1
0.00694,59.1166789992,45.6741611684,49.985112044,1
0.00695,58.8137658264,45.3880611339,49.983680436,1
0.00696,58.8137658264,45.3880611339,49.983680436,1
0.00697,58.8137658264,45.3880611339,49.983680436,1
0.00698,58.8137658264,45.3880611339,49.983680436,1
0.00699,58.8137658264,45.3880611339,49.983680436,1
0.007,58.5107476078,45.0991531014,49.9846452369,1
0.00701,58.5107476078,45.0991531014,49.9846452369,1
0.00702,58.5107476078,45.0991531014,49.9846452369,1
0.00703,58.5107476078,45.0991531014,49.9846452369,1
0.00704,58.5107476078,45.0991531014,49.9846452369,1
0.00705,58.2078620415,44.8077366783,49.9855429604,1
0.00706,58.2078620415,44.8077366783,49.9855429604,1
0.00707,58.2078620415,44.8077366783,49.9855429604,1
0.00708,58.2078620415,44.8077366783,49.9855429604,1
0.00709,58.2078620415,44.8077366783,49.9855429604,1
0.0071,57.9050510324,44.5139619752,49.982228779,1
0.00711,57.9050510324,44.5139619752,49.982228779,1
0.00712,57.9050510324,44.5139619752,49.982228779,1
0.00713,57.9050510324,44.5139619752,49.982228779,1
0.00714,57.9050510324,44.5139619752,49.982228779,1
0.00715,57.6021272558,44.2180631719,49.9835900972,1
0.00716,57.6021272558,44.2180631719,49.9835900972,1
0.00717,57.6021272558,44.2180631719,49.9835900972,1
0.00718,57.6021272558,44.2180631719,49.9835900972,1
0.00719,57.6021272558,44.2180631719,49.9835900972,1
0.0072,57.2992194671,43.9203407483,49.9866338018,1
0.00721,57.2992194671,43.9203407483,49.9866338018,1
0.00722,57.2992194671,43.9203407483,49.9866338018,1
0.00723,57.2992194671,43.9203407483,49.9866338018,1
0.00724,57.2992194671,43.9203407483,49.9866338018,1
0.00725,56.9962549432,43.6210850481,49.9867878231,1
0.00726,56.9962549432,43.6210850481,49.9867878231,1
0.00727,56.9962549432,43.6210850481,49.9867878231,1
0.00728,56.9962549432,43.6210850481,49.9867878231,1
0.00729,56.9962549432,43.6210850481,49.9867878231,1
0.0073,56.6932662137,43.3204939043,49.9843430458,1
0.00731,56.6932662137,43.3204939043,49.9843430458,1
0.00732,56.6932662137,43.3204939043,49.9843430458,1
0.00733,56.6932662137,43.3204939043,49.9843430458,1
0.00734,56.6932662137,43.3204939043,49.9843430458,1
0.00735,56.3903819546,43.0189259983,49.9852595331,1
0.00736,56.3903819546,43.0189259983,49.9852595331,1
0.00737,56.3903819546,43.0189259983,49.9852595331,1
0.00738,56.3903819546,43.0189259983,49.9852595331,1
0.00739,56.3903819546,43.0189259983,49.9852595331,1
0.0074,56.0875166126,42.7167138988,49.987307225,1
0.00741,56.0875166126,42.7167138988,49.987307225,1
0.00742,56.0875166126,42.7167138988,49.987307225,1
0.00743,56.0875166126,42.7167138988,49.987307225,1
0.00744,56.0875166126,42.7167138988,49.987307225,1
0.00745,55.7847148802,42.4139856189,49.9874975123,1
0.00746,55.7847148802,42.4139856189,49.9874975123,1
0.00747,55.7847148802,42.4139856189,49.9874975123,1
0.00748,55.7847148802,42.4139856189,49.9874975123,1
0.00749,55.7847148802,42.4139856189,49.9874975123,1
0.0075,55.4818843468,42.1111064628,49.9834291245,1
0.00751,55.4818843468,42.1111064628,49.9834291245,1
0.00752,55.4818843468,42.1111064628,49.9834291245,1
0.00753,55.4818843468,42.1111064628,49.9834291245,1
0.00754,55.4818843468,42.1111064628,49.9834291245,1
0.00755,55.1789520221,41.8083267052,49.9818630299,1
0.00756,55.1789520221,41.8083267052,49.9818630299,1
0.00757,55.1789520221,41.8083267052,49.9818630299,1
0.00758,55.1789520221,41.8083267052,49.9818630299,1
0.00759,55.1789520221,41.8083267052,49.9818630299,1
0.0076,54.8760465911,41.5059713659,49.9805026934,1
0.00761,54.8760465911,41.5059713659,49.9805026934,1
0.00762,54.8760465911,41.5059713659,49.9805026934,1
0.00763,54.8760465911,41.5059713659,49.9805026934,1
0.00764,54.8760465911,41.5059713659,49.9805026934,1
0.00765,54.5730978735,41.2042983419,49.9816051724,1
0.00766,54.5730978735,41.2042983419,49.9816051724,1
0.00767,54.5730978735,41.2042983419,49.9816051724,1
0.00768,54.5730978735,41.2042983419,49.9816051724,1
0.00769,54.5730978735,41.2042983419,49.9816051724,1
0.0077,54.2702265994,40.9037538762,49.9838141518,1
0.00771,54.2702265994,40.9037538762,49.9838141518,1
0.00772,54.2702265994,40.9037538762,49.9838141518,1
0.00773,54.2702265994,40.9037538762,49.9838141518,1
0.00774,54.2702265994,40.9037538762,49.9838141518,1
0.00775,53.9673503868,40.6047019267,49.9873355933,1
0.00776,53.9673503868,40.6047019267,49.9873355933,1
0.00777,53.9673503868,40.6047019267,49.9873355933,1
0.00778,53.9673503868,40.6047019267,49.9873355933,1
0.00779,53.9673503868,40.6047019267,49.9873355933,1
0.0078,53.6644856012,40.3073801069,49.9840031069,1
0.00781,53.6644856012,40.3073801069,49.9840031069,1
0.00782,53.6644856012,40.3073801069,49.9840031069,1
0.00783,53.6644856012,40.3073801069,49.9840031069,1
0.00784,53.6644856012,40.3073801069,49.9840031069,1
0.00785,53.3615558298,40.0120431721,49.9806600594,1
0.00786,53.3615558298,40.0120431721,49.9806600594,1
0.00787,53.3615558298,40.0120431721,49.9806600594,1
0.00788,53.3615558298,40.0120431721,49.9806600594,1
0.00789,53.3615558298,40.0120431721,49.9806600594,1
0.0079,53.0586116935,39.7191491836,49.9899295256,1
0.00791,53.0586116935,39.7191491836,49.9899295256,1
0.00792,53.0586116935,39.7191491836,49.9899295256,1
0.00793,53.0586116935,39.7191491836,49.9899295256,1
0.00794,53.0586116935,39.7191491836,49.9899295256,1
0.00795,52.7556280292,39.4289510308,49.9814169245,1
0.00796,52.7556280292,39.4289510308,49.9814169245,1
0.00797,52.7556280292,39.4289510308,49.9814169245,1
0.00798,52.7556280292,39.4289510308,49.9814169245,1
0.00799,52.7556280292,39.4289510308,49.9814169245,1
0.008,52.4526591968,39.1419066175,49.9852790727,1
0.00801,52.4526591968,39.1419066175,49.9852790727,1
0.00802,52.4526591968,39.1419066175,49.9852790727,1
0.00803,52.4526591968,39.1419066175,49.9852790727,1
0.00804,52.4526591968,39.1419066175,49.9852790727,1
0.00805,52.1497356442,38.8582403196,49.9873244819,1
0.00806,52.1497356442,38.8582403196,49.9873244819,1
0.00807,52.1497356442,38.8582403196,49.9873244819,1
0.00808,52.1497356442,38.8582403196,49.9873244819,1
0.00809,52.1497356442,38.8582403196,49.9873244819,1
0.0081,51.8468514461,38.5784277298,49.9852182794,1
0.00811,51.8468514461,38.5784277298,49.9852182794,1
0.00812,51.8468514461,38.5784277298,49.9852182794,1
0.00813,51.8468514461,38.5784277298,49.9852182794,1
0.00814,51.8468514461,38.5784277298,49.9852182794,1
0.00815,51.5440151916,38.3028233779,49.979868044,1
0.00816,51.5440151916,38.3028233779,49.979868044,1
0.00817,51.5440151916,38.3028233779,49.979868044,1
0.00818,51.5440151916,38.3028233779,49.979868044,1
0.00819,51.5440151916,38.3028233779,49.979868044,1
0.0082,51.2411563152,38.0317469963,49.9784270518,1
0.00821,51.2411563152,38.0317469963,49.9784270518,1
0.00822,51.2411563152,38.0317469963,49.9784270518,1
0.00823,51.2411563152,38.0317469963,49.9784270518,1
0.00824,51.2411563152,38.0317469963,49.9784270518,1
0.00825,50.9382235677,37.7656144685,49.984282529,1
0.00826,50.9382235677,37.7656144685,49.984282529,1
0.00827,50.9382235677,37.7656144685,49.984282529,1
0.00828,50.9382235677,37.7656144685,49.984282529,1
0.00829,50.9382235677,37.7656144685,49.984282529,1
0.0083,50.6353581338,37.5047148053,49.9901797153,1
0.00831,50.6353581338,37.5047148053,49.9901797153,1
0.00832,50.6353581338,37.5047148053,49.9901797153,1
0.00833,50.6353581338,37.5047148053,49.9901797153,1
0.00834,50.6353581338,37.5047148053,49.9901797153,1
0.00835,50.3324052798,37.2494008572,49.9836838169,1
0.00836,50.3324052798,37.2494008572,49.9836838169,1
0.00837,50.3324052798,37.2494008572,49.9836838169,1
0.00838,50.3324052798,37.2494008572,49.9836838169,1
0.00839,50.3324052798,37.2494008572,49.9836838169,1
0.0084,50.029396623,37.0001227993,49.9808703572,1
0.00841,50.029396623,37.0001227993,49.9808703572,1
0.00842,50.029396623,37.0001227993,49.9808703572,1
0.00843,50.029396623,37.0001227993,49.9808703572,1
0.00844,50.029396623,37.0001227993,49.9808703572,1
0.00845,49.726449266,36.7572839935,49.976282727,1
0.00846,49.726449266,36.7572839935,49.976282727,1
0.00847,49.726449266,36.7572839935,49.976282727,1
0.00848,49.726449266,36.7572839935,49.976282727,1
0.00849,49.726449266,36.7572839935,49.976282727,1
0.0085,49.423591361,36.5211198364,49.9880716744,1
0.00851,49.423591361,36.5211198364,49.9880716744,1
0.00852,49.423591361,36.5211198364,49.9880716744,1
0.00853,49.423591361,36.5211198364,49.9880716744,1
0.00854,49.423591361,36.5211198364,49.9880716744,1
0.00855,49.1206617544,36.2921644996,49.9743589847,1
0.00856,49.1206617544,36.2921644996,49.9743589847,1
0.00857,49.1206617544,36.2921644996,49.9743589847,1
0.00858,49.1206617544,36.2921644996,49.9743589847,1
0.00859,49.1206617544,36.2921644996,49.9743589847,1
0.0086,48.8178075409,36.0707108381,49.9786963624,1
0.00861,48.8178075409,36.0707108381,49.9786963624,1
0.00862,48.8178075409,36.0707108381,49.9786963624,1
0.00863,48.8178075409,36.0707108381,49.9786963624,1
0.00864,48.8178075409,36.0707108381,49.9786963624,1
0.00865,48.5148383741,35.857043907,49.9831613308,1
0.00866,48.5148383741,35.857043907,49.9831613308,1
0.00867,48.5148383741,35.857043907,49.9831613308,1
0.00868,48.5148383741,35.857043907,49.9831613308,1
0.00869,48.5148383741,35.857043907,49.9831613308,1
0.0087,48.2118080071,35.6516391228,49.9800745399,1
0.00871,48.2118080071,35.6516391228,49.9800745399,1
0.00872,48.2118080071,35.6516391228,49.9800745399,1
0.00873,48.2118080071,35.6516391228,49.9800745399,1
0.00874,48.2118080071,35.6516391228,49.9800745399,1
0.00875,47.9088949947,35.4547129182,49.9789030408,1
0.00876,47.9088949947,35.4547129182,49.9789030408,1
0.00877,47.9088949947,35.4547129182,49.9789030408,1
0.00878,47.9088949947,35.4547129182,49.9789030408,1
0.00879,47.9088949947,35.4547129182,49.9789030408,1
0.0088,47.6060012976,35.2667863491,49.9799477417,1
0.00881,47.6060012976,35.2667863491,49.9799477417,1
0.00882,47.6060012976,35.2667863491,49.9799477417,1
0.00883,47.6060012976,35.2667863491,49.9799477417,1
0.00884,47.6060012976,35.2667863491,49.9799477417,1
0.00885,47.3031900741,35.0880521634,49.984591012,1
0.00886,47.3031900741,35.0880521634,49.984591012,1
0.00887,47.3031900741,35.0880521634,49.984591012,1
0.00888,47.3031900741,35.0880521634,49.984591012,1
0.00889,47.3031900741,35.0880521634,49.984591012,1
0.0089,47.0002031502,34.9188254371,49.9834843014,1
0.00891,47.0002031502,34.9188254371,49.9834843014,1
0.00892,47.0002031502,34.9188254371,49.9834843014,1
0.00893,47.0002031502,34.9188254371,49.9834843014,1
0.00894,47.0002031502,34.9188254371,49.9834843014,1
0.00895,46.6972688141,34.7594307706,49.9795315705,1
0.00896,46.6972688141,34.7594307706,49.9795315705,1
0.00897,46.6972688141,34.7594307706,49.9795315705,1
0.00898,46.6972688141,34.7594307706,49.9795315705,1
0.00899,46.6972688141,34.7594307706,49.9795315705,1
0.009,46.3943111311,34.6101277985,49.9771553607,1
0.00901,46.3943111311,34.6101277985,49.9771553607,1
0.00902,46.3943111311,34.6101277985,49.9771553607,1
0.00903,46.3943111311,34.6101277985,49.9771553607,1
0.00904,46.3943111311,34.6101277985,49.9771553607,1
0.00905,46.0914249209,34.4713316148,49.9844062369,1
0.00906,46.0914249209,34.4713316148,49.9844062369,1
0.00907,46.0914249209,34.4713316148,49.9844062369,1
0.00908,46.0914249209,34.4713316148,49.9844062369,1
0.00909,46.0914249209,34.4713316148,49.9844062369,1
0.0091,45.7978487177,34.3464531102,50.0122535855,1
0.00911,45.7978487177,34.3464531102,50.0122535855,1
0.00912,45.7978487177,34.3464531102,50.0122535855,1
0.00913,45.7978487177,34.3464531102,50.0122535855,1
0.00914,45.7978487177,34.3464531102,50.0122535855,1
0.00915,45.5833754646,34.2596406974,50.245108313,1
0.00916,45.5833754646,34.2596406974,50.245108313,1
0.00917,45.5833754646,34.2596406974,50.245108313,1
0.00918,45.5833754646,34.2596406974,50.245108313,1
0.00919,45.5833754646,34.2596406974,50.245108313,1
0.0092,45.426675542,34.1991355218,50.3518873332,1
0.00921,45.426675542,34.1991355218,50.3518873332,1
0.00922,45.426675542,34.1991355218,50.3518873332,1
0.00923,45.426675542,34.1991355218,50.3518873332,1
0.00924,45.426675542,34.1991355218,50.3518873332,1
0.00925,45.3124028871,34.1570174001,50.3828451102,1
0.00926,45.3124028871,34.1570174001,50.3828451102,1
0.00927,45.3124028871,34.1570174001,50.3828451102,1
0.00928,45.3124028871,34.1570174001,50.3828451102,1
0.00929,45.3124028871,34.1570174001,50.3828451102,1
0.0093,45.2290488865,34.1277485561,50.384645533,1
0.00931,45.2290488865,34.1277485561,50.384645533,1
0.00932,45.2290488865,34.1277485561,50.384645533,1
0.00933,45.2290488865,34.1277485561,50.384645533,1
0.00934,45.2290488865,34.1277485561,50.384645533,1
0.00935,45.1681996549,34.1074016528,50.3493435898,1
0.00936,45.1681996549,34.1074016528,50.3493435898,1
0.00937,45.1681996549,34.1074016528,50.3493435898,1
0.00938,45.1681996549,34.1074016528,50.3493435898,1
0.00939,45.1681996549,34.1074016528,50.3493435898,1
0.0094,45.123769734,34.0932173571,50.3074310292,1
0.00941,45.123769734,34.0932173571,50.3074310292,1
0.00942,45.123769734,34.0932173571,50.3074310292,1
0.00943,45.123769734,34.0932173571,50.3074310292,1
0.00944,45.123769734,34.0932173571,50.3074310292,1
0.00945,45.0914139284,34.0833882182,50.2551671579,1
0.00946,45.0914139284,34.0833882182,50.2551671579,1
0.00947,45.0914139284,34.0833882182,50.2551671579,1
0.00948,45.0914139284,34.0833882182,50.2551671579,1
0.00949,45.0914139284,34.0833882182,50.2551671579,1
0.0095,45.0679370444,34.0766475377,50.2072124395,1
0.00951,45.0679370444,34.0766475377,50.2072124395,1
0.00952,45.0679370444,34.0766475377,50.2072124395,1
0.00953,45.0679370444,34.0766475377,50.2072124395,1
0.00954,45.0679370444,34.0766475377,50.2072124395,1
0.00955,45.0506903404,34.0718760616,50.1688035972,1
0.00956,45.0506903404,34.0718760616,50.1688035972,1
0.00957,45.0506903404,34.0718760616,50.1688035972,1
0.00958,45.0506903404,34.0718760616,50.1688035972,1
0.00959,45.0506903404,34.0718760616,50.1688035972,1
0.0096,45.0381477125,34.06858936,50.1424183785,1
0.00961,45.0381477125,34.06858936,50.1424183785,1
0.00962,45.0381477125,34.06858936,50.1424183785,1
0.00963,45.0381477125,34.06858936,50.1424183785,1
0.00964,45.0381477125,34.06858936,50.1424183785,1
0.00965,45.0289218694,34.0662752397,50.1130238746,1
0.00966,45.0289218694,34.0662752397,50.1130238746,1
0.00967,45.0289218694,34.0662752397,50.1130238746,1
0.00968,45.0289218694,34.0662752397,50.1130238746,1
0.00969,45.0289218694,34.0662752397,50.1130238746,1
0.0097,45.0223678651,34.0647301085,50.089736201,1
0.00971,45.0223678651,34.0647301085,50.089736201,1
0.00972,45.0223678651,34.0647301085,50.089736201,1
0.00973,45.0223678651,34.0647301085,50.089736201,1
0.00974,45.0223678651,34.0647301085,50.089736201,1
0.00975,45.0175609709,34.0637663409,50.0688140454,1
0.00976,45.0175609709,34.0637663409,50.0688140454,1
0.00977,45.0175609709,34.0637663409,50.0688140454,1
0.00978,45.0175609709,34.0637663409,50.0688140454,1
0.00979,45.0175609709,34.0637663409,50.0688140454,1
0.0098,45.0140254521,34.0629408606,50.0566606761,1
0.00981,45.0140254521,34.0629408606,50.0566606761,1
0.00982,45.0140254521,34.0629408606,50.0566606761,1
0.00983,45.0140254521,34.0629408606,50.0566606761,1
0.00984,45.0140254521,34.0629408606,50.0566606761,1
0.00985,45.01151107,34.0625066375,50.0407099528,1
0.00986,45.01151107,34.0625066375,50.0407099528,1
0.00987,45.01151107,34.0625066375,50.0407099528,1
0.00988,45.01151107,34.0625066375,50.0407099528,1
0.00989,45.01151107,34.0625066375,50.0407099528,1
0.0099,45.0096499237,34.0622492153,50.0357854768,1
0.00991,45.0096499237,34.0622492153,50.0357854768,1
0.00992,45.0096499237,34.0622492153,50.0357854768,1
0.00993,45.0096499237,34.0622492153,50.0357854768,1
0.00994,45.0096499237,34.0622492153,50.0357854768,1
0.00995,45.0082244529,34.0619816475,50.0363152322,1
0.00996,45.0082244529,34.0619816475,50.0363152322,1
0.00997,45.0082244529,34.0619816475,50.0363152322,1
0.00998,45.0082244529,34.0619816475,50.0363152322,1
0.00999,45.0082244529,34.0619816475,50.0363152322,1
0.01,45.0071647151,34.0618704458,50.0161742041,1
