time_s,type_1_current_rms_A,type_2_current_rms_A,type_3_current_rms_A,type_4_current_rms_A,type_5_current_rms_A,type_6_current_rms_A,type_7_current_rms_A,type_8_current_rms_A,type_9_current_rms_A,type_10_current_rms_A,type_11_current_rms_A,type_12_current_rms_A
0,0,0,0,0,0,0,0,0,0,0,0,0
1e-05,3.88593165194e-05,3.17284990753e-05,3.88595930849e-05,3.54737928468e-05,3.17287248901e-05,0,0,0,0,0,0,0
2e-05,7.76587751171e-05,6.34081243621e-05,7.76593269705e-05,7.08929419707e-05,6.34085749485e-05,0,0,0,0,0,0,0
3e-05,0.000116398329787,9.50388382965e-05,0.000116399154908,0.000106257404696,9.50395120056e-05,0,0,0,0,0,0,0
4e-05,0.000155077935299,0.000126620603949,0.000155079030436,0.00014156713861,0.000126621498124,0,0,0,0,0,0,0
5e-05,0.000193697547202,0.000158153385024,0.000193698907376,0.000176822101556,0.000158154495602,0,0,0,0,0,0,0
6e-05,0.000232257121814,0.000189637145857,0.000232258739836,0.000212022251643,0.000189638466967,0,0,0,0,0,0,0
7e-05,0.000270756616228,0.000221071851414,0.000270758482212,0.000247167547239,0.000221073374983,0,0,0,0,0,0,0
8e-05,0.000309195988306,0.000252457467288,0.000309198089182,0.000282257946971,0.000252459182646,0,0,0,0,0,0,0
9e-05,0.000347575196676,0.000283793959701,0.000347577515711,0.000317293409727,0.000283795853185,0,0,0,0,0,0,0
0.0001,0.000385894200733,0.000315081295498,0.000385896717049,0.000352273894658,0.000315083350062,0,0,0,0,0,0,0
0.00011,0.000424152960636,0.00034631944215,0.000424155648733,0.000387199361173,0.000346321636971,0,0,0,0,0,0,0
0.00012,0.000462351437306,0.000377508367747,0.000462354266582,0.000422069768942,0.000377510677841,0,0,0,0,0,0,0
0.00013,0.00050048959242,0.000408648041001,0.000500492526702,0.000456885077896,0.000408650436832,0,0,0,0,0,0,0
0.00014,0.000538567388417,0.000439738431242,0.000538570385486,0.000491645248225,0.000439740878338,0,0,0,0,0,0,0
0.00015,0.000576584788489,0.000470779508416,0.000576587799608,0.000526350240379,0.000470781966985,0,0,0,0,0,0,0
0.00016,0.000614541756581,0.000501771243086,0.000614544726031,0.000561000015071,0.000501773667631,0,0,0,0,0,0,0
0.00017,0.000652438257391,0.000532713606426,0.000652441121999,0.000595594533272,0.000532715945369,0,0,0,0,0,0,0
0.00018,0.000690274256363,0.000563606570223,0.000690276945045,0.000630133756211,0.000563608765522,0,0,0,0,0,0,0
0.00019,0.000728049719691,0.000594450106873,0.000728052152983,0.000664617645382,0.000594452093648,0,0,0,0,0,0,0
0.0002,0.000765764614312,0.000625244189381,0.000765766703915,0.000699046162535,0.000625245895535,0,0,0,0,0,0,0
0.00021,0.000803418907906,0.000655988791358,0.000803420556225,0.00073341926968,0.000655990137205,0,0,0,0,0,0,0
0.00022,0.000841012568893,0.000686683887018,0.000841013668584,0.000767736929089,0.000686684784912,0,0,0,0,0,0,0
0.00023,0.000878545566432,0.000717329451181,0.000878545999944,0.000801999103292,0.000717329805142,0,0,0,0,0,0,0
0.00024,0.000916017870416,0.000747925459263,0.000916017509546,0.00083620575508,0.000747925164614,0,0,0,0,0,0,0
0.00025,0.000953429451474,0.000778471887285,0.000953428156911,0.000870356847501,0.000778470830278,0,0,0,0,0,0,0
0.00026,0.000990780280966,0.000808968711859,0.000990777901847,0.000904452343865,0.000808966769317,0,0,0,0,0,0,0
0.00027,0.00102807033098,0.000839415910197,0.00102806670445,0.000938492207742,0.000839412949146,0,0,0,0,0,0,0
0.00028,0.00106529957433,0.000869813460103,0.00106529452508,0.000972476402957,0.000869809337411,0,0,0,0,0,0,0
0.00029,0.00110246798456,0.000900161339972,0.00110246132442,0.0010064048936,0.000900155901991,0,0,0,0,0,0,0
0.0003,0.00113957553592,0.000930459528789,0.00113956706339,0.00104027764402,0.000930452610997,0,0,0,0,0,0,0
0.00031,0.00117662220341,0.000960708006128,0.00117661170323,0.00107409461881,0.000960699432771,0,0,0,0,0,0,0
0.00032,0.00121360796272,0.000990906752147,0.00121359520546,0.00110785578285,0.000990896335886,0,0,0,0,0,0,0
0.00033,0.00125053279027,0.00102105574759,0.00125051753185,0.00114156110125,0.00102104328915,0,0,0,0,0,0,0
0.00034,0.00128739666318,0.00105115497378,0.0012873786445,0.00117521053941,0.0010511402616,0,0,0,0,0,0,0
0.00035,0.00132419955929,0.00108120441263,0.00132417850577,0.00120880406295,0.0010811872225,0,0,0,0,0,0,0
0.00036,0.00136094145715,0.00111120404661,0.00136091707829,0.00124234163779,0.00111118414135,0,0,0,0,0,0,0
0.00037,0.00139762233602,0.00114115385879,0.001397594325,0.00127582323007,0.00114113098788,0,0,0,0,0,0,0
0.00038,0.00143424217584,0.0011710538328,0.00143421020911,0.00130924880622,0.00117102773207,0,0,0,0,0,0,0
0.00039,0.00147080095728,0.00120090395284,0.00147076469411,0.00134261833291,0.00120087434409,0,0,0,0,0,0,0
0.0004,0.00150729866169,0.0012307042037,0.00150725774378,0.00137593177708,0.00123067079438,0,0,0,0,0,0,0
0.00041,0.00154373527111,0.00126045457072,0.00154368932219,0.00140918910591,0.00126041705358,0,0,0,0,0,0,0
0.00042,0.00158011076831,0.00129015503981,0.00158005939368,0.00144239028686,0.0012901130926,0,0,0,0,0,0,0
0.00043,0.0016164251367,0.00131980559744,0.00161636792286,0.00147553528763,0.00131975888254,0,0,0,0,0,0,0
0.00044,0.00165267836042,0.00134940623065,0.00165261487466,0.0015086240762,0.00134935439475,0,0,0,0,0,0,0
0.00045,0.00168887042427,0.00137895692705,0.00168880021425,0.00154165662078,0.00137889960081,0,0,0,0,0,0,0
0.00046,0.00172500131375,0.00140845767477,0.00172492390713,0.00157463288986,0.00140839447253,0,0,0,0,0,0,0
0.00047,0.00176107101504,0.00143790846255,0.00176098591903,0.00160755285217,0.00143783898195,0,0,0,0,0,0,0
0.00048,0.00179707951497,0.00146730927963,0.00179698621601,0.00164041647672,0.00146723310134,0,0,0,0,0,0,0
0.00049,0.0018330268011,0.00149666011584,0.00183292476437,0.00167322373276,0.0014965768032,0,0,0,0,0,0,0
0.0005,0.00186891286161,0.00152596096155,0.00186880153072,0.00170597458979,0.00152587006027,0,0,0,0,0,0,0
0.00051,0.00190473768537,0.00155521180767,0.00190461648195,0.0017386690176,0.00155511284549,0,0,0,0,0,0,0
0.00052,0.00194050126194,0.00158441264566,0.00194036958522,0.0017713069862,0.00158430513206,0,0,0,0,0,0,0
0.00053,0.00197620358151,0.00161356346752,0.00197606080797,0.00180388846588,0.00161344689341,0,0,0,0,0,0,0
0.00054,0.00201184463496,0.0016426642658,0.00201169011794,0.00183641342718,0.00164253810318,0,0,0,0,0,0,0
0.00055,0.00204742441381,0.00167171503359,0.00204725748313,0.00186888184089,0.00167157873526,0,0,0,0,0,0,0
0.00056,0.00208294291026,0.00170071576449,0.00208276287184,0.00190129367807,0.00170056876374,0,0,0,0,0,0,0
0.00057,0.00211840011713,0.00172966645267,0.00211820625264,0.00193364891003,0.00172950816298,0,0,0,0,0,0,0
0.00058,0.00215379602793,0.00175856709282,0.00215358759438,0.00196594750834,0.00175839690754,0,0,0,0,0,0,0
0.00059,0.0021891306368,0.00178741768015,0.00218890686619,0.00199818944482,0.00178723497222,0,0,0,0,0,0,0
0.0006,0.00222440393853,0.00181621821041,0.0022241640375,0.00203037469155,0.00181602233204,0,0,0,0,0,0,0
0.00061,0.00225961592855,0.00184496867987,0.00225935907798,0.00206250322086,0.00184475896226,0,0,0,0,0,0,0
0.00062,0.00229476660294,0.00187366908533,0.00229449195763,0.00209457500535,0.00187344483837,0,0,0,0,0,0,0
0.00063,0.00232985595842,0.0019023194241,0.00232956264669,0.00212659001786,0.00190207993608,0,0,0,0,0,0,0
0.00064,0.00236488399233,0.00193091969403,0.0023645711157,0.00215854823149,0.00193066423133,0,0,0,0,0,0,0
0.00065,0.00239985070266,0.00195946989346,0.00239951733548,0.00219044961962,0.0019591977003,0,0,0,0,0,0,0
0.00066,0.00243475608802,0.00198797002126,0.00243440127713,0.00222229415584,0.00198768031938,0,0,0,0,0,0,0
0.00067,0.00246960014765,0.00201642007681,0.00246922291201,0.00225408181403,0.00201611206521,0,0,0,0,0,0,0
0.00068,0.00250438288142,0.00204482006001,0.00250398221179,0.00228581256831,0.00204449291463,0,0,0,0,0,0,0
0.00069,0.00253910428982,0.00207316997126,0.0025386791484,0.00231748639307,0.00207282284474,0,0,0,0,0,0,0
0.0007,0.00257376437396,0.00210146981145,0.00257331369405,0.00234910326294,0.00210110183284,0,0,0,0,0,0,0
0.00071,0.00260836313555,0.002129719582,0.00260788582123,0.00238066315281,0.00212932985649,0,0,0,0,0,0,0
0.00072,0.00264290057695,0.00215791928481,0.00264239550273,0.00241216603782,0.00215750689344,0,0,0,0,0,0,0
0.00073,0.00267737670109,0.00218606892229,0.00267684271159,0.00244361189338,0.00218563292169,0,0,0,0,0,0,0
0.00074,0.00271179151153,0.00221416849735,0.00271122742114,0.00247500069514,0.00221370791947,0,0,0,0,0,0,0
0.00075,0.00274614501243,0.00224221801338,0.00274554960498,0.002506332419,0.00224173186524,0,0,0,0,0,0,0
0.00076,0.00278043720857,0.00227021747428,0.00277980923702,0.00253760704113,0.00226970473766,0,0,0,0,0,0,0
0.00077,0.0028146681053,0.00229816688442,0.00281400629141,0.00256882453794,0.00229762651565,0,0,0,0,0,0,0
0.00078,0.00284883770857,0.00232606624867,0.0028481407426,0.00259998488612,0.00232549717833,0,0,0,0,0,0,0
0.00079,0.00288294602495,0.00235391557237,0.0028822125653,0.00263108806257,0.00235331670508,0,0,0,0,0,0,0
0.0008,0.00291699306158,0.00238171486137,0.00291622173453,0.00266213404448,0.00238108507547,0,0,0,0,0,0,0
0.00081,0.00295097882618,0.00240946412197,0.00295016822555,0.00269312280928,0.00240880226932,0,0,0,0,0,0,0
0.00082,0.00298490332708,0.00243716336096,0.00298405201392,0.00272405433465,0.00243646826667,0,0,0,0,0,0,0
0.00083,0.00301876657317,0.00246481258561,0.00301787307547,0.00275492859854,0.0024640830478,0,0,0,0,0,0,0
0.00084,0.00305256857393,0.00249241180366,0.00305163138632,0.00278574557913,0.00249164659318,0,0,0,0,0,0,0
0.00085,0.00308630933941,0.00251996102331,0.00308532692285,0.00281650525487,0.00251915888355,0,0,0,0,0,0,0
0.00086,0.00311998888023,0.00254746025324,0.00311895966172,0.00284720760446,0.00254661989985,0,0,0,0,0,0,0
0.00087,0.0031536072076,0.0025749095026,0.00315252957988,0.00287785260684,0.00257402962325,0,0,0,0,0,0,0
0.00088,0.00318716433328,0.00260230878098,0.00318603665454,0.00290844024122,0.00260138803514,0,0,0,0,0,0,0
0.00089,0.00322066026958,0.00262965809844,0.0032194808632,0.00293897048705,0.00262869511716,0,0,0,0,0,0,0
0.0009,0.00325409502941,0.00265695746552,0.00325286218362,0.00296944332404,0.00265595085116,0,0,0,0,0,0,0
0.00091,0.0032874686262,0.0026842068932,0.00328618059386,0.00299985873215,0.00268315521919,0,0,0,0,0,0,0
0.00092,0.00332078107395,0.00271140639289,0.00331943607222,0.00303021669159,0.00271030820358,0,0,0,0,0,0,0
0.00093,0.00335403238722,0.00273855597649,0.00335262859732,0.00306051718282,0.00273740978684,0,0,0,0,0,0,0
0.00094,0.00338722258111,0.00276565565632,0.00338575814803,0.00309076018655,0.00276445995171,0,0,0,0,0,0,0
0.00095,0.00342035167127,0.00279270544516,0.00341882470349,0.00312094568376,0.00279145868119,0,0,0,0,0,0,0
0.00096,0.00345341967388,0.00281970535623,0.00345182824313,0.00315107365566,0.00281840595846,0,0,0,0,0,0,0
0.00097,0.00348642660568,0.00284665540319,0.00348476874664,0.00318114408371,0.00284530176696,0,0,0,0,0,0,0
0.00098,0.00351937248393,0.00287355560014,0.00351764619401,0.00321115694964,0.00287214609032,0,0,0,0,0,0,0
0.00099,0.00355225732644,0.00290040596161,0.00355046056548,0.00324111223541,0.00289893891243,0,0,0,0,0,0,0
0.001,0.00358508115152,0.00292720650257,0.00358321184157,0.00327100992325,0.00292568021738,0,0,0,0,0,0,0
0.00101,0.00361784397805,0.00295395723841,0.00361590000309,0.00330084999562,0.0029523699895,0,0,0,0,0,0,0
0.00102,0.00365054582541,0.00298065818496,0.0036485250311,0.00333063243526,0.00297900821332,0,0,0,0,0,0,0
0.00103,0.00368318671349,0.00300730935848,0.00368108690695,0.00336035722512,0.00300559487362,0,0,0,0,0,0,0
0.00104,0.00371576666272,0.00303391077563,0.00371358561226,0.00339002434843,0.00303212995539,0,0,0,0,0,0,0
0.00105,0.00374828569403,0.00306046245352,0.00374602112892,0.00341963378867,0.00305861344385,0,0,0,0,0,0,0
0.00106,0.00378074382889,0.00308696440965,0.00377839343911,0.00344918552955,0.00308504532443,0,0,0,0,0,0,0
0.00107,0.00381314108923,0.00311341666195,0.00381070252526,0.00347867955504,0.0031114255828,0,0,0,0,0,0,0
0.00108,0.00384547749753,0.00313981922877,0.00384294837008,0.00350811584937,0.00313775420485,0,0,0,0,0,0,0
0.00109,0.00387775307675,0.00316617212885,0.00387513095657,0.003537494397,0.00316403117668,0,0,0,0,0,0,0
0.0011,0.00390996785036,0.00319247538136,0.00390725026798,0.00356681518265,0.00319025648463,0,0,0,0,0,0,0
0.00111,0.00394212184232,0.00321872900585,0.00393930628784,0.00359607819128,0.00321643011525,0,0,0,0,0,0,0
0.00112,0.00397421507707,0.0032449330223,0.00397129899996,0.00362528340812,0.00324255205531,0,0,0,0,0,0,0
0.00113,0.00400624757957,0.00327108745107,0.00400322838841,0.00365443081863,0.00326862229181,0,0,0,0,0,0,0
0.00114,0.00403821937525,0.00329719231293,0.00403509443755,0.00368352040851,0.00329464081198,0,0,0,0,0,0,0
0.00115,0.00407013049002,0.00332324762903,0.00406689713199,0.00371255216374,0.00332060760325,0,0,0,0,0,0,0
0.00116,0.00410198095027,0.00334925342092,0.00409863645662,0.00374152607051,0.00334652265329,0,0,0,0,0,0,0
0.00117,0.00413377078287,0.00337520971055,0.00413031239661,0.00377044211528,0.00337238595,0,0,0,0,0,0,0
0.00118,0.00416550001518,0.00340111652025,0.00416192493739,0.00379930028476,0.00339819748146,0,0,0,0,0,0,0
0.00119,0.004197168675,0.00342697387271,0.00419347406467,0.00382810056589,0.00342395723602,0,0,0,0,0,0,0
0.0012,0.00422877679062,0.00345278179105,0.00422495976443,0.00385684294588,0.00344966520221,0,0,0,0,0,0,0
0.00121,0.00426032439079,0.00347854029872,0.0042563820229,0.00388552741217,0.00347532136882,0,0,0,0,0,0,0
0.00122,0.00429181150471,0.00350424941958,0.00428774082662,0.00391415395246,0.00350092572484,0,0,0,0,0,0,0
0.00123,0.00432323816205,0.00352990917785,0.00431903616235,0.00394272255467,0.00352647825947,0,0,0,0,0,0,0
0.00124,0.00435460439294,0.00355551959813,0.00435026801718,0.003971233207,0.00355197896214,0,0,0,0,0,0,0
0.00125,0.00438591022794,0.00358108070537,0.00438143637841,0.00399968589788,0.00357742782252,0,0,0,0,0,0,0
0.00126,0.00441715569807,0.0036065925249,0.00441254123364,0.00402808061598,0.00360282483047,0,0,0,0,0,0,0
0.00127,0.0044483408348,0.00363205508242,0.00444358257075,0.00405641735023,0.00362816997609,0,0,0,0,0,0,0
0.00128,0.00447946567004,0.00365746840397,0.00447456037787,0.0040846960898,0.00365346324969,0,0,0,0,0,0,0
0.00129,0.00451053023613,0.00368283251597,0.0045054746434,0.0041129168241,0.0036787046418,0,0,0,0,0,0,0
0.0013,0.00454153456585,0.00370814744518,0.00453632535602,0.00414107954279,0.00370389414317,0,0,0,0,0,0,0
0.00131,0.00457247869242,0.00373341321872,0.00456711250467,0.00416918423578,0.00372903174477,0,0,0,0,0,0,0
0.00132,0.00460336264946,0.00375862986406,0.00459783607855,0.00419723089322,0.0037541174378,0,0,0,0,0,0,0
0.00133,0.00463418647106,0.003783797409,0.00462849606715,0.0042252195055,0.00377915121366,0,0,0,0,0,0,0
0.00134,0.00466495019168,0.00380891588171,0.00465909246021,0.00425315006326,0.00380413306399,0,0,0,0,0,0,0
0.00135,0.00469565384625,0.00383398531069,0.00468962524774,0.00428102255739,0.00382906298061,0,0,0,0,0,0,0
0.00136,0.00472629747009,0.00385900572477,0.00472009442004,0.00430883697901,0.00385394095562,0,0,0,0,0,0,0
0.00137,0.00475688109892,0.00388397715315,0.00475049996763,0.0043365933195,0.00387876698127,0,0,0,0,0,0,0
0.00138,0.00478740476889,0.00390889962531,0.00478084188135,0.00436429157047,0.00390354105008,0,0,0,0,0,0,0
0.00139,0.00481786851654,0.00393377317111,0.00481112015228,0.00439193172378,0.00392826315477,0,0,0,0,0,0,0
0.0014,0.00484827237883,0.00395859782072,0.00484133477175,0.00441951377154,0.00395293328826,0,0,0,0,0,0,0
0.00141,0.00487861639311,0.00398337360463,0.0048714857314,0.00444703770608,0.00397755144372,0,0,0,0,0,0,0
0.00142,0.00490890059712,0.00400810055366,0.00490157302309,0.00447450352001,0.00400211761452,0,0,0,0,0,0,0
0.00143,0.004939125029,0.00403277869895,0.00493159663898,0.00450191120614,0.00402663179424,0,0,0,0,0,0,0
0.00144,0.00496928972727,0.00405740807196,0.00496155657148,0.00452926075756,0.00405109397669,0,0,0,0,0,0,0
0.00145,0.00499939473085,0.00408198870445,0.00499145281327,0.00455655216758,0.0040755041559,0,0,0,0,0,0,0
0.00146,0.00502944007903,0.00410652062851,0.00502128535729,0.00458378542977,0.00409986232609,0,0,0,0,0,0,0
0.00147,0.00505942581148,0.00413100387653,0.00505105419676,0.00461096053791,0.00412416848174,0,0,0,0,0,0,0
0.00148,0.00508935196825,0.00415543848122,0.00508075932514,0.00463807748606,0.0041484226175,0,0,0,0,0,0,0
0.00149,0.00511921858977,0.00417982447557,0.00511040073618,0.0046651362685,0.00417262472826,0,0,0,0,0,0,0
0.0015,0.00514902571682,0.0042041618929,0.00513997842388,0.00469213687975,0.00419677480914,0,0,0,0,0,0,0
0.00151,0.00517877339057,0.0042284507668,0.0051694923825,0.00471907931458,0.00422087285544,0,0,0,0,0,0,0
0.00152,0.00520846165252,0.00425269113118,0.00519894260658,0.004745963568,0.00424491886271,0,0,0,0,0,0,0
0.00153,0.00523809054456,0.00427688302022,0.00522832909091,0.00477278963525,0.00426891282669,0,0,0,0,0,0,0
0.00154,0.00526766010892,0.00430102646843,0.00525765183055,0.00479955751183,0.00429285474335,0,0,0,0,0,0,0
0.00155,0.0052971703882,0.00432512151055,0.00528691082082,0.00482626719347,0.00431674460887,0,0,0,0,0,0,0
0.00156,0.00532662142531,0.00434916818166,0.00531610605731,0.00485291867613,0.00434058241964,0,0,0,0,0,0,0
0.00157,0.00535601326355,0.00437316651709,0.00534523753585,0.00487951195602,0.00436436817227,0,0,0,0,0,0,0
0.00158,0.00538534594654,0.00439711655246,0.00537430525257,0.00490604702959,0.00438810186359,0,0,0,0,0,0,0
0.00159,0.00541461951824,0.00442101832366,0.00540330920384,0.00493252389353,0.00441178349063,0,0,0,0,0,0,0
0.0016,0.00544383402294,0.00444487186687,0.00543224938628,0.00495894254476,0.00443541305064,0,0,0,0,0,0,0
0.00161,0.00547298950529,0.00446867721853,0.00546112579679,0.00498530298046,0.0044589905411,0,0,0,0,0,0,0
0.00162,0.00550208601025,0.00449243441534,0.00548993843254,0.00501160519803,0.00448251595967,0,0,0,0,0,0,0
0.00163,0.00553112358309,0.00451614349428,0.00551868729093,0.0050378491951,0.00450598930426,0,0,0,0,0,0,0
0.00164,0.00556010226943,0.00453980449259,0.00554737236966,0.00506403496957,0.00452941057296,0,0,0,0,0,0,0
0.00165,0.00558902211519,0.00456341744778,0.00557599366665,0.00509016251955,0.0045527797641,0,0,0,0,0,0,0
0.00166,0.00561788316662,0.0045869823976,0.00560455118012,0.0051162318434,0.0045760968762,0,0,0,0,0,0,0
0.00167,0.00564668547027,0.00461049938005,0.00563304490851,0.00514224293972,0.00459936190801,0,0,0,0,0,0,0
0.00168,0.00567542907302,0.00463396843342,0.00566147485057,0.00516819580734,0.0046225748585,0,0,0,0,0,0,0
0.00169,0.00570411402203,0.00465738959621,0.00568984100525,0.00519409044532,0.00464573572681,0,0,0,0,0,0,0
0.0017,0.00573274036477,0.00468076290718,0.00571814337182,0.00521992685299,0.00466884451234,0,0,0,0,0,0,0
0.00171,0.00576130814902,0.00470408840534,0.00574638194976,0.00524570502987,0.00469190121468,0,0,0,0,0,0,0
0.00172,0.00578981742284,0.00472736612995,0.00577455673883,0.00527142497575,0.00471490583363,0,0,0,0,0,0,0
0.00173,0.00581826823461,0.00475059612048,0.00580266773906,0.00529708669065,0.00473785836921,0,0,0,0,0,0,0
0.00174,0.00584666063296,0.00477377841665,0.00583071495073,0.00532269017483,0.00476075882163,0,0,0,0,0,0,0
0.00175,0.00587499466683,0.00479691305843,0.00585869837436,0.00534823542876,0.00478360719135,0,0,0,0,0,0,0
0.00176,0.00590327038544,0.00482000008601,0.00588661801075,0.00537372245317,0.004806403479,0,0,0,0,0,0,0
0.00177,0.0059314878383,0.00484303953978,0.00591447386095,0.00539915124903,0.00482914768545,0,0,0,0,0,0,0
0.00178,0.00595964707517,0.00486603146041,0.00594226592627,0.00542452181753,0.00485183981177,0,0,0,0,0,0,0
0.00179,0.00598774814609,0.00488897588874,0.00596999420829,0.00544983416009,0.00487447985922,0,0,0,0,0,0,0
0.0018,0.00601579110139,0.00491187286586,0.00599765870881,0.00547508827839,0.00489706782931,0,0,0,0,0,0,0
0.00181,0.00604377599165,0.00493472243308,0.00602525942992,0.00550028417431,0.00491960372373,0,0,0,0,0,0,0
0.00182,0.00607170286771,0.00495752463189,0.00605279637396,0.00552542185001,0.00494208754439,0,0,0,0,0,0,0
0.00183,0.00609957178066,0.00498027950403,0.00608026954352,0.00555050130783,0.00496451929341,0,0,0,0,0,0,0
0.00184,0.00612738278188,0.00500298709144,0.00610767894145,0.00557552255039,0.0049868989731,0,0,0,0,0,0,0
0.00185,0.00615513592297,0.00502564743625,0.00613502457086,0.00560048558051,0.00500922658602,0,0,0,0,0,0,0
0.00186,0.00618283125579,0.00504826058081,0.0061623064351,0.00562539040128,0.00503150213489,0,0,0,0,0,0,0
0.00187,0.00621046883246,0.00507082656766,0.0061895245378,0.00565023701597,0.00505372562268,0,0,0,0,0,0,0
0.00188,0.00623804870531,0.00509334543954,0.00621667888281,0.00567502542814,0.00507589705254,0,0,0,0,0,0,0
0.00189,0.00626557092693,0.0051158172394,0.00624376947428,0.00569975564154,0.00509801642785,0,0,0,0,0,0,0
0.0019,0.00629303555017,0.00513824201037,0.00627079631657,0.00572442766018,0.00512008375218,0,0,0,0,0,0,0
0.00191,0.00632044262806,0.00516061979576,0.00629775941433,0.00574904148828,0.0051420990293,0,0,0,0,0,0,0
0.00192,0.00634779221389,0.00518295063908,0.00632465877243,0.00577359713031,0.00516406226323,0,0,0,0,0,0,0
0.00193,0.00637508436119,0.00520523458404,0.00635149439604,0.00579809459096,0.00518597345814,0,0,0,0,0,0,0
0.00194,0.00640231912369,0.0052274716745,0.00637826629052,0.00582253387516,0.00520783261846,0,0,0,0,0,0,0
0.00195,0.00642949655534,0.00524966195452,0.00640497446155,0.00584691498806,0.00522963974879,0,0,0,0,0,0,0
0.00196,0.00645661671031,0.00527180546833,0.00643161891502,0.00587123793505,0.00525139485394,0,0,0,0,0,0,0
0.00197,0.00648367964299,0.00529390226034,0.00645819965707,0.00589550272175,0.00527309793895,0,0,0,0,0,0,0
0.00198,0.00651068540798,0.00531595237512,0.00648471669413,0.00591970935401,0.00529474900904,0,0,0,0,0,0,0
0.00199,0.00653763406008,0.00533795585741,0.00651117003285,0.00594385783791,0.00531634806966,0,0,0,0,0,0,0
0.002,0.00656452565429,0.00535991275214,0.00653755968014,0.00596794817975,0.00533789512644,0,0,0,0,0,0,0
0.00201,0.00659136024582,0.00538182310438,0.00656388564316,0.00599198038607,0.00535939018524,0,0,0,0,0,0,0
0.00202,0.00661813789007,0.00540368695935,0.00659014792932,0.00601595446364,0.0053808332521,0,0,0,0,0,0,0
0.00203,0.00664485864263,0.00542550436246,0.00661634654629,0.00603987041946,0.00540222433328,0,0,0,0,0,0,0
0.00204,0.0066715225593,0.00544727535925,0.00664248150198,0.00606372826075,0.00542356343525,0,0,0,0,0,0,0
0.00205,0.00669812969603,0.00546899999542,0.00666855280457,0.00608752799496,0.00544485056467,0,0,0,0,0,0,0
0.00206,0.006724680109,0.00549067831683,0.00669456046246,0.00611126962979,0.00546608572841,0,0,0,0,0,0,0
0.00207,0.00675117385454,0.00551231036948,0.00672050448432,0.00613495317313,0.00548726893356,0,0,0,0,0,0,0
0.00208,0.00677761098916,0.00553389619951,0.00674638487907,0.00615857863313,0.00550840018738,0,0,0,0,0,0,0
0.00209,0.00680399156955,0.0055554358532,0.00677220165587,0.00618214601816,0.00552947949737,0,0,0,0,0,0,0
0.0021,0.00683031565257,0.00557692937698,0.00679795482414,0.0062056553368,0.00555050687121,0,0,0,0,0,0,0
0.00211,0.00685658329525,0.00559837681742,0.00682364439353,0.00622910659788,0.00557148231678,0,0,0,0,0,0,0
0.00212,0.00688279455478,0.0056197782212,0.00684927037396,0.00625249981045,0.00559240584219,0,0,0,0,0,0,0
0.00213,0.00690894948851,0.00564113363517,0.00687483277559,0.00627583498377,0.00561327745572,0,0,0,0,0,0,0
0.00214,0.00693504815396,0.00566244310627,0.00690033160882,0.00629911212736,0.00563409716587,0,0,0,0,0,0,0
0.00215,0.00696109060878,0.0056837066816,0.00692576688431,0.00632233125094,0.00565486498135,0,0,0,0,0,0,0
0.00216,0.00698707691081,0.00570492440836,0.00695113861297,0.00634549236445,0.00567558091105,0,0,0,0,0,0,0
0.00217,0.00701300711801,0.00572609633387,0.00697644680594,0.00636859547808,0.00569624496407,0,0,0,0,0,0,0
0.00218,0.00703888128848,0.0057472225056,0.00700169147462,0.00639164060223,0.00571685714974,0,0,0,0,0,0,0
0.00219,0.00706469948048,0.0057683029711,0.00702687263064,0.00641462774753,0.00573741747754,0,0,0,0,0,0,0
0.0022,0.00709046175241,0.00578933777804,0.00705199028591,0.00643755692484,0.00575792595718,0,0,0,0,0,0,0
0.00221,0.0071161681628,0.00581032697423,0.00707704445256,0.00646042814522,0.00577838259858,0,0,0,0,0,0,0
0.00222,0.0071418187703,0.00583127060756,0.00710203514295,0.00648324141998,0.00579878741185,0,0,0,0,0,0,0
0.00223,0.00716741363372,0.00585216872603,0.00712696236974,0.00650599676066,0.00581914040729,0,0,0,0,0,0,0
0.00224,0.00719295281196,0.00587302137774,0.00715182614577,0.00652869417899,0.00583944159541,0,0,0,0,0,0,0
0.00225,0.00721843636408,0.00589382861091,0.00717662648417,0.00655133368695,0.00585969098692,0,0,0,0,0,0,0
0.00226,0.00724386434922,0.00591459047385,0.00720136339831,0.00657391529674,0.00587988859274,0,0,0,0,0,0,0
0.00227,0.00726923682668,0.00593530701494,0.00722603690178,0.00659643902078,0.00590003442396,0,0,0,0,0,0,0
0.00228,0.00729455385585,0.0059559782827,0.00725064700843,0.00661890487171,0.0059201284919,0,0,0,0,0,0,0
0.00229,0.00731981549623,0.0059766043257,0.00727519373236,0.00664131286239,0.00594017080806,0,0,0,0,0,0,0
0.0023,0.00734502180744,0.00599718519261,0.0072996770879,0.00666366300591,0.00596016138415,0,0,0,0,0,0,0
0.00231,0.00737017284919,0.00601772093221,0.00732409708963,0.00668595531558,0.00598010023207,0,0,0,0,0,0,0
0.00232,0.00739526868129,0.00603821159332,0.00734845375237,0.00670818980493,0.00599998736392,0,0,0,0,0,0,0
0.00233,0.00742030936368,0.00605865722487,0.0073727470912,0.00673036648771,0.00601982279201,0,0,0,0,0,0,0
0.00234,0.00744529495637,0.00607905787587,0.0073969771214,0.0067524853779,0.00603960652882,0,0,0,0,0,0,0
0.00235,0.00747022551945,0.00609941359539,0.00742114385854,0.00677454648968,0.00605933858707,0,0,0,0,0,0,0
0.00236,0.00749510111314,0.00611972443259,0.00744524731839,0.00679654983748,0.00607901897963,0,0,0,0,0,0,0
0.00237,0.0075199217977,0.00613999043667,0.007469287517,0.00681849543592,0.0060986477196,0,0,0,0,0,0,0
0.00238,0.00754468763352,0.00616021165693,0.00749326447064,0.00684038329987,0.00611822482026,0,0,0,0,0,0,0
0.00239,0.00756939868102,0.00618038814273,0.00751717819581,0.00686221344438,0.0061377502951,0,0,0,0,0,0,0
0.0024,0.00759405500075,0.00620051994349,0.00754102870927,0.00688398588477,0.0061572241578,0,0,0,0,0,0,0
0.00241,0.0076186566533,0.00622060710868,0.00756481602802,0.00690570063654,0.00617664642223,0,0,0,0,0,0,0
0.00242,0.00764320369933,0.00624064968784,0.00758854016929,0.00692735771542,0.00619601710246,0,0,0,0,0,0,0
0.00243,0.0076676961996,0.00626064773057,0.00761220115054,0.00694895713737,0.00621533621275,0,0,0,0,0,0,0
0.00244,0.0076921342149,0.00628060128651,0.0076357989895,0.00697049891854,0.00623460376758,0,0,0,0,0,0,0
0.00245,0.00771651780611,0.00630051040536,0.00765933370412,0.00699198307534,0.0062538197816,0,0,0,0,0,0,0
0.00246,0.00774084703415,0.00632037513687,0.00768280531257,0.00701340962436,0.00627298426965,0,0,0,0,0,0,0
0.00247,0.00776512196001,0.00634019553083,0.0077062138333,0.00703477858243,0.00629209724679,0,0,0,0,0,0,0
0.00248,0.00778934264472,0.00635997163709,0.00772955928497,0.00705608996658,0.00631115872825,0,0,0,0,0,0,0
0.00249,0.00781350914938,0.00637970350551,0.00775284168647,0.00707734379408,0.00633016872948,0,0,0,0,0,0,0
0.0025,0.00783762153512,0.00639939118603,0.00777606105696,0.00709854008239,0.00634912726609,0,0,0,0,0,0,0
0.00251,0.00786167986313,0.00641903472859,0.0077992174158,0.00711967884921,0.00636803435392,0,0,0,0,0,0,0
0.00252,0.00788568419463,0.00643863418319,0.00782231078263,0.00714076011243,0.00638689000897,0,0,0,0,0,0,0
0.00253,0.00790963459089,0.00645818959985,0.00784534117727,0.00716178389019,0.00640569424746,0,0,0,0,0,0,0
0.00254,0.00793353111321,0.00647770102862,0.00786830861983,0.00718275020083,0.00642444708578,0,0,0,0,0,0,0
0.00255,0.00795737382292,0.00649716851958,0.00789121313063,0.00720365906288,0.00644314854053,0,0,0,0,0,0,0
0.00256,0.0079811627814,0.00651659212284,0.00791405473023,0.00722451049513,0.0064617986285,0,0,0,0,0,0,0
0.00257,0.00800489805003,0.00653597188853,0.00793683343941,0.00724530451654,0.00648039736667,0,0,0,0,0,0,0
0.00258,0.00802857969024,0.00655530786679,0.00795954927921,0.00726604114633,0.0064989447722,0,0,0,0,0,0,0
0.00259,0.00805220776347,0.00657460010779,0.0079822022709,0.0072867204039,0.00651744086247,0,0,0,0,0,0,0
0.0026,0.00807578233117,0.00659384866172,0.00800479243597,0.00730734230888,0.00653588565501,0,0,0,0,0,0,0
0.00261,0.00809930345484,0.00661305357877,0.00802731979615,0.0073279068811,0.00655427916757,0,0,0,0,0,0,0
0.00262,0.00812277119596,0.00663221490916,0.00804978437342,0.00734841414062,0.0065726214181,0,0,0,0,0,0,0
0.00263,0.00814618561603,0.00665133270309,0.00807218618996,0.0073688641077,0.00659091242471,0,0,0,0,0,0,0
0.00264,0.00816954677657,0.0066704070108,0.00809452526821,0.00738925680283,0.00660915220573,0,0,0,0,0,0,0
0.00265,0.0081928547391,0.00668943788251,0.00811680163084,0.00740959224668,0.00662734077965,0,0,0,0,0,0,0
0.00266,0.00821610956513,0.00670842536846,0.00813901530075,0.00742987046017,0.00664547816518,0,0,0,0,0,0,0
0.00267,0.0082393113162,0.00672736951887,0.00816116630106,0.0074500914644,0.0066635643812,0,0,0,0,0,0,0
0.00268,0.00826246005381,0.00674627038399,0.00818325465513,0.00747025528071,0.00668159944678,0,0,0,0,0,0,0
0.00269,0.00828555583949,0.00676512801403,0.00820528038657,0.00749036193063,0.00669958338118,0,0,0,0,0,0,0
0.0027,0.00830859873475,0.00678394245922,0.00822724351918,0.00751041143591,0.00671751620387,0,0,0,0,0,0,0
0.00271,0.00833158880106,0.00680271376977,0.00824914407704,0.00753040381851,0.00673539793448,0,0,0,0,0,0,0
0.00272,0.00835452609994,0.00682144199587,0.00827098208442,0.0075503391006,0.00675322859284,0,0,0,0,0,0,0
0.00273,0.00837741069283,0.00684012718772,0.00829275756584,0.00757021730456,0.00677100819897,0,0,0,0,0,0,0
0.00274,0.00840024264118,0.00685876939549,0.00831447054605,0.00759003845297,0.00678873677307,0,0,0,0,0,0,0
0.00275,0.00842302200644,0.00687736866934,0.00833612105002,0.00760980256865,0.00680641433554,0,0,0,0,0,0,0
0.00276,0.00844574884999,0.00689592505939,0.00835770910296,0.0076295096746,0.00682404090696,0,0,0,0,0,0,0
0.00277,0.00846842323323,0.00691443861578,0.0083792347303,0.00764915979403,0.00684161650808,0,0,0,0,0,0,0
0.00278,0.0084910452175,0.00693290938859,0.0084006979577,0.00766875295037,0.00685914115987,0,0,0,0,0,0,0
0.00279,0.00851361486411,0.00695133742788,0.00842209881106,0.00768828916726,0.00687661488347,0,0,0,0,0,0,0
0.0028,0.00853613223436,0.0069697227837,0.0084434373165,0.00770776846854,0.0068940377002,0,0,0,0,0,0,0
0.00281,0.00855859738948,0.00698806550605,0.00846471350035,0.00772719087827,0.00691140963157,0,0,0,0,0,0,0
0.00282,0.0085810103907,0.00700636564491,0.0084859273892,0.0077465564207,0.00692873069928,0,0,0,0,0,0,0
0.00283,0.00860337129918,0.00702462325023,0.00850707900985,0.00776586512029,0.00694600092522,0,0,0,0,0,0,0
0.00284,0.00862568017604,0.00704283837191,0.00852816838932,0.00778511700172,0.00696322033146,0,0,0,0,0,0,0
0.00285,0.00864793708235,0.00706101105982,0.00854919555487,0.00780431208987,0.00698038894023,0,0,0,0,0,0,0
0.00286,0.00867014207915,0.00707914136379,0.00857016053398,0.00782345040983,0.00699750677399,0,0,0,0,0,0,0
0.00287,0.00869229522742,0.0070972293336,0.00859106335435,0.00784253198689,0.00701457385536,0,0,0,0,0,0,0
0.00288,0.00871439658807,0.00711527501901,0.00861190404392,0.00786155684654,0.00703159020714,0,0,0,0,0,0,0
0.00289,0.00873644622197,0.0071332784697,0.00863268263085,0.0078805250145,0.00704855585232,0,0,0,0,0,0,0
0.0029,0.00875844418994,0.00715123973533,0.00865339914351,0.00789943651666,0.00706547081408,0,0,0,0,0,0,0
0.00291,0.0087803905527,0.00716915886549,0.00867405361051,0.00791829137914,0.00708233511577,0,0,0,0,0,0,0
0.00292,0.00880228537096,0.00718703590974,0.00869464606069,0.00793708962827,0.00709914878093,0,0,0,0,0,0,0
0.00293,0.00882412870533,0.00720487091756,0.00871517652309,0.00795583129056,0.00711591183328,0,0,0,0,0,0,0
0.00294,0.00884592061634,0.0072226639384,0.00873564502699,0.00797451639274,0.00713262429674,0,0,0,0,0,0,0
0.00295,0.00886766116449,0.00724041502163,0.0087560516019,0.00799314496173,0.00714928619538,0,0,0,0,0,0,0
0.00296,0.00888935041017,0.00725812421658,0.00877639627754,0.00801171702469,0.00716589755348,0,0,0,0,0,0,0
0.00297,0.00891098841372,0.00727579157249,0.00879667908385,0.00803023260893,0.00718245839548,0,0,0,0,0,0,0
0.00298,0.00893257523539,0.00729341713857,0.00881690005101,0.00804869174201,0.00719896874603,0,0,0,0,0,0,0
0.00299,0.00895411093534,0.00731100096395,0.0088370592094,0.00806709445166,0.00721542862993,0,0,0,0,0,0,0
0.003,0.00897559557367,0.00732854309769,0.00885715658963,0.00808544076583,0.00723183807218,0,0,0,0,0,0,0
0.00301,0.00899702921038,0.00734604358878,0.00887719222255,0.00810373071266,0.00724819709795,0,0,0,0,0,0,0
0.00302,0.00901841190539,0.00736350248615,0.00889716613919,0.00812196432051,0.0072645057326,0,0,0,0,0,0,0
0.00303,0.00903974371852,0.00738091983864,0.00891707837084,0.00814014161792,0.00728076400166,0,0,0,0,0,0,0
0.00304,0.00906102470952,0.00739829569503,0.008936928949,0.00815826263364,0.00729697193085,0,0,0,0,0,0,0
0.00305,0.00908225493803,0.00741563010402,0.00895671790536,0.00817632739663,0.00731312954606,0,0,0,0,0,0,0
0.00306,0.0091034344636,0.00743292311423,0.00897644527188,0.00819433593603,0.00732923687338,0,0,0,0,0,0,0
0.00307,0.00912456334567,0.00745017477419,0.0089961110807,0.00821228828121,0.00734529393904,0,0,0,0,0,0,0
0.00308,0.00914564164359,0.00746738513238,0.0090157153642,0.0082301844617,0.00736130076949,0,0,0,0,0,0,0
0.00309,0.00916666941662,0.00748455423716,0.00903525815496,0.00824802450726,0.00737725739133,0,0,0,0,0,0,0
0.0031,0.00918764672389,0.00750168213683,0.0090547394858,0.00826580844784,0.00739316383135,0,0,0,0,0,0,0
0.00311,0.00920857362445,0.00751876887959,0.00907415938974,0.0082835363136,0.00740902011652,0,0,0,0,0,0,0
0.00312,0.00922945017722,0.00753581451354,0.00909351790003,0.00830120813487,0.00742482627398,0,0,0,0,0,0,0
0.00313,0.00925027644102,0.00755281908673,0.00911281505012,0.00831882394221,0.00744058233105,0,0,0,0,0,0,0
0.00314,0.00927105247455,0.00756978264707,0.00913205087371,0.00833638376636,0.00745628831524,0,0,0,0,0,0,0
0.00315,0.00929177833641,0.00758670524241,0.00915122540467,0.00835388763825,0.00747194425421,0,0,0,0,0,0,0
0.00316,0.00931245408506,0.0076035869205,0.00917033867713,0.00837133558904,0.00748755017582,0,0,0,0,0,0,0
0.00317,0.00933307977886,0.00762042772896,0.00918939072541,0.00838872765006,0.0075031061081,0,0,0,0,0,0,0
0.00318,0.00935365547604,0.00763722771536,0.00920838158405,0.00840606385283,0.00751861207925,0,0,0,0,0,0,0
0.00319,0.00937418123472,0.00765398692714,0.00922731128781,0.0084233442291,0.00753406811765,0,0,0,0,0,0,0
0.0032,0.00939465711287,0.00767070541165,0.00924617987167,0.00844056881077,0.00754947425186,0,0,0,0,0,0,0
0.00321,0.00941508316836,0.00768738321612,0.00926498737081,0.00845773762999,0.00756483051061,0,0,0,0,0,0,0
0.00322,0.00943545945891,0.00770402038768,0.00928373382064,0.00847485071906,0.00758013692279,0,0,0,0,0,0,0
0.00323,0.00945578604213,0.00772061697338,0.00930241925676,0.0084919081105,0.0075953935175,0,0,0,0,0,0,0
0.00324,0.00947606297548,0.00773717302013,0.00932104371501,0.00850890983701,0.00761060032399,0,0,0,0,0,0,0
0.00325,0.00949629031629,0.00775368857475,0.00933960723144,0.00852585593149,0.00762575737168,0,0,0,0,0,0,0
0.00326,0.00951646812175,0.00777016368392,0.00935810984228,0.00854274642705,0.00764086469017,0,0,0,0,0,0,0
0.00327,0.00953659644893,0.00778659839424,0.00937655158403,0.00855958135697,0.00765592230925,0,0,0,0,0,0,0
0.00328,0.00955667535473,0.00780299275217,0.00939493249334,0.00857636075474,0.00767093025886,0,0,0,0,0,0,0
0.00329,0.00957670489593,0.00781934680408,0.00941325260712,0.00859308465403,0.00768588856912,0,0,0,0,0,0,0
0.0033,0.00959668512917,0.0078356605962,0.00943151196247,0.00860975308871,0.00770079727034,0,0,0,0,0,0,0
0.00331,0.00961661611092,0.00785193417466,0.0094497105967,0.00862636609285,0.00771565639296,0,0,0,0,0,0,0
0.00332,0.00963649789752,0.00786816758544,0.00946784854734,0.0086429237007,0.00773046596765,0,0,0,0,0,0,0
0.00333,0.00965633054516,0.00788436087443,0.00948592585212,0.00865942594671,0.00774522602519,0,0,0,0,0,0,0
0.00334,0.00967611410988,0.00790051408739,0.00950394254899,0.00867587286553,0.00775993659659,0,0,0,0,0,0,0
0.00335,0.00969584864756,0.00791662726993,0.00952189867611,0.00869226449197,0.00777459771298,0,0,0,0,0,0,0
0.00336,0.00971553421393,0.00793270046756,0.00953979427183,0.00870860086107,0.0077892094057,0,0,0,0,0,0,0
0.00337,0.00973517086456,0.00794873372566,0.00955762937474,0.00872488200803,0.00780377170625,0,0,0,0,0,0,0
0.00338,0.00975475865487,0.00796472708948,0.00957540402361,0.00874110796826,0.00781828464628,0,0,0,0,0,0,0
0.00339,0.00977429764011,0.00798068060412,0.00959311825744,0.00875727877736,0.00783274825764,0,0,0,0,0,0,0
0.0034,0.00979378787538,0.00799659431458,0.00961077211543,0.00877339447111,0.00784716257233,0,0,0,0,0,0,0
0.00341,0.0098132294156,0.0080124682657,0.00962836563698,0.00878945508547,0.00786152762252,0,0,0,0,0,0,0
0.00342,0.00983262231555,0.0080283025022,0.00964589886171,0.00880546065662,0.00787584344056,0,0,0,0,0,0,0
0.00343,0.00985196662983,0.00804409706867,0.00966337182944,0.00882141122091,0.00789011005897,0,0,0,0,0,0,0
0.00344,0.00987126241287,0.00805985200955,0.0096807845802,0.00883730681488,0.00790432751043,0,0,0,0,0,0,0
0.00345,0.00989050971892,0.00807556736913,0.00969813715422,0.00885314747525,0.00791849582779,0,0,0,0,0,0,0
0.00346,0.00990970860209,0.0080912431916,0.00971542959195,0.00886893323894,0.00793261504407,0,0,0,0,0,0,0
0.00347,0.0099288591163,0.00810687952097,0.00973266193402,0.00888466414306,0.00794668519246,0,0,0,0,0,0,0
0.00348,0.00994796131529,0.00812247640114,0.0097498342213,0.0089003402249,0.0079607063063,0,0,0,0,0,0,0
0.00349,0.00996701525263,0.00813803387583,0.00976694649483,0.00891596152194,0.00797467841913,0,0,0,0,0,0,0
0.0035,0.00998602098173,0.00815355198865,0.00978399879588,0.00893152807185,0.00798860156464,0,0,0,0,0,0,0
0.00351,0.0100049785558,0.00816903078305,0.00980099116592,0.00894703991247,0.00800247577668,0,0,0,0,0,0,0
0.00352,0.0100238880278,0.00818447030233,0.00981792364661,0.00896249708185,0.00801630108927,0,0,0,0,0,0,0
0.00353,0.0100427494507,0.00819987058964,0.00983479627983,0.00897789961822,0.0080300775366,0,0,0,0,0,0,0
0.00354,0.0100615628772,0.008215231688,0.00985160910765,0.00899324755997,0.00804380515303,0,0,0,0,0,0,0
0.00355,0.0100803283596,0.00823055364026,0.00986836217235,0.00900854094572,0.00805748397308,0,0,0,0,0,0,0
0.00356,0.0100990459504,0.00824583648912,0.00988505551642,0.00902377981423,0.00807111403144,0,0,0,0,0,0,0
0.00357,0.0101177157016,0.00826108027714,0.00990168918254,0.00903896420447,0.00808469536295,0,0,0,0,0,0,0
0.00358,0.0101363376651,0.00827628504672,0.00991826321359,0.00905409415559,0.00809822800264,0,0,0,0,0,0,0
0.00359,0.0101549118928,0.00829145084009,0.00993477765266,0.00906916970693,0.00811171198567,0,0,0,0,0,0,0
0.0036,0.0101734384361,0.00830657769935,0.00995123254304,0.009084190898,0.00812514734741,0,0,0,0,0,0,0
0.00361,0.0101919173464,0.00832166566643,0.00996762792822,0.0090991577685,0.00813853412335,0,0,0,0,0,0,0
0.00362,0.0102103486749,0.0083367147831,0.00998396385188,0.00911407035832,0.00815187234917,0,0,0,0,0,0,0
0.00363,0.0102287324724,0.00835172509098,0.0100002403579,0.00912892870752,0.00816516206071,0,0,0,0,0,0,0
0.00364,0.0102470687899,0.00836669663151,0.0100164574904,0.00914373285635,0.00817840329396,0,0,0,0,0,0,0
0.00365,0.0102653576779,0.008381629446,0.0100326152937,0.00915848284523,0.00819159608508,0,0,0,0,0,0,0
0.00366,0.0102835991867,0.00839652357558,0.0100487138122,0.00917317871479,0.00820474047041,0,0,0,0,0,0,0
0.00367,0.0103017933665,0.0084113790612,0.0100647530907,0.00918782050581,0.00821783648642,0,0,0,0,0,0,0
0.00368,0.0103199402674,0.00842619594369,0.0100807331739,0.00920240825927,0.00823088416977,0,0,0,0,0,0,0
0.00369,0.010338039939,0.00844097426367,0.0100966541071,0.00921694201632,0.00824388355727,0,0,0,0,0,0,0
0.0037,0.0103560924309,0.00845571406162,0.0101125159355,0.0092314218183,0.00825683468588,0,0,0,0,0,0,0
0.00371,0.0103740977926,0.00847041537785,0.0101283187045,0.00924584770673,0.00826973759274,0,0,0,0,0,0,0
0.00372,0.0103920560731,0.0084850782525,0.0101440624598,0.00926021972329,0.00828259231515,0,0,0,0,0,0,0
0.00373,0.0104099673215,0.00849970272554,0.0101597472473,0.00927453790987,0.00829539889055,0,0,0,0,0,0,0
0.00374,0.0104278315864,0.00851428883677,0.0101753731132,0.00928880230852,0.00830815735656,0,0,0,0,0,0,0
0.00375,0.0104456489164,0.00852883662582,0.0101909401035,0.00930301296147,0.00832086775097,0,0,0,0,0,0,0
0.00376,0.0104634193599,0.00854334613215,0.0102064482649,0.00931716991114,0.00833353011169,0,0,0,0,0,0,0
0.00377,0.0104811429649,0.00855781739505,0.0102218976439,0.00933127320011,0.00834614447683,0,0,0,0,0,0,0
0.00378,0.0104988197794,0.00857225045364,0.0102372882874,0.00934532287115,0.00835871088463,0,0,0,0,0,0,0
0.00379,0.010516449851,0.00858664534686,0.0102526202424,0.0093593189672,0.00837122937351,0,0,0,0,0,0,0
0.0038,0.0105340332273,0.00860100211347,0.0102678935563,0.00937326153139,0.00838369998203,0,0,0,0,0,0,0
0.00381,0.0105515699555,0.00861532079207,0.0102831082763,0.00938715060703,0.00839612274893,0,0,0,0,0,0,0
0.00382,0.0105690600826,0.00862960142108,0.0102982644502,0.00940098623757,0.0084084977131,0,0,0,0,0,0,0
0.00383,0.0105865036556,0.00864384403874,0.0103133621258,0.00941476846668,0.00842082491356,0,0,0,0,0,0,0
0.00384,0.0106039007209,0.0086580486831,0.010328401351,0.00942849733818,0.00843310438954,0,0,0,0,0,0,0
0.00385,0.010621251325,0.00867221539206,0.0103433821741,0.00944217289608,0.00844533618037,0,0,0,0,0,0,0
0.00386,0.0106385555142,0.00868634420333,0.0103583046435,0.00945579518455,0.00845752032559,0,0,0,0,0,0,0
0.00387,0.0106558133342,0.00870043515441,0.0103731688077,0.00946936424795,0.00846965686485,0,0,0,0,0,0,0
0.00388,0.010673024831,0.00871448828268,0.0103879747155,0.00948288013081,0.00848174583799,0,0,0,0,0,0,0
0.00389,0.01069019005,0.00872850362528,0.010402722416,0.00949634287783,0.00849378728499,0,0,0,0,0,0,0
0.0039,0.0107073090365,0.00874248121921,0.0104174119582,0.00950975253389,0.00850578124599,0,0,0,0,0,0,0
0.00391,0.0107243818355,0.00875642110127,0.0104320433915,0.00952310914403,0.00851772776128,0,0,0,0,0,0,0
0.00392,0.010741408492,0.00877032330808,0.0104466167655,0.00953641275349,0.00852962687132,0,0,0,0,0,0,0
0.00393,0.0107583890506,0.00878418787607,0.0104611321299,0.00954966340766,0.00854147861671,0,0,0,0,0,0,0
0.00394,0.0107753235556,0.0087980148415,0.0104755895346,0.0095628611521,0.0085532830382,0,0,0,0,0,0,0
0.00395,0.0107922120512,0.00881180424043,0.0104899890297,0.00957600603256,0.00856504017671,0,0,0,0,0,0,0
0.00396,0.0108090545814,0.00882555610876,0.0105043306655,0.00958909809496,0.0085767500733,0,0,0,0,0,0,0
0.00397,0.0108258511899,0.00883927048217,0.0105186144925,0.00960213738538,0.0085884127692,0,0,0,0,0,0,0
0.00398,0.0108426019202,0.00885294739618,0.0105328405613,0.00961512395007,0.00860002830578,0,0,0,0,0,0,0
0.00399,0.0108593068155,0.00886658688612,0.0105470089229,0.00962805783547,0.00861159672456,0,0,0,0,0,0,0
0.004,0.010875965919,0.00888018898713,0.0105611196283,0.00964093908817,0.00862311806724,0,0,0,0,0,0,0
0.00401,0.0108925792733,0.00889375373415,0.0105751727286,0.00965376775495,0.00863459237562,0,0,0,0,0,0,0
0.00402,0.0109091469211,0.00890728116194,0.0105891682754,0.00966654388274,0.00864601969171,0,0,0,0,0,0,0
0.00403,0.0109256689048,0.0089207713051,0.0106031063202,0.00967926751865,0.00865740005764,0,0,0,0,0,0,0
0.00404,0.0109421452663,0.00893422419798,0.0106169869148,0.00969193870995,0.00866873351569,0,0,0,0,0,0,0
0.00405,0.0109585760477,0.00894763987481,0.0106308101112,0.00970455750411,0.0086800201083,0,0,0,0,0,0,0
0.00406,0.0109749612906,0.00896101836958,0.0106445759616,0.00971712394874,0.00869125987807,0,0,0,0,0,0,0
0.00407,0.0109913010363,0.0089743597161,0.0106582845183,0.00972963809161,0.00870245286772,0,0,0,0,0,0,0
0.00408,0.0110075953261,0.00898766394801,0.0106719358338,0.00974209998068,0.00871359912016,0,0,0,0,0,0,0
0.00409,0.0110238442009,0.00900093109874,0.0106855299608,0.00975450966408,0.00872469867843,0,0,0,0,0,0,0
0.0041,0.0110400477015,0.00901416120153,0.0106990669523,0.0097668671901,0.00873575158571,0,0,0,0,0,0,0
0.00411,0.0110562058682,0.00902735428944,0.0107125468614,0.00977917260718,0.00874675788534,0,0,0,0,0,0,0
0.00412,0.0110723187414,0.00904051039532,0.0107259697412,0.00979142596395,0.00875771762082,0,0,0,0,0,0,0
0.00413,0.0110883863611,0.00905362955185,0.0107393356452,0.0098036273092,0.00876863083578,0,0,0,0,0,0,0
0.00414,0.011104408767,0.0090667117915,0.0107526446272,0.00981577669189,0.00877949757401,0,0,0,0,0,0,0
0.00415,0.0111203859987,0.00907975714656,0.0107658967407,0.00982787416113,0.00879031787944,0,0,0,0,0,0,0
0.00416,0.0111363180955,0.00909276564911,0.01077909204,0.00983991976621,0.00880109179616,0,0,0,0,0,0,0
0.00417,0.0111522050964,0.00910573733104,0.0107922305791,0.00985191355659,0.0088118193684,0,0,0,0,0,0,0
0.00418,0.0111680470403,0.00911867222407,0.0108053124123,0.00986385558189,0.00882250064054,0,0,0,0,0,0,0
0.00419,0.0111838439658,0.0091315703597,0.0108183375943,0.00987574589187,0.00883313565709,0,0,0,0,0,0,0
0.0042,0.0111995959112,0.00914443176925,0.0108313061798,0.00988758453649,0.00884372446275,0,0,0,0,0,0,0
0.00421,0.0112153029146,0.00915725648384,0.0108442182235,0.00989937156586,0.00885426710232,0,0,0,0,0,0,0
0.00422,0.0112309650139,0.00917004453439,0.0108570737806,0.00991110703025,0.00886476362077,0,0,0,0,0,0,0
0.00423,0.0112465822468,0.00918279595164,0.0108698729064,0.0099227909801,0.00887521406321,0,0,0,0,0,0,0
0.00424,0.0112621546506,0.00919551076612,0.0108826156563,0.009934423466,0.0088856184749,0,0,0,0,0,0,0
0.00425,0.0112776822626,0.00920818900818,0.0108953020858,0.00994600453872,0.00889597690124,0,0,0,0,0,0,0
0.00426,0.0112931651195,0.00922083070796,0.0109079322508,0.00995753424918,0.00890628938778,0,0,0,0,0,0,0
0.00427,0.0113086032582,0.00923343589542,0.0109205062072,0.00996901264847,0.00891655598021,0,0,0,0,0,0,0
0.00428,0.0113239967151,0.00924600460031,0.0109330240112,0.00998043978783,0.00892677672437,0,0,0,0,0,0,0
0.00429,0.0113393455263,0.0092585368522,0.0109454857191,0.00999181571868,0.00893695166625,0,0,0,0,0,0,0
0.0043,0.0113546497279,0.00927103268044,0.0109578913874,0.0100031404926,0.00894708085195,0,0,0,0,0,0,0
0.00431,0.0113699093555,0.00928349211422,0.0109702410726,0.0100144141613,0.00895716432777,0,0,0,0,0,0,0
0.00432,0.0113851244447,0.0092959151825,0.0109825348318,0.0100256367766,0.0089672021401,0,0,0,0,0,0,0
0.00433,0.0114002950306,0.00930830191408,0.0109947727219,0.0100368083907,0.0089771943355,0,0,0,0,0,0,0
0.00434,0.0114154211484,0.00932065233752,0.0110069548001,0.0100479290557,0.00898714096067,0,0,0,0,0,0,0
0.00435,0.0114305028327,0.00933296648122,0.0110190811237,0.010058998824,0.00899704206246,0,0,0,0,0,0,0
0.00436,0.0114455401182,0.00934524437337,0.0110311517503,0.0100700177482,0.00900689768784,0,0,0,0,0,0,0
0.00437,0.011460533039,0.00935748604198,0.0110431667377,0.0100809858809,0.00901670788393,0,0,0,0,0,0,0
0.00438,0.0114754816293,0.00936969151483,0.0110551261437,0.0100919032749,0.00902647269802,0,0,0,0,0,0,0
0.00439,0.0114903859229,0.00938186081955,0.0110670300263,0.0101027699833,0.0090361921775,0,0,0,0,0,0,0
0.0044,0.0115052459532,0.00939399398353,0.0110788784438,0.0101135860593,0.00904586636992,0,0,0,0,0,0,0
0.00441,0.0115200617537,0.009406091034,0.0110906714547,0.010124351556,0.00905549532297,0,0,0,0,0,0,0
0.00442,0.0115348333575,0.00941815199798,0.0111024091175,0.0101350665272,0.00906507908448,0,0,0,0,0,0,0
0.00443,0.0115495607974,0.00943017690229,0.0111140914909,0.0101457310262,0.00907461770243,0,0,0,0,0,0,0
0.00444,0.011564244106,0.00944216577355,0.0111257186339,0.010156345107,0.00908411122491,0,0,0,0,0,0,0
0.00445,0.0115788833157,0.00945411863822,0.0111372906055,0.0101669088235,0.00909355970019,0,0,0,0,0,0,0
0.00446,0.0115934784586,0.00946603552252,0.0111488074651,0.0101774222298,0.00910296317665,0,0,0,0,0,0,0
0.00447,0.0116080295667,0.00947791645251,0.011160269272,0.0101878853802,0.00911232170281,0,0,0,0,0,0,0
0.00448,0.0116225366716,0.00948976145404,0.0111716760859,0.010198298329,0.00912163532735,0,0,0,0,0,0,0
0.00449,0.0116369998046,0.00950157055275,0.0111830279665,0.0102086611308,0.00913090409907,0,0,0,0,0,0,0
0.0045,0.0116514189971,0.00951334377412,0.0111943249738,0.0102189738403,0.00914012806691,0,0,0,0,0,0,0
0.00451,0.01166579428,0.00952508114342,0.0112055671679,0.0102292365125,0.00914930727995,0,0,0,0,0,0,0
0.00452,0.0116801256839,0.00953678268572,0.0112167546091,0.0102394492023,0.00915844178741,0,0,0,0,0,0,0
0.00453,0.0116944132394,0.0095484484259,0.0112278873578,0.0102496119649,0.00916753163865,0,0,0,0,0,0,0
0.00454,0.0117086569766,0.00956007838865,0.0112389654746,0.0102597248557,0.00917657688315,0,0,0,0,0,0,0
0.00455,0.0117228569256,0.00957167259847,0.0112499890203,0.0102697879302,0.00918557757055,0,0,0,0,0,0,0
0.00456,0.0117370131162,0.00958323107967,0.0112609580559,0.0102798012439,0.00919453375061,0,0,0,0,0,0,0
0.00457,0.0117511255778,0.00959475385634,0.0112718726425,0.0102897648527,0.00920344547323,0,0,0,0,0,0,0
0.00458,0.0117651943398,0.00960624095242,0.0112827328413,0.0102996788125,0.00921231278845,0,0,0,0,0,0,0
0.00459,0.0117792194313,0.00961769239163,0.0112935387139,0.0103095431794,0.00922113574644,0,0,0,0,0,0,0
0.0046,0.011793200881,0.0096291081975,0.0113042903217,0.0103193580097,0.00922991439751,0,0,0,0,0,0,0
0.00461,0.0118071387175,0.00964048839338,0.0113149877267,0.0103291233597,0.0092386487921,0,0,0,0,0,0,0
0.00462,0.0118210329692,0.00965183300243,0.0113256309907,0.010338839286,0.00924733898079,0,0,0,0,0,0,0
0.00463,0.0118348836643,0.0096631420476,0.0113362201759,0.0103485058453,0.00925598501429,0,0,0,0,0,0,0
0.00464,0.0118486908306,0.00967441555167,0.0113467553445,0.0103581230945,0.00926458694344,0,0,0,0,0,0,0
0.00465,0.0118624544958,0.00968565353722,0.011357236559,0.0103676910905,0.00927314481923,0,0,0,0,0,0,0
0.00466,0.0118761746873,0.00969685602665,0.011367663882,0.0103772098905,0.00928165869275,0,0,0,0,0,0,0
0.00467,0.0118898514322,0.00970802304216,0.0113780373761,0.0103866795517,0.00929012861527,0,0,0,0,0,0,0
0.00468,0.0119034847577,0.00971915460578,0.0113883571044,0.0103961001317,0.00929855463816,0,0,0,0,0,0,0
0.00469,0.0119170746903,0.00973025073932,0.01139862313,0.010405471688,0.00930693681292,0,0,0,0,0,0,0
0.0047,0.0119306212567,0.00974131146443,0.011408835516,0.0104147942783,0.0093152751912,0,0,0,0,0,0,0
0.00471,0.011944124483,0.00975233680256,0.011418994326,0.0104240679606,0.00932356982478,0,0,0,0,0,0,0
0.00472,0.0119575843954,0.00976332677499,0.0114290996234,0.0104332927928,0.00933182076555,0,0,0,0,0,0,0
0.00473,0.0119710010196,0.00977428140279,0.011439151472,0.0104424688332,0.00934002806557,0,0,0,0,0,0,0
0.00474,0.0119843743813,0.00978520070686,0.0114491499357,0.01045159614,0.00934819177699,0,0,0,0,0,0,0
0.00475,0.0119977045057,0.00979608470791,0.0114590950785,0.0104606747718,0.00935631195211,0,0,0,0,0,0,0
0.00476,0.0120109914181,0.00980693342646,0.0114689869647,0.0104697047872,0.00936438864338,0,0,0,0,0,0,0
0.00477,0.0120242351434,0.00981774688285,0.0114788256586,0.0104786862448,0.00937242190333,0,0,0,0,0,0,0
0.00478,0.0120374357062,0.00982852509725,0.0114886112248,0.0104876192037,0.00938041178467,0,0,0,0,0,0,0
0.00479,0.012050593131,0.00983926808963,0.011498343728,0.0104965037229,0.00938835834021,0,0,0,0,0,0,0
0.0048,0.0120637074421,0.00984997587978,0.0115080232329,0.0105053398616,0.00939626162291,0,0,0,0,0,0,0
0.00481,0.0120767786634,0.00986064848731,0.0115176498047,0.0105141276791,0.00940412168583,0,0,0,0,0,0,0
0.00482,0.0120898068188,0.00987128593165,0.0115272235084,0.0105228672349,0.00941193858218,0,0,0,0,0,0,0
0.00483,0.0121027919319,0.00988188823204,0.0115367444094,0.0105315585887,0.00941971236531,0,0,0,0,0,0,0
0.00484,0.0121157340259,0.00989245540756,0.0115462125732,0.0105402018001,0.00942744308866,0,0,0,0,0,0,0
0.00485,0.012128633124,0.0099029874771,0.0115556280654,0.0105487969292,0.00943513080584,0,0,0,0,0,0,0
0.00486,0.0121414892492,0.00991348445935,0.0115649909517,0.010557344036,0.00944277557055,0,0,0,0,0,0,0
0.00487,0.0121543024241,0.00992394637286,0.0115743012983,0.0105658431807,0.00945037743665,0,0,0,0,0,0,0
0.00488,0.0121670726713,0.00993437323598,0.011583559171,0.0105742944236,0.00945793645811,0,0,0,0,0,0,0
0.00489,0.0121798000129,0.00994476506688,0.0115927646363,0.0105826978252,0.00946545268901,0,0,0,0,0,0,0
0.0049,0.012192484471,0.00995512188356,0.0116019177604,0.0105910534462,0.0094729261836,0,0,0,0,0,0,0
0.00491,0.0122051260674,0.00996544370385,0.0116110186101,0.0105993613472,0.00948035699621,0,0,0,0,0,0,0
0.00492,0.0122177248239,0.0099757305454,0.0116200672519,0.0106076215893,0.00948774518132,0,0,0,0,0,0,0
0.00493,0.0122302807617,0.00998598242568,0.0116290637528,0.0106158342335,0.00949509079355,0,0,0,0,0,0,0
0.00494,0.012242793902,0.009996199362,0.0116380081798,0.0106239993408,0.0095023938876,0,0,0,0,0,0,0
0.00495,0.0122552642659,0.0100063813715,0.0116469006,0.0106321169728,0.00950965451835,0,0,0,0,0,0,0
0.00496,0.0122676918741,0.0100165284711,0.0116557410809,0.0106401871908,0.00951687274075,0,0,0,0,0,0,0
0.00497,0.0122800767471,0.0100266406776,0.0116645296899,0.0106482100564,0.00952404860991,0,0,0,0,0,0,0
0.00498,0.0122924189054,0.0100367180076,0.0116732664946,0.0106561856314,0.00953118218106,0,0,0,0,0,0,0
0.00499,0.012304718369,0.0100467604776,0.0116819515627,0.0106641139777,0.00953827350955,0,0,0,0,0,0,0
0.005,0.0123169751579,0.0100567681038,0.0116905849624,0.0106719951572,0.00954532265084,0,0,0,0,0,0,0
0.00501,0.0123291892918,0.0100667409024,0.0116991667616,0.0106798292322,0.00955232966053,0,0,0,0,0,0,0
0.00502,0.0123413607902,0.0100766788892,0.0117076970285,0.0106876162649,0.00955929459433,0,0,0,0,0,0,0
0.00503,0.0123534896725,0.0100865820801,0.0117161758317,0.0106953563178,0.0095662175081,0,0,0,0,0,0,0
0.00504,0.0123655759578,0.0100964504907,0.0117246032395,0.0107030494535,0.00957309845778,0,0,0,0,0,0,0
0.00505,0.0123776196649,0.0101062841364,0.0117329793207,0.0107106957345,0.00957993749947,0,0,0,0,0,0,0
0.00506,0.0123896208126,0.0101160830325,0.0117413041442,0.0107182952238,0.00958673468937,0,0,0,0,0,0,0
0.00507,0.0124015794195,0.0101258471941,0.0117495777789,0.0107258479844,0.0095934900838,0,0,0,0,0,0,0
0.00508,0.0124134955037,0.0101355766361,0.0117578002939,0.0107333540794,0.00960020373922,0,0,0,0,0,0,0
0.00509,0.0124253690835,0.0101452713734,0.0117659717586,0.0107408135719,0.00960687571219,0,0,0,0,0,0,0
0.0051,0.0124372001767,0.0101549314206,0.0117740922423,0.0107482265255,0.0096135060594,0,0,0,0,0,0,0
0.00511,0.0124489888011,0.0101645567921,0.0117821618147,0.0107555930035,0.00962009483766,0,0,0,0,0,0,0
0.00512,0.0124607349742,0.0101741475023,0.0117901805455,0.0107629130697,0.0096266421039,0,0,0,0,0,0,0
0.00513,0.0124724387134,0.0101837035653,0.0117981485045,0.0107701867878,0.00963314791517,0,0,0,0,0,0,0
0.00514,0.0124841000357,0.0101932249951,0.0118060657617,0.0107774142218,0.00963961232863,0,0,0,0,0,0,0
0.00515,0.0124957189582,0.0102027118056,0.0118139323873,0.0107845954357,0.00964603540158,0,0,0,0,0,0,0
0.00516,0.0125072954975,0.0102121640104,0.0118217484517,0.0107917304936,0.00965241719142,0,0,0,0,0,0,0
0.00517,0.0125188296703,0.010221581623,0.0118295140253,0.0107988194599,0.00965875775567,0,0,0,0,0,0,0
0.00518,0.0125303214929,0.0102309646569,0.0118372291786,0.0108058623991,0.00966505715197,0,0,0,0,0,0,0
0.00519,0.0125417709816,0.0102403131253,0.0118448939824,0.0108128593757,0.00967131543809,0,0,0,0,0,0,0
0.0052,0.0125531781523,0.0102496270412,0.0118525085076,0.0108198104544,0.0096775326719,0,0,0,0,0,0,0
0.00521,0.0125645430209,0.0102589064175,0.0118600728253,0.0108267157001,0.00968370891139,0,0,0,0,0,0,0
0.00522,0.0125758656031,0.0102681512671,0.0118675870065,0.0108335751777,0.00968984421468,0,0,0,0,0,0,0
0.00523,0.0125871459142,0.0102773616026,0.0118750511227,0.0108403889524,0.00969593864,0,0,0,0,0,0,0
0.00524,0.0125983839695,0.0102865374363,0.0118824652452,0.0108471570893,0.00970199224569,0,0,0,0,0,0,0
0.00525,0.0126095797843,0.0102956787808,0.0118898294457,0.0108538796538,0.00970800509021,0,0,0,0,0,0,0
0.00526,0.0126207333733,0.0103047856481,0.0118971437959,0.0108605567115,0.00971397723214,0,0,0,0,0,0,0
0.00527,0.0126318447513,0.0103138580503,0.0119044083677,0.0108671883279,0.00971990873016,0,0,0,0,0,0,0
0.00528,0.012642913933,0.0103228959992,0.0119116232331,0.0108737745688,0.0097257996431,0,0,0,0,0,0,0
0.00529,0.0126539409326,0.0103318995068,0.0119187884642,0.0108803155,0.00973165002985,0,0,0,0,0,0,0
0.0053,0.0126649257645,0.0103408685844,0.0119259041335,0.0108868111876,0.00973745994948,0,0,0,0,0,0,0
0.00531,0.0126758684426,0.0103498032437,0.0119329703133,0.0108932616977,0.00974322946111,0,0,0,0,0,0,0
0.00532,0.0126867689809,0.0103587034959,0.0119399870762,0.0108996670966,0.00974895862403,0,0,0,0,0,0,0
0.00533,0.0126976273931,0.0103675693523,0.0119469544949,0.0109060274506,0.00975464749761,0,0,0,0,0,0,0
0.00534,0.0127084436926,0.010376400824,0.0119538726424,0.0109123428263,0.00976029614133,0,0,0,0,0,0,0
0.00535,0.012719217893,0.0103851979217,0.0119607415915,0.0109186132902,0.00976590461481,0,0,0,0,0,0,0
0.00536,0.0127299500073,0.0103939606564,0.0119675614155,0.0109248389093,0.00977147297776,0,0,0,0,0,0,0
0.00537,0.0127406400487,0.0104026890386,0.0119743321875,0.0109310197503,0.00977700129001,0,0,0,0,0,0,0
0.00538,0.01275128803,0.0104113830789,0.0119810539811,0.0109371558803,0.00978248961151,0,0,0,0,0,0,0
0.00539,0.012761893964,0.0104200427878,0.0119877268698,0.0109432473664,0.00978793800231,0,0,0,0,0,0,0
0.0054,0.0127724578632,0.0104286681753,0.0119943509273,0.0109492942758,0.00979334652258,0,0,0,0,0,0,0
0.00541,0.01278297974,0.0104372592518,0.0120009262273,0.0109552966761,0.00979871523259,0,0,0,0,0,0,0
0.00542,0.0127934596067,0.0104458160271,0.0120074528439,0.0109612546347,0.00980404419273,0,0,0,0,0,0,0
0.00543,0.0128038974753,0.0104543385111,0.0120139308512,0.0109671682192,0.00980933346351,0,0,0,0,0,0,0
0.00544,0.0128142933578,0.0104628267137,0.0120203603233,0.0109730374974,0.00981458310552,0,0,0,0,0,0,0
0.00545,0.0128246472661,0.0104712806443,0.0120267413347,0.0109788625372,0.0098197931795,0,0,0,0,0,0,0
0.00546,0.0128349592116,0.0104797003126,0.0120330739599,0.0109846434066,0.00982496374628,0,0,0,0,0,0,0
0.00547,0.012845229206,0.0104880857279,0.0120393582734,0.0109903801737,0.00983009486679,0,0,0,0,0,0,0
0.00548,0.0128554572605,0.0104964368995,0.0120455943501,0.0109960729068,0.00983518660208,0,0,0,0,0,0,0
0.00549,0.0128656433863,0.0105047538364,0.0120517822648,0.0110017216743,0.00984023901331,0,0,0,0,0,0,0
0.0055,0.0128757875946,0.0105130365477,0.0120579220927,0.0110073265446,0.00984525216174,0,0,0,0,0,0,0
0.00551,0.0128858898961,0.0105212850424,0.0120640139088,0.0110128875865,0.00985022610877,0,0,0,0,0,0,0
0.00552,0.0128959503017,0.0105294993291,0.0120700577884,0.0110184048685,0.00985516091586,0,0,0,0,0,0,0
0.00553,0.0129059688219,0.0105376794166,0.0120760538071,0.0110238784597,0.00986005664461,0,0,0,0,0,0,0
0.00554,0.0129159454672,0.0105458253134,0.0120820020404,0.0110293084289,0.00986491335671,0,0,0,0,0,0,0
0.00555,0.012925880248,0.010553937028,0.0120879025639,0.0110346948453,0.00986973111399,0,0,0,0,0,0,0
0.00556,0.0129357731745,0.0105620145687,0.0120937554535,0.011040037778,0.00987450997834,0,0,0,0,0,0,0
0.00557,0.0129456242568,0.0105700579437,0.0120995607851,0.0110453372965,0.00987925001179,0,0,0,0,0,0,0
0.00558,0.0129554335047,0.010578067161,0.0121053186349,0.0110505934702,0.00988395127647,0,0,0,0,0,0,0
0.00559,0.0129652009281,0.0105860422289,0.0121110290791,0.0110558063687,0.00988861383461,0,0,0,0,0,0,0
0.0056,0.0129749265367,0.010593983155,0.012116692194,0.0110609760617,0.00989323774855,0,0,0,0,0,0,0
0.00561,0.01298461034,0.0106018899473,0.0121223080561,0.0110661026189,0.00989782308073,0,0,0,0,0,0,0
0.00562,0.0129942523474,0.0106097626133,0.0121278767419,0.0110711861103,0.0099023698937,0,0,0,0,0,0,0
0.00563,0.0130038525682,0.0106176011608,0.0121333983283,0.011076226606,0.00990687825012,0,0,0,0,0,0,0
0.00564,0.0130134110115,0.0106254055971,0.0121388728921,0.0110812241762,0.00991134821275,0,0,0,0,0,0,0
0.00565,0.0130229276865,0.0106331759297,0.0121443005103,0.0110861788911,0.00991577984446,0,0,0,0,0,0,0
0.00566,0.013032402602,0.0106409121658,0.0121496812601,0.0110910908211,0.0099201732082,0,0,0,0,0,0,0
0.00567,0.0130418357669,0.0106486143127,0.0121550152185,0.0110959600367,0.00992452836705,0,0,0,0,0,0,0
0.00568,0.0130512271898,0.0106562823774,0.0121603024631,0.0111007866086,0.0099288453842,0,0,0,0,0,0,0
0.00569,0.0130605768793,0.0106639163669,0.0121655430714,0.0111055706075,0.00993312432291,0,0,0,0,0,0,0
0.0057,0.0130698848439,0.0106715162881,0.0121707371209,0.0111103121043,0.00993736524657,0,0,0,0,0,0,0
0.00571,0.0130791510918,0.0106790821479,0.0121758846894,0.0111150111699,0.00994156821866,0,0,0,0,0,0,0
0.00572,0.0130883756314,0.0106866139529,0.0121809858548,0.0111196678755,0.00994573330278,0,0,0,0,0,0,0
0.00573,0.0130975584707,0.0106941117098,0.0121860406951,0.0111242822923,0.0099498605626,0,0,0,0,0,0,0
0.00574,0.0131066996178,0.0107015754252,0.0121910492884,0.0111288544916,0.00995395006193,0,0,0,0,0,0,0
0.00575,0.0131157990806,0.0107090051054,0.012196011713,0.0111333845447,0.00995800186466,0,0,0,0,0,0,0
0.00576,0.0131248568668,0.0107164007569,0.0122009280473,0.0111378725233,0.00996201603477,0,0,0,0,0,0,0
0.00577,0.0131338729842,0.0107237623859,0.0122057983697,0.0111423184991,0.00996599263636,0,0,0,0,0,0,0
0.00578,0.0131428474403,0.0107310899987,0.0122106227589,0.0111467225437,0.00996993173364,0,0,0,0,0,0,0
0.00579,0.0131517802428,0.0107383836013,0.0122154012936,0.0111510847291,0.00997383339089,0,0,0,0,0,0,0
0.0058,0.0131606713989,0.0107456431999,0.0122201340527,0.0111554051273,0.00997769767251,0,0,0,0,0,0,0
0.00581,0.0131695209159,0.0107528688003,0.0122248211152,0.0111596838104,0.009981524643,0,0,0,0,0,0,0
0.00582,0.0131783288011,0.0107600604085,0.0122294625602,0.0111639208506,0.00998531436695,0,0,0,0,0,0,0
0.00583,0.0131870950617,0.0107672180302,0.0122340584669,0.0111681163202,0.00998906690906,0,0,0,0,0,0,0
0.00584,0.0131958197045,0.0107743416713,0.0122386089147,0.0111722702917,0.00999278233412,0,0,0,0,0,0,0
0.00585,0.0132045027366,0.0107814313373,0.012243113983,0.0111763828377,0.00999646070703,0,0,0,0,0,0,0
0.00586,0.0132131441648,0.0107884870338,0.0122475737515,0.0111804540307,0.0100001020928,0,0,0,0,0,0,0
0.00587,0.0132217439958,0.0107955087665,0.0122519882999,0.0111844839436,0.0100037065564,0,0,0,0,0,0,0
0.00588,0.0132303022363,0.0108024965406,0.012256357708,0.0111884726492,0.0100072741632,0,0,0,0,0,0,0
0.00589,0.013238818893,0.0108094503617,0.0122606820558,0.0111924202206,0.0100108049784,0,0,0,0,0,0,0
0.0059,0.0132472939723,0.010816370235,0.0122649614233,0.0111963267308,0.0100142990674,0,0,0,0,0,0,0
0.00591,0.0132557274807,0.0108232561657,0.0122691958908,0.0112001922531,0.0100177564956,0,0,0,0,0,0,0
0.00592,0.0132641194245,0.0108301081591,0.0122733855385,0.0112040168607,0.0100211773286,0,0,0,0,0,0,0
0.00593,0.01327246981,0.0108369262203,0.012277530447,0.0112078006271,0.0100245616322,0,0,0,0,0,0,0
0.00594,0.0132807786434,0.0108437103544,0.0122816306966,0.0112115436258,0.010027909472,0,0,0,0,0,0,0
0.00595,0.0132890459308,0.0108504605663,0.0122856863682,0.0112152459305,0.010031220914,0,0,0,0,0,0,0
0.00596,0.0132972716783,0.010857176861,0.0122896975424,0.0112189076149,0.010034496024,0,0,0,0,0,0,0
0.00597,0.0133054558919,0.0108638592434,0.0122936643003,0.0112225287528,0.0100377348683,0,0,0,0,0,0,0
0.00598,0.0133135985774,0.0108705077183,0.0122975867227,0.0112261094182,0.0100409375128,0,0,0,0,0,0,0
0.00599,0.0133216997409,0.0108771222906,0.0123014648909,0.0112296496852,0.0100441040238,0,0,0,0,0,0,0
0.006,0.013329759388,0.0108837029649,0.0123052988861,0.0112331496279,0.0100472344678,0,0,0,0,0,0,0
